Sr. No.,Sector Name,Line Ministry,Implementing Agency,Project Code,Project Name,"Original Cost
(in cr.)","Revised Cost
(in cr.)","Expenditure
(in cr.)","Physical Progress
(in %)","Original
Date of Commissioning","Revised
Date of Commissioning",Sanction Date
1,Aviation & Aviation Infrastructure,Ministry of Civil Aviation,Airport Authority of India [AAI],706718,C/o NITB Imphal Airport,499,499,161.3,43,13-07-2024,31-12-2026,01-11-2021
2,Aviation & Aviation Infrastructure,Ministry of Civil Aviation,Airport Authority of India [AAI],701121,Construction of New Domestic Terminal Building at Rajahmundry Airport.,347,0,135.95,73,13-08-2025,31-03-2026,30-12-2022
3,Aviation & Aviation Infrastructure,Ministry of Civil Aviation,Airport Authority of India [AAI],701101,"Construction of New Domestic Terminal Building [Phase-I and II] and other allied structures at JPNI Airport, Patna",1217,1216.9,1182.02,97,31-05-2026,31-05-2026,27-12-2018
4,Aviation & Aviation Infrastructure,Ministry of Civil Aviation,Airport Authority of India [AAI],612788,Construction of New Domestic Terminal Building and Miscellaneous Works at Belagavi Airport.,322,0,170.49,74,01-02-2026,30-04-2026,02-06-2023
5,Aviation & Aviation Infrastructure,Ministry of Civil Aviation,Airport Authority of India [AAI],612787,Construction of New Domestic Terminal Building and Miscellaneous works at Hubli Airport,320,0,112.06,64,21-01-2026,30-06-2026,02-06-2023
6,Aviation & Aviation Infrastructure,Ministry of Civil Aviation,Airport Authority of India [AAI],612786,"Construction of New Domestic Terminal Building Building and miscellaneous works including maintenance, operations and AICMC at Kadapa Airport",266,0,97.14,50,27-01-2026,31-05-2026,10-03-2023
7,Aviation & Aviation Infrastructure,Ministry of Civil Aviation,Airport Authority of India [AAI],701128,Construction of New Integrated Passenger Terminal Building at Udaipur Airport,887,887,479.75,59,10-03-2026,26-09-2026,21-06-2023
8,Aviation & Aviation Infrastructure,Ministry of Civil Aviation,Airport Authority of India [AAI],701107,Construction of New Integrated Terminal Building and associated works including apron to park 3 code E type of aircraft or 6 code C type of aircraft at Vijayawada Airport.,612,611.8,523.14,87,04-09-2022,31-07-2026,17-06-2020
9,Aviation & Aviation Infrastructure,Ministry of Civil Aviation,Airport Authority of India [AAI],701127,Construction of New Passenger Terminal Building for Domestic Operations at Jodhpur Airport.,480,480,331.35,95,31-03-2026,31-01-2026,01-06-2022
10,Aviation & Aviation Infrastructure,Ministry of Civil Aviation,Airport Authority of India [AAI],611047,"Construction of NTB complex including apron, taxi track and other associated civil works and electrical & mechanical installations towards Tawi River side at CA Jammu.",861,861.37,271.48,46,21-06-2026,21-06-2026,10-10-2023
11,Aviation & Aviation Infrastructure,Ministry of Civil Aviation,Airport Authority of India [AAI],400010,"Construction of Terminal Building & Associated works at Leh Airport, Ladakh",480,640,492.21,78,14-09-2021,31-07-2026,27-07-2018
12,Aviation & Aviation Infrastructure,Ministry of Civil Aviation,Airport Authority of India [AAI],612789,"Development of additional RESA on either end on Runway 10-28 at Calicut Airport. Construction of embankment with slope protection, drainage system and associated works for additional RESA on either end on Runway 10-28",485,0,128.81,39,28-09-2025,30-06-2026,07-06-2023
13,Aviation & Aviation Infrastructure,Ministry of Civil Aviation,Airport Authority of India [AAI],701126,"Development of Dholera International Greenfield Airport , Gujarat",1305,1551,816.15,75,30-06-2026,30-06-2026,14-06-2022
14,Aviation & Aviation Infrastructure,Ministry of Civil Aviation,Airport Authority of India [AAI],619054,Development of Keshod Airport.,363,0,20.47,13,31-01-2027,,
15,Aviation & Aviation Infrastructure,Ministry of Civil Aviation,Airport Authority of India [AAI],701113,"Development of Lal Bahadur Shastri International airport, Varanasi including C/o New Terminal Building, Apron Extension, Runway Extension, PTT and allied works.",2870,0,446.45,22,20-07-2027,20-07-2027,04-07-2024
16,Aviation & Aviation Infrastructure,Ministry of Civil Aviation,Airport Authority of India [AAI],612194,Development of New Civil Enclave and associated works at Darbhanga Airport,912,0,290.1,53,11-07-2026,,03-07-2024
17,Aviation & Aviation Infrastructure,Ministry of Civil Aviation,Airport Authority of India [AAI],611495,Development of New Civil Enclave at Bagdogra Airport,1549,1549,380.97,17,07-03-2027,03-01-2027,29-08-2024
18,Aviation & Aviation Infrastructure,Ministry of Civil Aviation,Airport Authority of India [AAI],612183,Development of New Civil Enclave at Bihta,1413,0,0,1,31-03-2027,,28-08-2024
19,Aviation & Aviation Infrastructure,Ministry of Civil Aviation,Airport Authority of India [AAI],618977,"Development of New Greenfield Airport at Bundi, Kota Rajasthan.",1507,0,18.8,4,19-10-2027,,29-08-2025
20,Aviation & Aviation Infrastructure,Ministry of Civil Aviation,Airport Authority of India [AAI],701122,Development of New Integrated Civil Enclave at Agra Airport,579,0,154.3,32,04-07-2026,,18-06-2024
21,Aviation & Aviation Infrastructure,Ministry of Civil Aviation,Airport Authority of India [AAI],701105,Goa Airport Terminal Building Extension Project,256,255.69,154.3,98,09-12-2021,30-04-2026,09-11-2017
22,Aviation & Aviation Infrastructure,Ministry of Civil Aviation,Adani Airport Holdings Limited,706724,Guwahati Airport New Integrated Terminal Building Construction Project,1712,2520,2558.19,96,31-03-2025,31-03-2026,01-12-2016
23,Aviation & Aviation Infrastructure,Ministry of Civil Aviation,Airport Authority of India [AAI],611602,"Modernization of Chennai Airport, Phase II, Part 2",1207,0,230.44,29,31-07-2025,30-06-2026,14-05-2018
24,Aviation & Aviation Infrastructure,Ministry of Civil Aviation,Airport Authority of India [AAI],612791,"Re-Construction of Rigid portions of Secondary Runway, K and A Taxiway and Strengthening of C Taxiway at NSCBI Airport Kolkata.",328,0,111.43,53,02-10-2025,31-08-2026,04-03-2023
25,Aviation & Aviation Infrastructure,Ministry of Civil Aviation,Airport Authority of India [AAI],611570,"SITC of ATM Automation System and ASMGCS [Including SMR & MLAT] for Mumbai, Navi Mumbai, Jewar [earlier MOPA, without ASMGCS], HIAL & BIAL",500,0,358.76,77,11-09-2025,31-08-2026,18-12-2020
26,Aviation & Aviation Infrastructure,Ministry of Civil Aviation,Airport Authority of India [AAI],612793,"Widening of basic strip at Western Side of Runway Chainage 80m to 920m i/c slope stabilization Measures [Balance work] of uphill and Improvement of Storm Water Drainage System at Pakyong Airport, Sikkim on design & build basis [EPC] with integrated 10 years maintenance.",323,0,51.21,25,02-06-2026,,21-11-2023
27,Coal,Ministry of Coal,South Eastern Coalfields Limited [SECL],613800,JAGANNATHPUR OC RCE PROJECT,459,0,274.35,96,31-03-2025,31-03-2026,25-07-2016
28,Coal,Ministry of Coal,Ministry of Coal,611016,2.0 MTPA BHOJUDIH NLW WASHERY,385,0,359.08,97,30-09-2020,28-02-2026,08-12-2015
29,Coal,Ministry of Coal,Ministry of Coal,611017,2.5 MTPA PATHERDIH NLW WASHERY,334,0,151.13,51,30-04-2018,31-12-2026,31-10-2015
30,Coal,Ministry of Coal,Western Coalfields Limited [WCL],616223,ADASA UG TO OC MINE,316,0,208.69,86,31-03-2024,31-03-2026,16-11-2018
31,Coal,Ministry of Coal,Ministry of Coal,400148,AMADAND OCP[4.0MTY],869,0,279.78,75,31-03-2021,31-03-2027,05-03-2016
32,Coal,Ministry of Coal,Western Coalfields Limited [WCL],616229,AMAL GONDEGAON GHATROHANA EXPN,669,0,1.17,0,31-03-2029,,10-09-2024
33,Coal,Ministry of Coal,Ministry of Coal,611864,AMALAGAMATED NTST KUJAMA OCP 8.5MTY,4012,0,414.93,28,31-03-2030,,04-01-2023
34,Coal,Ministry of Coal,Western Coalfields Limited [WCL],615185,AMALGAMATED DHANKASA & JAMUNIA,399,0,98.57,67,31-03-2027,,19-09-2022
35,Coal,Ministry of Coal,Western Coalfields Limited [WCL],616050,AMALGAMATED INDER-KAMPTEE DEEP,236,0,132.1,98,31-03-2024,31-03-2026,22-09-2018
36,Coal,Ministry of Coal,Western Coalfields Limited [WCL],400177,AMALGAMATED YEKONA I & YEKONA,727,0,539,80,31-03-2025,31-03-2026,12-08-2015
37,Coal,Ministry of Coal,South Eastern Coalfields Limited [SECL],613798,AMERA OC RCE [1.0 MTY],336,0,90.07,42,31-03-2026,,04-02-2015
38,Coal,Ministry of Coal,South Eastern Coalfields Limited [SECL],613799,AMGAON OC RCE [1.0 MTY],316,0,188.72,78,31-03-2026,,25-07-2015
39,Coal,Ministry of Coal,Western Coalfields Limited [WCL],615916,AMLG GAURI PAUNI EXPANSION OC,1225,0,81.05,2,31-03-2030,,26-04-2024
40,Coal,Ministry of Coal,MCL - CIL,616233,BALABHADRA OCP,978,0,214.56,12,31-03-2030,,19-04-2023
41,Coal,Ministry of Coal,Mahanadi Coalfields Limited [MCL],400183,BALARAM EXPANSION OCP,3504,0,976.35,53,31-03-2029,,04-08-2020
42,Coal,Ministry of Coal,Western Coalfields Limited [WCL],615330,BALLARPUR NORTH WEST OC MINE,361,0,0.02,4,31-03-2029,,16-12-2022
43,Coal,Ministry of Coal,South Eastern Coalfields Limited [SECL],400149,BAROUD OC EXPANSION [3.0-10.0M,2310,0,958.18,55,31-03-2029,,04-08-2020
44,Coal,Ministry of Coal,MCL - CIL,615193,BASUNDHARA WEST EXTENSION OPEN,479,0,275.1,66,31-03-2019,31-03-2029,07-05-2014
45,Coal,Ministry of Coal,Mahanadi Coalfields Limited [MCL],400392,BHARATPUR RE-ORGANIZATION OCP,2839,0,1678.4,48,31-03-2029,,12-11-2018
46,Coal,Ministry of Coal,Western Coalfields Limited [WCL],400033,BHATADI EXPANSION OC,581,0,86.77,33,31-03-2028,,11-02-2020
47,Coal,Ministry of Coal,MCL - CIL,616231,BHUBANESWARI EXPN OCP 50 MTY,5366,0,472.93,30,31-03-2033,,26-03-2024
48,Coal,Ministry of Coal,Northern Coalfields Limited [NCL],400369,BINA KAKRI AMALGAMATION EXPANS,836,0,831.11,89,31-03-2024,31-03-2027,25-08-2020
49,Coal,Ministry of Coal,Northern Coalfields Limited [NCL],400162,BLOCK B EXPANSION [3.5 TO 8.0,999,0,492.6,48,31-03-2023,31-03-2027,22-07-2019
50,Coal,Ministry of Coal,Ministry of Coal,616253,BLOCK E OCP,5851,0,20.32,4,31-03-2029,,26-03-2024
51,Coal,Ministry of Coal,Eastern Coal Fields Limited [ECL],400180,BONJEMEHARI EXPANSION OCP,570,570.11,83.47,17,31-03-2026,31-03-2030,10-08-2021
52,Coal,Ministry of Coal,Ministry of Coal,400138,CHANDRAGUPT OCP,974,0,440.75,24,31-03-2032,,04-08-2020
53,Coal,Ministry of Coal,Eastern Coal Fields Limited [ECL],400172,CHITRA EAST OC,514,0,230.98,53,31-03-2026,31-03-2028,11-08-2018
54,Coal,Ministry of Coal,Eastern Coal Fields Limited [ECL],616225,CHUPERBHITA SIMLONG OCP MDO 6,979,0,0,0,31-03-2037,,29-12-2023
55,Coal,Ministry of Coal,Western Coalfields Limited [WCL],400353,DHUPTALA OC [SASTI UG TO OC ],711,0,172.84,19,31-03-2028,,12-02-2019
56,Coal,Ministry of Coal,Western Coalfields Limited [WCL],400178,DINESH[MAKARDHOKRA-III] OC,823,0,630.25,34,31-03-2027,,11-02-2020
57,Coal,Ministry of Coal,South Eastern Coalfields Limited [SECL],400354,DIPKA EXPANSION OCP [40 MTY],5241,0,2872.57,37,31-03-2029,,24-12-2020
58,Coal,Ministry of Coal,Ministry of Coal,400156,EPR AMRAPALI OCP,5136,0,1264.89,42,31-03-2028,,11-02-2020
59,Coal,Ministry of Coal,Ministry of Coal,400155,EPR ASHOK OC,2898,0,185.05,26,31-03-2031,,10-05-2021
60,Coal,Ministry of Coal,Ministry of Coal,400154,EPR PUNDI OCP,713,0,236.58,10,31-03-2027,,11-11-2020
61,Coal,Ministry of Coal,Ministry of Coal,400153,EPR ROHINI - KARKETTA OCP,1020,0,84.94,21,31-03-2028,,18-01-2021
62,Coal,Ministry of Coal,Western Coalfields Limited [WCL],615331,GADEGAON OC 3 MTY,497,0,0.08,2,31-03-2030,,28-10-2023
63,Coal,Ministry of Coal,Western Coalfields Limited [WCL],615206,GANDHIGRAM UG MINE,414,0,18.05,56,31-03-2026,,31-08-2019
64,Coal,Ministry of Coal,Western Coalfields Limited [WCL],615917,GAURIDEEP/GAURI CENTRAL OCP 7.,973,0,1.04,0,31-03-2030,,08-08-2023
65,Coal,Ministry of Coal,South Eastern Coalfields Limited [SECL],400424,GEVRA OC [70 MTY],11816,0,6822.05,78,31-03-2023,31-03-2027,05-03-2016
66,Coal,Ministry of Coal,Western Coalfields Limited [WCL],615914,GHONSA EXPANSION DEEP OC MINE,185,0,14.88,5,31-03-2029,,23-03-2021
67,Coal,Ministry of Coal,Singareni Collieries Company Limited [SCCL],615860,Godavarikhani Coal Mine - 5,607,0,197.28,71,31-03-2025,31-03-2026,01-07-2019
68,Coal,Ministry of Coal,Western Coalfields Limited [WCL],615192,GOKUL EXTENSION OC MINE,310,0,48.32,8,31-03-2026,,23-04-2021
69,Coal,Ministry of Coal,Singareni Collieries Company Limited [SCCL],615862,Goleti Opencast Mine,346,0,99.09,28,31-03-2026,,01-07-2021
70,Coal,Ministry of Coal,MCL - CIL,400185,GOPALJI KANIHA OCP [10 TO 30 M,8416,6107.87,1750.64,31,31-03-2030,,25-04-2022
71,Coal,Ministry of Coal,MCL - CIL,616232,HINGULA II OC EXPN PH III 15 M,1562,0,275.56,26,31-03-2029,,07-11-2022
72,Coal,Ministry of Coal,ECL - CIL,400018,HURA C OCP,859,0,454.68,63,31-03-2029,,10-08-2022
73,Coal,Ministry of Coal,Singareni Collieries Company Limited [SCCL],615861,Indaram Opencast Project,425,0,405.17,80,31-03-2025,31-03-2026,01-08-2017
74,Coal,Ministry of Coal,Mahanadi Coalfields Limited [MCL],616226,INTEGRATED KULDA GARJANBAHAL O,3564,0,608.8,4,31-03-2033,,19-04-2023
75,Coal,Ministry of Coal,Mahanadi Coalfields Limited [MCL],400187,INTEGRATED LAKHANPUR-BELPAHAR-,2435,0,1897.72,72,31-03-2027,,22-05-2018
76,Coal,Ministry of Coal,Eastern Coal Fields Limited [ECL],612816,ITAPARA OCP,929,0,70.05,8,31-03-2030,,29-12-2023
77,Coal,Ministry of Coal,CCL - CIL,616236,JARANGDIH EXPN. OCP 1.5 MTY,414,0,85.6,33,31-03-2029,,03-02-2020
78,Coal,Ministry of Coal,Singareni Collieries Company Limited [SCCL],615818,Jawahar Khani Open Cast Mine,298,0,47.06,20,31-03-2025,31-03-2027,01-12-2021
79,Coal,Ministry of Coal,Northern Coalfields Limited [NCL],619032,JAYANT EXPN. [20 TO 38 MTPA],25560,0,27.5,0,31-03-2032,,27-02-2025
80,Coal,Ministry of Coal,Eastern Coal Fields Limited [ECL],400312,JHANJRA EXPANSION UG,1210,0,550.2,45,31-03-2029,,16-04-2020
81,Coal,Ministry of Coal,Ministry of Coal,400352,JHARKHAND-LAIYO OCP,765,0,145.81,29,31-03-2031,,25-08-2020
82,Coal,Ministry of Coal,South Eastern Coalfields Limited [SECL],613803,JHIRIA WEST OCP [1.5 MTY],367,0,34.12,41,31-03-2029,,30-01-2024
83,Coal,Ministry of Coal,Singareni Collieries Company Limited [SCCL],615865,Kakatiyakhani OC - 2 Project,442,0,231.61,63,31-03-2025,31-03-2026,19-08-2017
84,Coal,Ministry of Coal,Singareni Collieries Company Limited [SCCL],615858,Kalyanikhani Opencast Project,384,0,285.2,75,31-03-2026,,01-03-2016
85,Coal,Ministry of Coal,South Eastern Coalfields Limited [SECL],613802,KANCHAN OC EXP,371,0,144.61,58,31-03-2026,31-03-2028,17-12-2014
86,Coal,Ministry of Coal,Ministry of Coal,400074,KARO EXPANSION OCP,908,0,278.34,22,31-03-2029,,24-01-2022
87,Coal,Ministry of Coal,South Eastern Coalfields Limited [SECL],615191,KATKONA RO UG MINE,329,0,61.34,2,31-03-2029,,29-01-2023
88,Coal,Ministry of Coal,Northern Coalfields Limited [NCL],615183,KHADIA EXPANSION [10 TO 16 MTP,492,0,266.47,53,31-03-2025,31-03-2027,25-06-2021
89,Coal,Ministry of Coal,Western Coalfields Limited [WCL],617278,KOLARPIMPRI EXPANSION OC [2.5,630,0,0,0,31-03-2030,,05-06-2024
90,Coal,Ministry of Coal,Western Coalfields Limited [WCL],615199,KOLGAON EXPANSION DEEP OC MINE,199,0,18.17,2,31-03-2027,,28-01-2023
91,Coal,Ministry of Coal,Ministry of Coal,400073,KONAR EXPANSION OCP,799,0,429.61,46,31-03-2032,,24-01-2022
92,Coal,Ministry of Coal,Ministry of Coal,400139,KOTRE BASANTPUR PACHMO OCP,861,625.4,455.95,42,31-03-2032,,04-08-2020
93,Coal,Ministry of Coal,SECL - CIL,617287,KUSMUNDA OC EXPANSION PROJECT,4517,0,785.12,21,31-03-2030,,29-11-2024
94,Coal,Ministry of Coal,South Eastern Coalfields Limited [SECL],613801,MAHAMAYA OCP [1.50 MTY],410,0,183.99,54,31-03-2026,31-03-2028,24-05-2018
95,Coal,Ministry of Coal,Western Coalfields Limited [WCL],615189,MAKARDHOKRA EXPN OC 4.9 MTY,362,0,85.75,11,31-03-2026,,14-06-2022
96,Coal,Ministry of Coal,South Eastern Coalfields Limited [SECL],617288,MANIKPUR OC EXPANSION PROJECT,383,0,113.03,21,31-03-2029,,13-01-2025
97,Coal,Ministry of Coal,Bharat Coking Coal Limited [BCCL],400313,Master Plan for Jharia and Raniganj Coalfields,2662,0,794.33,43,11-08-2019,31-12-2028,12-08-2009
98,Coal,Ministry of Coal,Eastern Coal Fields Limited [ECL],400173,MOHANPUR EXPANSION OC -PHASE I,889,0,121.34,31,31-03-2026,31-03-2030,11-11-2020
99,Coal,Ministry of Coal,Ministry of Coal,400425,MOONIDIH XV SEAM UG,1230,0,649.78,82,31-03-2019,31-05-2026,12-08-2011
100,Coal,Ministry of Coal,Ministry of Coal,613808,MURAIDIH UG PROJECT,340,0,191,70,30-04-2014,31-12-2026,14-02-2011
101,Coal,Ministry of Coal,Western Coalfields Limited [WCL],615919,N. EXTN. MUNGOLI NIRGUDA D OCP,1025,0,175.75,0,31-03-2029,,05-06-2024
102,Coal,Ministry of Coal,Singareni Collieries Company Limited [SCCL],615857,Naini Coal Mine,494,0,491.33,80,31-03-2026,,01-03-2020
103,Coal,Ministry of Coal,Eastern Coal Fields Limited [ECL],400181,NAKRAKONDA KUMARDIH- B OCP,503,502.67,71.86,27,31-03-2029,,11-08-2018
104,Coal,Ministry of Coal,Western Coalfields Limited [WCL],615188,NEW MAJRI UG TO OC 3 MTY COST,402,0,63.1,24,31-03-2027,,25-05-2019
105,Coal,Ministry of Coal,Northern Coalfields Limited [NCL],400321,NIGAHI EXPANSION [15 TO 25 MTP,1730,0,880.24,48,31-03-2025,31-03-2028,11-11-2020
106,Coal,Ministry of Coal,Western Coalfields Limited [WCL],615982,NILJAI EXPANSION DEEP OCP,320,0,188.33,79,31-03-2022,31-03-2026,27-08-2016
107,Coal,Ministry of Coal,Ministry of Coal,400151,NORTH URIMARI EXPANSION OCP,779,0,602.95,68,31-03-2029,,12-07-2021
108,Coal,Ministry of Coal,NLC India Limited [NLCIL],400142,Pachwara South Coal Block,2243,0,1289.25,87,30-09-2028,,10-03-2016
109,Coal,Ministry of Coal,Eastern Coal Fields Limited [ECL],616230,PARASCOLE JAMBAD OCP,1194,0,10.9,0,31-03-2037,,29-11-2024
110,Coal,Ministry of Coal,Eastern Coal Fields Limited [ECL],613794,PARASEA-BELBAID UG PROJECT,389,0,132.48,22,31-03-2028,,31-01-2023
111,Coal,Ministry of Coal,South Eastern Coalfields Limited [SECL],616234,PELMA OC MDO,1725,0,15.91,40,31-03-2033,,14-10-2022
112,Coal,Ministry of Coal,South Eastern Coalfields Limited [SECL],400144,PORDA CHIMTAPANI OCP [10 MTY],2310,0,92.68,10,31-03-2029,,24-12-2020
113,Coal,Ministry of Coal,Ministry of Coal,400160,RAJRAPPA RCE OCP,511,0,488.71,77,31-03-2016,31-03-2027,23-12-2009
114,Coal,Ministry of Coal,South Eastern Coalfields Limited [SECL],400152,RAMPUR BATURA OCP [4.0MTY],1249,0,498.6,44,31-03-2026,,22-07-2019
115,Coal,Ministry of Coal,Bharat Coking Coal Limited (BCCL),617416,"Revised Jharia Master Plan for Dealing with Fire, Subsidence & Rehabilitation of affected families in Jharia Coalfield- Reg.",5940,0,29.81,21,31-12-2028,,25-06-2025
116,Coal,Ministry of Coal,SECL - CIL,619053,RPR FOR RAMPUR BATURA OCP,1605,0,0,0,31-03-2030,,30-05-2025
117,Coal,Ministry of Coal,Ministry of Coal,400150,RPR MAGADH EXP OCP,7254,0,1618.78,38,31-03-2028,,04-08-2020
118,Coal,Ministry of Coal,Western Coalfields Limited [WCL],615918,RPR OF BHANEGAON OC,405,0,15.55,7,31-03-2028,,02-02-2017
119,Coal,Ministry of Coal,Western Coalfields Limited [WCL],615187,RPR OF VISHNUPURI UG TO OC,221,0,0,11,31-03-2029,,04-11-2022
120,Coal,Ministry of Coal,Western Coalfields Limited [WCL],613804,RPR TAWA-III UG 0.84 MTY,314,0,6.09,17,31-03-2027,,28-12-2021
121,Coal,Ministry of Coal,Ministry of Coal,400136,SANGHMITRA OC,2660,0,6.57,16,31-03-2032,,26-03-2024
122,Coal,Ministry of Coal,Western Coalfields Limited [WCL],615184,SAONER UG MINE -1 EXPANSION 1.,229,0,146.08,68,31-03-2028,,31-01-2022
123,Coal,Ministry of Coal,Western Coalfields Limited [WCL],619055,SAONER-III EXPN UG MINE 1.54,444,0,0,0,31-03-2032,,25-08-2025
124,Coal,Ministry of Coal,Western Coalfields Limited [WCL],615186,SASTI EXPANSION OPENCAST,319,0,98.25,20,31-03-2026,,04-08-2020
125,Coal,Ministry of Coal,Western Coalfields Limited [WCL],615195,SHARDA UG MINE,166,0,5.13,9,31-03-2028,,29-07-2022
126,Coal,Ministry of Coal,Eastern Coal Fields Limited [ECL],613793,SHYAMSUNDARPUR UG INCLUDING SA,484,0,63.66,16,31-03-2026,31-03-2028,16-04-2020
127,Coal,Ministry of Coal,Mahanadi Coalfields Limited [MCL],400166,SIARMAL OCP,5195,0,3462.83,57,31-03-2029,,02-02-2021
128,Coal,Ministry of Coal,ECL - CIL,400182,SIDULI [OC & UG],535,535.17,5.59,14,31-03-2027,31-03-2030,22-05-2018
129,Coal,Ministry of Coal,Western Coalfields Limited [WCL],615190,SINGHORI DEEP OC MIN 2.0 MTY,336,0,39.08,6,31-03-2029,,05-05-2022
130,Coal,Ministry of Coal,Ministry of Coal,615822,SIRKA OC,223,0,140.58,53,31-03-2028,,04-05-2020
131,Coal,Ministry of Coal,Eastern Coal Fields Limited [ECL],400315,SONEPUR BAZARI EXPANSION OCP [,5366,0,599.41,18,31-03-2029,,28-07-2021
132,Coal,Ministry of Coal,Mahanadi Coalfields Limited [MCL],400165,SUBHADRA OCP,1694,0,1326.85,43,23-04-2032,,29-05-2021
133,Coal,Ministry of Coal,NLC India Limited [NLCIL],618982,Talabira II & III OCP - FMC,522,0,322.61,70,10-06-2026,,31-10-2022
134,Coal,Ministry of Coal,Ministry of Coal,615349,TAPIN SOUTH EXPN,230,0,22.02,21,31-03-2028,,04-11-2020
135,Coal,Ministry of Coal,Ministry of Coal,615843,TETARIAKHAR OC,244,0,49.54,30,31-03-2025,31-03-2027,04-11-2019
136,Coal,Ministry of Coal,MIS MoCoal Integration Logins,615820,TIKAK EXTENSION OCP,160,0,81.47,88,04-07-2031,,05-07-2022
137,Coal,Ministry of Coal,Eastern Coal Fields Limited [ECL],400186,TILABONI UG,749,749.07,52.89,11,31-03-2029,,31-01-2023
138,Coal,Ministry of Coal,MIS MoCoal Integration Logins,615821,TIRAP OCP,289,0,105.61,3,27-11-2030,,28-11-2022
139,Coal,Ministry of Coal,Western Coalfields Limited [WCL],616044,UKNI DEEP OC MINE -COST PLUS,237,0,165.99,87,31-03-2021,31-03-2026,16-11-2018
140,Coal,Ministry of Coal,Western Coalfields Limited [WCL],615194,URDHAN EXPANSION OC COST PLUS,207,0,27.19,1,31-03-2031,,29-07-2022
141,Coal,Ministry of Coal,Singareni Collieries Company Limited [SCCL],615863,Venkatesh Khani Coal Mine,484,0,477.14,97,31-03-2026,,01-10-2020
142,Coal,Ministry of Coal,Western Coalfields Limited [WCL],617233,WAGHODA UG MINE [1.02 MTY],379,0,0,0,31-03-2030,,29-01-2024
143,Coal,Ministry of Power,National Thermal Power Corporation [NTPC],603293,Badam Coal Mining project of NTPC,502,784,399.59,59,31-12-2056,01-04-2027,01-02-2019
144,Coal,Ministry of Power,Damodar Valley Corporation,400192,Tubed Coal Mine,1581,0,599.74,36,31-05-2026,31-05-2026,10-07-2016
145,Construction,Ministry of Housing & Urban Affairs,Central Public Works Department - CPWD,617412,"Construction of One Tower of Office Complex and another Tower of Residential quarters consisting of 10Nos. Type-V, 10Nos. Type-VI & 1No.Type-VII Quarters i/c internal water supply, sanitary installation and all development and bulk services, Horticulture works on EPC Mode-I basis i/c comprehensive operation and maintenance of Civil, E&M services for 7 years after completion of original construction work for Ranga Reddy, Secunderabad, Medchal, AuditI, Audit-II Commissionerates of Central Tax at Khajaguda, Serilingampally, Hyderabad.",644,0,127.46,15,27-09-2027,,19-03-2024
146,Construction,Ministry of Mines,Central Public Works Department (CPWD),617280,"Construction of Basement + Ground Floor+ 10 Storeyed building for State of the Art Director General, GSI Building at plot No.GN-40, Sector-V, Salt Lake, Kolkata",255,0,94.91,52,31-08-2026,,16-04-2019
147,Education,Department of Higher Education,NIT Rourkela,619033,"1000 seater Boys hostel, 500 seater Girls hostel, 1.5 MLD Sewage Treatment Plant and Faculty Residence - 72 nos. Flats",199,0,31.48,33,30-06-2026,,
148,Education,Department of Higher Education,NIT Patna,606013,Additional Campus of NITPatna,499,0,446.99,97,31-07-2024,31-01-2026,22-07-2022
149,Education,Department of Higher Education,Banaras Hindu University,606479,Banaras Hindu University [ Kayakalp of Institute of Medical Sciences],246,0,200.11,97,30-09-2022,31-03-2026,22-06-2020
150,Education,Department of Higher Education,National Institute of Technology Uttarakhand,611963,"Construction & Development of Infrastructural Facilities in the main campus of NIT Uttarakhand at Sumari, Pauri Garhwal",651,0,308.05,43,30-09-2027,,30-06-2020
151,Education,Department of Higher Education,"National Institute of Technology, Meghalaya",612885,Construction and Developement of National Institute of Technology Meghalaya Permanent Campus at Sohra,495,429.7,362.48,92,31-03-2022,31-10-2026,17-09-2009
152,Education,Department of Higher Education,Central University of Punjab,617221,"Construction of Girls Hostel 400 seater, Boys Hostel 600 seater, Academic Block, International Hostel 100 seater, VC Residence and Purchase of Equipment",211,0,39.12,24,03-10-2027,,01-08-2024
153,Education,Department of Higher Education,"Indian Institute of Management, Jammu",602098,"Construction of Permanent Campus for IIM Jammu Phase-1 at Jagti, Nagrota, Jammu, J&K",425,500.91,484.52,96,30-06-2023,30-11-2025,01-03-2019
154,Education,Department of Higher Education,INDIAN INSTITUTE OF TECHNOLOGY PALAKKAD,606431,CONSTRUCTION OF PERMANENT CAMPUS FOR IIT PALAKKAD UNDER PHASE 1A,1006,1217.4,663.4,82,07-06-2022,30-06-2026,01-07-2017
155,Education,Department of Higher Education,NIT Mizoram,612876,"Construction of Permanent Campus for NIT Mizoram at Lengpui, Aizawl",474,474.23,167.55,4,31-12-2029,31-03-2022,17-09-2009
156,Education,Department of Higher Education,Central Tribal University of Andhra Pradesh,613008,Construction of Permanent Campus of Central Tribal University of Andhra Pradesh Phase-1,305,0,62.16,40,26-06-2027,,18-09-2019
157,Education,Department of Higher Education,Central University of Gujarat,612916,"Construction of permanent campus of Central University of Gujarat at Village kundhela, Dist. Vadodara, Gujarat.",491,0,319.74,83,31-03-2025,31-03-2026,28-12-2020
158,Education,Department of Higher Education,"Central University, Himachal Pradesh",612894,"Construction of Permanent Campus of Central University of Himachal Pradesh at Dehra, District - Kangra, [H.P.] on Engineering. Procurement and Construction [EPC Mode 1] Basis.",252,300.45,223.36,84,18-11-2024,25-03-2026,10-03-2021
159,Education,Department of Higher Education,"Indian intitue of Management, Amritsar",605292,"Construction of Permanent Campus of Indian Institute of Management [IIM] Amritsar, Punjab, Phase-I",348,0,290.39,91,30-06-2023,30-09-2026,01-10-2019
160,Education,Department of Higher Education,"National Institute of Technology, Arunachal Pradesh",612898,Construction of Permanent Campus of National Institute of Technology Arunachal Pradesh,593,0,550.61,80,31-08-2026,31-08-2024,17-09-2009
161,Education,Department of Higher Education,"Indian Institute of Technology, Hyderabad",609996,Construction of Precast housing and hostels at IIT Hyderabad,262,0,200.11,83,23-10-2024,01-01-2026,29-09-2022
162,Education,Department of Higher Education,Sikkim University,609736,"Construction of Sikkim University Campus Phase-I Package-II at Yangang, South Sikkim",314,0,278.69,89,04-01-2025,31-03-2026,01-08-2020
163,Education,Department of Higher Education,Delhi University,616886,Delhi University Eastern Campus at Surajmal Vihar,373,0,27.63,10,31-10-2026,,30-09-2024
164,Education,Department of Higher Education,NIT Nagaland,613013,Establishment of NIT Nagaland,276,0,261.7,98,31-12-2025,,17-09-2009
165,Education,Department of Higher Education,"National Institute of Technology, Puducherry",612877,Establishment of NIT Puducherry Permanent Campus [Phase-I and Phase-II],618,544.34,530.88,98,31-12-2024,31-05-2026,17-09-2009
166,Education,Department of Higher Education,NIT Sikkim,612883,Establishment of Permanent Campus of NIT SIkkim at Khamdong-Gangtok District,686,610.76,171.56,25,12-02-2028,31-12-2026,12-02-2024
167,Education,Department of Higher Education,"Indian Institute of Management, Sirmaur",602099,Establishment of Permanent campus Phase 1 of IIM Sirmaur,393,454.78,329.07,95,31-10-2023,28-02-2026,17-09-2018
168,Education,Department of Higher Education,"Indian Institute of Technology, Kharagpur",609019,"HEFA projects on development of student hostels, playgrounds, departmental buildings, class room complex and other campus facilities in IIT Kharagpur",500,442,403.6,93,31-03-2023,31-03-2026,25-06-2018
169,Education,Department of Higher Education,"Indian Institute of Technology, Mandi",612128,Hostel blocks & dining hall block,167,0,102.52,78,26-03-2026,26-03-2026,28-03-2023
170,Education,Department of Higher Education,"Indian Institutes of Science Education and Research, Behrampur",610315,IISER BERHAMPUR,1229,843.09,835.6,98,31-03-2021,30-06-2026,24-10-2018
171,Education,Department of Higher Education,National Institute of Technology Delhi,612851,"Phase 1B - Construction of Academic Block, Hostel, Residential Tower, Directors Residence and External Development works at National Institute of Technology, Delhi Campus on Engineering, Procurement and Construction basis",333,336.42,304.15,98,30-09-2025,31-01-2026,17-09-2009
172,Education,Department of Higher Education,"Indian Institute of Technology, Bhilai",617877,Phase B of Construction of Permanent Campus of IIT Bhilai,1189,0,0,0,31-10-2028,,29-05-2025
173,Education,Department of Higher Education,INDIAN INSTITUTE OF TECHNOLOGY PALAKKAD,617878,Phase B of Construction of Permanent Campus of IIT Palakkad,1527,0,9.8,0,31-10-2028,,29-05-2025
174,Education,Department of Higher Education,"Indian Institute of Technology, Indore",611957,"Phase III A works at IIT Indore [03 Hostels, 01 Studio Apartment, 01 Housing, Heavy & Sophisticated lab complex, Academic POD and Infrastructure for center of excellence]",496,0,56.35,44,19-02-2027,,27-12-2023
175,Education,Department of Higher Education,Tezpur University,606112,Tezpur University Projects,154,0,125.03,97,08-11-2023,31-12-2025,29-05-2019
176,Education,Department of Sports,Department of Sports & Youth Affairs,400081,"National Sports University [NSU], Imphal [Manipur]",906,611.74,569.37,96,26-08-2024,08-08-2026,
177,Electricity Generation,Ministry of Coal,NLC India Limited [NLCIL],618992,100 MW SPP part of SECI 150 MW Hybrid,481,0,2.57,1,31-12-2026,,21-07-2022
178,Electricity Generation,Ministry of Coal,NLC India Limited [NLCIL],618991,200 MW SPP part of 510 MW CPSU scheme,1221,0,63.57,0,31-12-2026,,21-07-2022
179,Electricity Generation,Ministry of Coal,NLC India Limited [NLCIL],612819,300 MW SPP part of 510 MW CPSU scheme,1813,1813,1752.16,100,27-09-2024,31-12-2025,21-07-2022
180,Electricity Generation,Ministry of Coal,NLC India Limited [NLCIL],615327,50 MW Solar PP Minedout Area,218,0,166.55,100,31-03-2025,31-12-2025,05-08-2023
181,Electricity Generation,Ministry of Coal,NLC India Limited [NLCIL],617299,50 MW Wind Power Project,384,0,323.92,51,30-06-2025,31-01-2026,21-07-2022
182,Electricity Generation,Ministry of Coal,NLC India Limited [NLCIL],617730,600 MW Khavda Solar Power Project,3336,0,1378.51,28,30-06-2026,,01-08-2023
183,Electricity Generation,Ministry of Coal,NLC India Limited [NLCIL],400259,Ghatampur Thermal Power Plant 3 X 660 MW,17238,21780.9,20967.3,94,26-11-2020,25-03-2026,27-07-2016
184,Electricity Generation,Ministry of Coal,NLC India Limited [NLCIL],400231,NLC Talabira Thermal Power Project,27213,0,2616.26,1,31-03-2030,,25-01-2017
185,Electricity Generation,Ministry of Power,North Eastern Electric Power Corporation Limited,611699,186 MW Tato-I H E Project,1750,0,61.45,2,29-07-2029,,11-12-2024
186,Electricity Generation,Ministry of Power,North Eastern Electric Power Corporation Limited,611698,240MW Heo HE Project,1939,0,71.88,3,29-07-2029,,11-12-2024
187,Electricity Generation,Ministry of Power,Satluj Jal Vidyut Nigam [SJVN] Thermal Limited,602633,382 MW Sunni Dam HEP,2615,0,495.57,0,31-03-2027,,
188,Electricity Generation,Ministry of Power,Satluj Jal Vidyut Nigam [SJVN] Thermal Limited,709747,Bagodara Solar Power Project,339,0,317.59,51,31-12-2025,31-12-2025,26-03-2021
189,Electricity Generation,Ministry of Power,Satluj Jal Vidyut Nigam [SJVN] Thermal Limited,602579,Buxar Thermal Power Project [1320 MW],10439,13756.6,13009.5,93,08-01-2024,31-12-2025,08-03-2019
190,Electricity Generation,Ministry of Power,Satluj Jal Vidyut Nigam [SJVN] Thermal Limited,602582,Dhaulasidh Hydro Electric Project [66 MW],688,1561.21,1048.07,72,05-11-2025,31-03-2027,01-10-2020
191,Electricity Generation,Ministry of Power,National Hydroelectric Power Corporation Limited (NHPC),602182,Dibang Multipurpose Project,31876,0,3933.3,16,26-02-2032,26-02-2032,27-02-2023
192,Electricity Generation,Ministry of Power,National Thermal Power Corporation [NTPC],618976,"Gadarwara Super Thermal Power Project, Stage-II [2x800 MW]",20446,0,1229.69,5,31-03-2030,,05-11-2024
193,Electricity Generation,Ministry of Power,Damodar Valley Corporation,602538,Installation of FGD for 4x210 & 2x250 MW MTPS U 1-6,1037,1106,1123.79,94,22-01-2024,31-05-2026,25-06-2019
194,Electricity Generation,Ministry of Power,National Hydroelectric Power Corporation Limited [NHPC],602532,Kiru HE Project,4288,5409,3313.59,75,07-09-2023,31-12-2026,08-03-2019
195,Electricity Generation,Ministry of Power,Damodar Valley Corporation,611509,"Koderma Thermal Power Station Phase II [2X800 MW] At Koderma, Jharkhand",14358,0,1632.9,8,14-03-2029,,28-04-2023
196,Electricity Generation,Ministry of Power,National Hydroelectric Power Corporation Limited [NHPC],605155,Kwar HE Project,4526,0,1203.55,26,10-11-2026,31-03-2028,10-05-2022
197,Electricity Generation,Ministry of Power,National Thermal Power Corporation [NTPC],611930,Lara Super Thermal Power Project Stage-II [2 x 800 MW],15530,16106,3622.38,23,30-06-2028,30-09-2028,29-08-2023
198,Electricity Generation,Ministry of Power,Satluj Jal Vidyut Nigam [SJVN] Thermal Limited,602593,Luhri Stage-I Hydro Electric Project [210 MW],1811,4681.64,1878.51,51,19-01-2026,28-02-2030,20-11-2020
199,Electricity Generation,Ministry of Power,National Thermal Power Corporation [NTPC],619051,"Nabinagar Super Thermal Power Project, Stage-II [3x800 MW]",29948,0,1930.24,6,31-07-2030,,05-11-2024
200,Electricity Generation,Ministry of Power,National Hydroelectric Power Corporation Limited [NHPC],602525,"Pakal Dul [Drangdhuran] Hydroelectric Project, 1000 MW",8112,12728,8057.69,77,27-04-2020,31-12-2026,28-10-2014
201,Electricity Generation,Ministry of Power,National Thermal Power Corporation [NTPC],400261,Patratu Thermal Power Station Expansion Project Phase-I [3x800 MW],18668,20302,18186,86,31-03-2023,28-02-2027,07-11-2017
202,Electricity Generation,Ministry of Power,Damodar Valley Corporation,400062,"Raghunathpur Thermal Power Station Phase II [2X660 MW] at Raghunathpur, Purulia, West Bengal",17673,0,1508.59,6,30-06-2029,,30-01-2023
203,Electricity Generation,Ministry of Power,National Thermal Power Corporation [NTPC],602184,Rammam-III HEPP [3x40 MW],1382,2865.56,1432.07,52,30-09-2019,31-03-2029,10-09-2014
204,Electricity Generation,Ministry of Power,National Hydroelectric Power Corporation Limited (NHPC),605156,Rangit-IV HE Project [120 MW] executed by Jal Power Corporation Ltd. [JPCL] - A wholly owned subsidiary of NHPC Ltd. acquired through NCLT,938,1828.11,1557.72,94,29-05-2024,28-12-2025,30-03-2021
205,Electricity Generation,Ministry of Power,National Hydroelectric Power Corporation Limited [NHPC],602535,"Ratle HE Project - 850 MW, Ratle Hydroelectric Power Corporation Limited.",5282,0,1415.21,27,10-02-2026,28-11-2028,11-02-2021
206,Electricity Generation,Ministry of Power,National Thermal Power Corporation [NTPC],612142,"Singrauli Super Thermal Power Project, Stage-III [2x800 MW]",17195,0,2458.83,13,28-02-2030,,03-03-2024
207,Electricity Generation,Ministry of Power,National Thermal Power Corporation [NTPC],617188,"Sipat Super Thermal Power Project, Stage-III [1x800 MW]",9791,0,1069.05,8,30-09-2029,,20-09-2024
208,Electricity Generation,Ministry of Power,National Hydroelectric Power Corporation Limited (NHPC),602096,Subansiri Lower HE Project [2000 MW],6285,26075.5,25826.4,97,08-09-2010,31-05-2026,09-09-2003
209,Electricity Generation,Ministry of Power,Satluj Jal Vidyut Nigam [SJVN] Thermal Limited,611586,Sunni Dam Hydro Electric Project [382 MW],2615,4925.87,1042.48,32,03-04-2028,31-12-2029,12-01-2023
210,Electricity Generation,Ministry of Power,National Thermal Power Corporation [NTPC],602961,Talcher Thermal Power Station Stage III [2 x 660 MW] Expansion,11844,12543,5442.33,44,31-05-2027,31-03-2028,25-08-2022
211,Electricity Generation,Ministry of Power,National Thermal Power Corporation [NTPC],602185,Tapovan-Vishnugad HEP [4x130 MW],2978,10907.3,7401.46,77,31-03-2013,30-04-2029,16-11-2006
212,Electricity Generation,Ministry of Power,National Hydroelectric Power Corporation Limited (NHPC),602181,"TEESTA-VI HE PROJECT, SIKKIM [500 MW], executed by LANCO TEESTA HYDRO POWER LIMITED [A wholly owned Subsidiary of NHPC LTD. acquired through NCLT]",5748,5748.04,4050.79,71,07-03-2024,31-12-2027,08-03-2019
213,Electricity Generation,Ministry of Power,THDC India Limited,602193,Tehri Pumped Storage Plant Project [4x250 MW],4826,8339,8189.07,99,16-06-2022,31-03-2026,08-07-2006
214,Electricity Generation,Ministry of Power,THDC India Limited,602195,Vishnugad Pipalkoti Hydro Electric Project [444 MW],3860,6405.08,5100.28,75,15-12-2022,30-09-2027,21-08-2008
215,Energy Storage,Ministry of Petroleum & Natural Gas,Ministry of Petroleum & Natural Gas,604833,"Andheri Residential Towers, Mumbai",281,389.67,247.89,57,31-05-2025,30-06-2026,27-06-2017
216,Energy Storage,Ministry of Petroleum & Natural Gas,Ministry of Petroleum & Natural Gas,617839,Capacity Augmentation of Kandla LPG Import Terminal [KLIT] from 0.6 MMTPA to 2.5 MMTPA,357,304.4,92.3,63,31-07-2026,31-07-2026,29-05-2023
217,Energy Storage,Ministry of Petroleum & Natural Gas,Ministry of Petroleum & Natural Gas,616235,Construction of Aviation Fuel farm Facilities at Bhogapuram Airport,240,240,146.17,91,31-03-2026,31-03-2026,28-08-2024
218,Energy Storage,Ministry of Petroleum & Natural Gas,Hindustan Petroleum Corporation Limited,709754,"Construction of LPG Facilities at Kamardanga, Assam",156,156.36,80.88,59,04-07-2027,04-07-2027,30-03-2023
219,Energy Storage,Ministry of Petroleum & Natural Gas,Indian Oil Corporation Limited [IOCL],400077,"Grass root POL Terminal at Vallur, Chennai",827,887.71,641.34,90,31-12-2024,31-03-2026,31-01-2022
220,Energy Storage,Ministry of Petroleum & Natural Gas,Indian Oil Corporation Limited [IOCL],400035,"Grass Root Rail-fed Depot at Sekerkote, Agartala as resitement of existing Dharmanagar Depot",656,656,500.52,94,30-09-2025,30-06-2026,28-06-2022
221,Energy Storage,Ministry of Petroleum & Natural Gas,Ministry of Petroleum & Natural Gas,604852,"Grass-root Terminal at Mirzapur, Uttar Pradesh",980,980.45,255.06,63,30-11-2026,30-11-2026,29-09-2022
222,Energy Storage,Ministry of Petroleum & Natural Gas,Ministry of Petroleum & Natural Gas,400012,Kandla Gorakhpur LPG Pipeline,10088,10088,8056.6,94,30-12-2021,31-03-2026,31-12-2018
223,Energy Storage,Ministry of Petroleum & Natural Gas,Ministry of Petroleum & Natural Gas,400043,Laying of POL Pipelines in Common Corridor for proposed grass root terminal at Vallur [Chennai],829,829,331.77,71,31-05-2026,31-05-2026,31-01-2022
224,Energy Storage,Ministry of Petroleum & Natural Gas,Ministry of Petroleum & Natural Gas,617829,LPG Bottling Plant at Mualkhang,226,225.71,16.57,26,10-10-2028,03-11-2027,04-07-2024
225,Energy Storage,Ministry of Petroleum & Natural Gas,"Department of Water Resources, River Development & GR",400301,Multi Product Pipeline from Irugur to Devangonthi,678,1732,943.82,78,25-02-2017,30-09-2026,09-11-2012
226,Energy Storage,Ministry of Petroleum & Natural Gas,Ministry of Petroleum & Natural Gas,400078,New Mundra Panipat Crude Oil Pipeline,9028,9028,7290.7,89,19-12-2024,30-06-2026,20-12-2021
227,Energy Storage,Ministry of Petroleum & Natural Gas,Ministry of Petroleum & Natural Gas,701349,Paradip-Numaligarh Crude Oil Pipeline [PNCPL] & Crude Oil Import Terminal [COIT] at Paradip,10228,11407,10463,90,27-07-2024,30-06-2026,28-01-2019
228,Energy Storage,Ministry of Petroleum & Natural Gas,Hindustan Petroleum Corporation Limited [HPCL],709759,"Petrochemical evacuation marketing terminal at Barmer, Rajasthan",461,461.05,178.98,76,06-12-2026,06-12-2026,07-12-2023
229,Energy Storage,Ministry of Petroleum & Natural Gas,MinistryofPetroleumNaturalGas,701263,Rajasthan Refinery Project,43129,79459,64516.3,90,31-10-2022,31-03-2026,09-10-2017
230,Energy Storage,Ministry of Petroleum & Natural Gas,Hindustan Petroleum Corporation Limited [HPCL],709755,"Setting up of new rail fed POL facility at Kamardanga, Assam",384,384.04,183.99,71,04-07-2027,04-07-2027,29-03-2023
231,Energy Storage,Ministry of Petroleum & Natural Gas,Ministry of Petroleum & Natural Gas,701343,Srikakulam Angul Gas Pipeline Project,2658,2810,2300.5,96,22-07-2022,30-06-2026,12-09-2019
232,Healthcare,Ministry of Health & Family Welfare,PMSSY AND Institute of NATIONAL Importance,701171,AIIMS Bibinagar,1028,1365.95,947.53,86,30-06-2026,30-06-2026,17-12-2018
233,Healthcare,Ministry of Health & Family Welfare,PMSSY AND Institute of NATIONAL Importance,701172,AIIMS Darbhanga,1264,0,0,0,30-09-2024,,
234,Healthcare,Ministry of Health & Family Welfare,PMSSY AND Institute of NATIONAL Importance,701167,AIIMS Kashmir at Awantipora Jammu & Kashmir,1828,2160.84,1504.97,73,02-12-2025,30-06-2026,10-01-2019
235,Healthcare,Ministry of Health & Family Welfare,PMSSY AND Institute of NATIONAL Importance,701173,AIIMS Majra Rewari Haryana,1299,1646.43,529.46,51,31-12-2026,31-12-2026,28-02-2019
236,Healthcare,Ministry of Health & Family Welfare,PMSSY AND Institute of NATIONAL Importance,701170,AIIMS Rajkot,1195,0,775.1,93,31-03-2026,31-03-2026,10-01-2019
237,Healthcare,Ministry of Health & Family Welfare,PMSSY AND Institute of NATIONAL Importance,701168,ALL India Institute of Medical Sciences-AIIMS Madurai,1264,2021.51,387.07,46,31-08-2022,31-10-2026,17-12-2018
238,Healthcare,Ministry of Health & Family Welfare,"Medical Education, Ministry of Health and Family Welfare",707022,Establishment of new GMC Chaibasa [Singhbhum],250,454.1,5,42,09-09-2025,,15-06-2018
239,Healthcare,Ministry of Health & Family Welfare,"Medical Education, Ministry of Health and Family Welfare",707039,Establishment of new GMC Gangtok,250,635.21,645.21,88,31-12-2026,,06-10-2018
240,Healthcare,Ministry of Health & Family Welfare,"Medical Education, Ministry of Health and Family Welfare",707070,Establishment of new GMC Hoshiarpur,325,374.75,0,0,31-12-2028,,27-01-2020
241,Healthcare,Ministry of Health & Family Welfare,"Medical Education, Ministry of Health and Family Welfare",707020,Establishment of new GMC Jamui,250,500,86.21,29,06-10-2025,,07-03-2019
242,Healthcare,Ministry of Health & Family Welfare,"Medical Education, Ministry of Health and Family Welfare",707046,Establishment of new GMC Kanker,325,325,20,48,31-03-2027,,19-02-2020
243,Healthcare,Ministry of Health & Family Welfare,"Medical Education, Ministry of Health and Family Welfare",707069,Establishment of new GMC Kapurthala,325,550,0,0,31-12-2028,,27-11-2019
244,Healthcare,Ministry of Health & Family Welfare,"Medical Education, Ministry of Health and Family Welfare",707021,Establishment of new GMC Koderma,250,504.8,255,26,19-08-2026,,05-09-2023
245,Healthcare,Ministry of Health & Family Welfare,"Medical Education, Ministry of Health and Family Welfare",707044,Establishment of new GMC Korba,325,322.85,158.49,45,31-12-2026,,24-02-2023
246,Healthcare,Ministry of Health & Family Welfare,"Medical Education, Ministry of Health and Family Welfare",707045,Establishment of new GMC Mahasamund,325,0,302.5,75,31-05-2026,,19-10-2023
247,Healthcare,Ministry of Health & Family Welfare,"Medical Education, Ministry of Health and Family Welfare",707059,Establishment of new GMC Mandla,325,0,63.41,35,08-04-2026,,04-08-2023
248,Healthcare,Ministry of Health & Family Welfare,"Medical Education, Ministry of Health and Family Welfare",707049,Establishment of new GMC Panchmahal,325,663.5,425.34,33,31-03-2026,,20-09-2022
249,Healthcare,Ministry of Health & Family Welfare,"Medical Education, Ministry of Health and Family Welfare",707087,Establishment of new GMC Pithoragarh,325,768.89,313.08,70,31-12-2026,,25-08-2021
250,Healthcare,Ministry of Health & Family Welfare,"Medical Education, Ministry of Health and Family Welfare",707050,Establishment of new GMC Porbandar,325,618.98,918.64,62,30-09-2024,,05-04-2022
251,Healthcare,Ministry of Health & Family Welfare,"Medical Education, Ministry of Health and Family Welfare",707058,Establishment of new GMC Rajgarh,325,0,158,62,19-04-2024,,08-12-2021
252,Healthcare,Ministry of Health & Family Welfare,"Medical Education, Ministry of Health and Family Welfare",707086,Establishment of new GMC Rudrapur,325,0,261,30,31-12-2026,,04-10-2022
253,Healthcare,Ministry of Health & Family Welfare,PMSSY AND Institute of NATIONAL Importance,617883,"Redevelopment of Residential colonies at Ayur Vigyan Nagar and West Ansari Nagar campuses of AIIMS, New Delhi",4441,0,24.68,61,02-06-2027,,25-10-2016
254,Healthcare,Ministry of Health & Family Welfare,PMSSY AND Institute of NATIONAL Importance,617882,"Setting up IT Infrastructure including Network Security and Hosting at AIIMS, New Delhi",358,0,0,0,10-09-2026,,11-09-2025
255,Healthcare,Ministry of Labour and Employment,Employee's State Insurance Company [ESIC],612186,350 Bedded [Upgradable to 500 beds] ESI Hospital at Sanand,558,0,63.62,10,04-03-2026,08-05-2027,18-06-2022
256,Healthcare,Ministry of Labour and Employment,Employee's State Insurance Company [ESIC],612185,C/o Construction of 200 bedded [Up-gradable to 300 bedded] ESI Hospital at Surat Gujarat.,209,0,202.62,100,03-06-2025,15-01-2026,13-06-2019
257,Healthcare,Ministry of Labour and Employment,Employee's State Insurance Company [ESIC],612748,"Construction of 100 bed ESI Hospital and Staff Quarters [32 Nos.] at Harohalli, Karnataka",151,0,6.76,10,28-02-2027,,16-07-2019
258,Healthcare,Ministry of Labour and Employment,Employee's State Insurance Company [ESIC],612513,"Construction of 100 Bedded ESI Hospital at Duburi, Odisha.",165,0,16.4,7,09-06-2027,,10-12-2010
259,Healthcare,Ministry of Labour and Employment,Employee's State Insurance Company [ESIC],612178,"Construction of 100 Bedded ESIC Hospital building and 32 Nos Residential Quarters at Vallam Vadangal, SIPCOT, Sriperumbudur",153,177.01,119.22,99,12-06-2025,28-02-2026,18-02-2015
260,Healthcare,Ministry of Labour and Employment,Employee's State Insurance Company [ESIC],612745,"Construction of 200 bed ESI Hospital at Bommasandra, Karnataka",278,0,228.61,19,12-01-2027,28-05-2027,18-02-2015
261,Healthcare,Ministry of Labour and Employment,Employee's State Insurance Company [ESIC],612188,"Construction of 200 Bedded [Upgradable to 500 Bedded including 50 beds of SST] ESIC Hospital at Bibewadi, Pune",429,0,323.98,74,19-09-2025,21-02-2026,24-05-2018
262,Healthcare,Ministry of Labour and Employment,Employee's State Insurance Company [ESIC],612213,"Construction of 200 Bedded ESIC Hospital at Butibori, Nagpur, Maharashtra.",195,196.7,114.39,65,31-08-2025,30-09-2026,28-10-2013
263,Healthcare,Ministry of Labour and Employment,Employee's State Insurance Company [ESIC],612201,"Construction of 200 bedded ESIC Hospital with 62 Nos Staff quarters , Beltola",143,154.75,116.08,96,12-04-2025,28-02-2026,06-12-2017
264,Healthcare,Ministry of Labour and Employment,Employee's State Insurance Company [ESIC],612259,CONSTRUCTION OF 300 BEDDED HOSPITAL AT HARIDWAR,102,297.63,322.55,81,30-10-2024,31-03-2026,22-02-2021
265,Healthcare,Ministry of Labour and Employment,Employee's State Insurance Company [ESIC],612167,"Construction of 350 beds + 50 Super Specialty beds ESIC Hospital Sheelanagar, Visakhapatnam, Andhra Pradesh",384,0,167.37,70,09-10-2025,31-03-2026,22-02-2021
266,Healthcare,Ministry of Labour and Employment,Employee's State Insurance Company [ESIC],612211,"Demolition, Construction and upgradation of ESI Hospital, Kalol, Gujarat from 50 beds to 150 beds.",206,0,24.06,20,05-10-2025,30-06-2026,26-08-2022
267,Healthcare,Ministry of Labour and Employment,Employee's State Insurance Company [ESIC],616691,"Upgradation & Extension of ESIC Hospital and Construction of PG Hostel / Staff Housing for ESIC Hospital at Andheri, Mumbai",260,0,210.12,89,15-08-2025,30-09-2026,26-12-2008
268,Healthcare,"Ministry of Ports, Shipping and Waterways",Mumbai Port Trust [MPT],708662,Establishment of 600 bed super specialty hospital with optional development of Medical college and further expansion on PPP basis.,693,693,58,11,30-06-2026,31-12-2027,13-08-2019
269,Inland Waterways,"Ministry of Ports, Shipping and Waterways",Inland Waterways Authority of India [IWAI],611142,Fairway Development in West Bengal Farakka - Kahelgaon,177,197,383.41,100,31-07-2023,21-04-2024,01-01-2018
270,Inland Waterways,"Ministry of Ports, Shipping and Waterways",Inland Waterways Authority of India [IWAI],701565,Jal Marg Vikas Project,5369,5061.15,3766.21,76,31-12-2023,31-12-2025,03-01-2018
271,Logistics Infrastructure,Department for Promotion of Industry & Internal Trade,National Highways & Infrastructure Development Corporation Ltd. [NHIDCL],707410,Integrated Multi Modal Logistics Hub at Nangal Chaudhary in Haryana - Other Trunk Infrastructure Development Phase 1,763,0,430,60,31-12-2023,15-05-2028,16-05-2018
272,Metals & Mining,Ministry of Mines,National Aluminium Company Limited [NALCO],709832,25.5 MW WIND POWER PROJECT AT KAYATHAR IN TAMILNADU,166,0,135,66,31-03-2025,31-03-2026,27-09-2017
273,Metals & Mining,Ministry of Mines,Ministry of Mines,709830,CONVERSION OF FLAT BOTTOM SETTLERS AND WASHERS WITH A SINGLE TRAIN OF HRDS AND DCWS IN STREAMS 1 AND,355,581,163.55,12,30-11-2026,,
274,Metals & Mining,Ministry of Mines,National Aluminium Company Limited [NALCO],400141,Expansion of Alumina Refinery Plant with addition of 5th Stream having capacity enhancement of 1.0 Million Tonee Per Annum,4103,5677.4,4556.52,81,31-12-2022,30-06-2026,21-04-2017
275,Metals & Mining,Ministry of Mines,Hindustan Copper Limited [HCL],400426,Expansion of Malanjkhand Copper Project,1856,0,955.12,83,30-04-2020,30-04-2026,30-09-2011
276,Metals & Mining,Ministry of Mines,National Aluminium Company Limited [NALCO],400299,Pottangi Bauxite Mines Project,1381,1960.77,769.17,51,31-03-2025,31-05-2026,14-05-2018
277,Metals & Mining,Ministry of Mines,National Aluminium Company Limited [NALCO],709831,SOURCING OF BAUXITE ARRANGEMENT FOR 5TH STREAM ALUMINA REFINERY FROM SOUTH BLOCK MINING LEASE OF PANCHPATMAILI MINES,483,0,423.32,91,31-05-2025,30-06-2026,11-11-2017
278,Metals & Mining,Ministry of Steel,National Mineral Development Corporation Limited [NMDC],615202,Capacity expansion of Deposit-14 and 14 NMZ at Kirandul,1700,1756.2,170.13,11,31-12-2028,27-03-2028,12-08-2021
279,Oil & Gas,Ministry of Petroleum & Natural Gas,Hindustan Petroleum Corporation Limited [HPCL],400171,2G Ethanol Biorefinery at Bathinda,1421,1421.46,1234.54,95,18-02-2023,31-03-2026,19-05-2020
280,Oil & Gas,Ministry of Petroleum & Natural Gas,Ministry of Petroleum & Natural Gas,400168,"500 KTA PDHPP Project, Usar",8797,11256,7568.46,88,08-04-2025,30-06-2026,08-04-2021
281,Oil & Gas,Ministry of Petroleum & Natural Gas,MinistryofPetroleumNaturalGas,617822,ATF Pipeline from BPCLs Malkapur POL Installation to Hyderabad International airport,215,0,38.16,18,24-09-2027,,06-03-2025
282,Oil & Gas,Ministry of Petroleum & Natural Gas,Indian Oil Corporation Limited [IOCL],709782,ATF Pipeline from Jawaharlal Nehru Port Trust to Navi Mumbai International Airport,165,165,94.37,88,21-08-2025,31-03-2026,22-08-2022
283,Oil & Gas,Ministry of Petroleum & Natural Gas,Ministry of Petroleum & Natural Gas,617838,Augmentation of CCKPL and IDPL Pipelines capacity along with setting up of Palakkad TOP,1130,1130,212.67,27,31-08-2028,31-08-2028,12-09-2024
284,Oil & Gas,Ministry of Petroleum & Natural Gas,MinistryofPetroleumNaturalGas,709786,"Augmentation/ Revamping of Dimapur Depot, Dimapur",228,227.62,17.08,31,30-11-2027,30-11-2027,18-08-2023
285,Oil & Gas,Ministry of Petroleum & Natural Gas,MinistryofPetroleumNaturalGas,709776,Augmentation/Revamping of Facilities at existing Guwahati Terminal at Betkuchi,277,323.09,196.25,76,30-09-2026,30-09-2026,06-04-2022
286,Oil & Gas,Ministry of Petroleum & Natural Gas,Ministry of Petroleum & Natural Gas,701324,Barauni Refinery Capacity Expansion from 6.0 to 9.0 MMTPA,14810,16724,12129,89,30-04-2023,31-08-2026,30-01-2020
287,Oil & Gas,Ministry of Petroleum & Natural Gas,Ministry of Petroleum & Natural Gas,709850,Borholla GGS Life Extension Project [BLEP],199,198.7,70.85,49,16-05-2026,16-05-2026,18-09-2023
288,Oil & Gas,Ministry of Petroleum & Natural Gas,Ministry of Petroleum & Natural Gas,617830,C2/C3 Vijaipur Pata Pipeline,1792,1792,448,52,15-01-2027,15-01-2027,16-05-2024
289,Oil & Gas,Ministry of Petroleum & Natural Gas,MinistryofPetroleumNaturalGas,709779,Capacity Expansion of Digboi Refinery from 0.65 to 1.0 MMTPA,768,740,151.23,50,08-03-2026,31-07-2027,28-06-2022
290,Oil & Gas,Ministry of Petroleum & Natural Gas,Ministry of Petroleum & Natural Gas,701289,Capacity Expansion of Panipat Refinery from 15 to 25 MMTPA,34627,36225,26027.5,92,30-09-2024,30-06-2026,26-02-2021
291,Oil & Gas,Ministry of Petroleum & Natural Gas,Chennai Petroleum Corporation Limited [CPCL],604795,CBR 9 MMTPA Project,31580,36354,1404.61,10,02-06-2025,31-10-2028,03-09-2021
292,Oil & Gas,Ministry of Petroleum & Natural Gas,Hindustan Petroleum Corporation Limited,709757,"CGD Project in Banka, Dumka, Godda, Jamtara, Pakur, Sahibganj GA ID 11A.02",1377,1377,360.24,33,30-06-2030,30-06-2030,14-06-2022
293,Oil & Gas,Ministry of Petroleum & Natural Gas,Hindustan Petroleum Corporation Limited,709758,"CGD Project in Malda, Birbhum, Murshidabad, Dakshin Dinajpur GA ID 11A.03",2628,2628,371.77,32,30-06-2030,30-06-2030,17-06-2022
294,Oil & Gas,Ministry of Petroleum & Natural Gas,GAIL Gas,617818,"City Gas Distribution [CGD] Project in Gajapati, Kandhamal, Boudh, & Sonepur GA",515,514.91,20.65,5,27-02-2030,28-02-2030,28-02-2022
295,Oil & Gas,Ministry of Petroleum & Natural Gas,GAIL Gas,617819,"City Gas Distribution [CGD] Project in Kondagaon, Bastar, Sukma, Narayanpur, Bijapur & Dantewada GA",557,557.04,8.87,2,12-06-2030,30-06-2030,13-06-2022
296,Oil & Gas,Ministry of Petroleum & Natural Gas,Ministry of Petroleum & Natural Gas,701338,City Gas Distribution Maharashtra Natural Gas Limited,5535,5535,4099.17,47,08-06-2031,08-06-2031,13-01-2006
297,Oil & Gas,Ministry of Petroleum & Natural Gas,MinistryofPetroleumNaturalGas,709771,"City Gas Distribution Project at Beed, Jalgaon and Jalna Districts",865,865,77.25,3,30-09-2031,30-09-2031,15-03-2022
298,Oil & Gas,Ministry of Petroleum & Natural Gas,MinistryofPetroleumNaturalGas,709772,"City Gas Distribution Project at East Mednipore, West Mednipore & Jhargram Districts",609,609,61.31,2,30-06-2031,30-06-2031,23-03-2022
299,Oil & Gas,Ministry of Petroleum & Natural Gas,MinistryofPetroleumNaturalGas,709773,"City Gas Distribution Project at Jammu, Udhampur, Reasi, Samba and Kathua Districts",538,538,4.29,0,31-03-2032,31-03-2032,15-03-2022
300,Oil & Gas,Ministry of Petroleum & Natural Gas,MinistryofPetroleumNaturalGas,709766,"City Gas Distribution Project at Kurnool, Guntur & Prakasam Districts",1420,1420,169.14,6,31-03-2030,31-03-2030,15-03-2022
301,Oil & Gas,Ministry of Petroleum & Natural Gas,MinistryofPetroleumNaturalGas,709770,City Gas Distribution Project at Pathankot District,151,151,8.81,2,30-09-2033,30-09-2033,29-03-2022
302,Oil & Gas,Ministry of Petroleum & Natural Gas,Bharat Petroleum Corporation Limited [BPCL],709791,City Gas Distribution Projects at Alipurduar and Cooch Behar,1017,1017,216.59,42,31-03-2030,31-03-2030,21-12-2022
303,Oil & Gas,Ministry of Petroleum & Natural Gas,Bharat Petroleum Corporation Limited [BPCL],709792,"City Gas Distribution Projects at Darbhanga, Madhubani, Supaul, Sitamarhi and Sheohar districts",3638,3638,445.93,31,31-03-2030,31-03-2030,21-12-2022
304,Oil & Gas,Ministry of Petroleum & Natural Gas,Bharat Petroleum Corporation Limited [BPCL],709794,"City Gas Distribution Projects at Fazilka [except area already authorized], Ganganagar and Hanumangarh districts",3207,3207,378.93,28,30-06-2030,30-06-2030,21-12-2022
305,Oil & Gas,Ministry of Petroleum & Natural Gas,Bharat Petroleum Corporation Limited [BPCL],709793,"City Gas Distribution Projects at Gopalganj, Siwan, West Champaran, East Champaran and Deoria districts",3919,3919,476.66,26,30-06-2030,30-06-2030,21-12-2022
306,Oil & Gas,Ministry of Petroleum & Natural Gas,Bharat Petroleum Corporation Limited [BPCL],709795,"City Gas Distribution Projects at Lakhimpur Kheri , Sitapur, Bahraich, Shravasti,Balrampur, Siddharth Nagar & Maharajganj districts",16654,16654,660.14,14,30-06-2030,30-06-2030,21-12-2022
307,Oil & Gas,Ministry of Petroleum & Natural Gas,Bharat Petroleum Corporation Limited [BPCL],709796,City Gas Distribution Projects at the Nilgiris and Erode districts,3685,3685,268.96,23,31-03-2030,31-03-2030,21-12-2022
308,Oil & Gas,Ministry of Petroleum & Natural Gas,Ministry of Petroleum & Natural Gas,617836,Coke Drum Structure Package,635,635.28,171.47,53,31-12-2025,30-09-2026,20-12-2022
309,Oil & Gas,Ministry of Petroleum & Natural Gas,Oil and Natural Gas Corporation Limited [ONGC],709838,Commercial Polymer Flooding Project in Bechraji field,621,739.02,153.79,28,30-11-2024,31-05-2027,21-01-2022
310,Oil & Gas,Ministry of Petroleum & Natural Gas,MinistryofPetroleumNaturalGas,709780,Construction of Additional Tankages and Allied Facilities at JNPT Terminal,341,436.14,284.84,57,31-08-2026,31-08-2026,19-04-2022
311,Oil & Gas,Ministry of Petroleum & Natural Gas,Ministry of Petroleum & Natural Gas,616858,"Construction of Field Gas Gathering Station at Baghjan area for collection, processing & transportation of natural Gas to be produced from Baghjan Field",431,430.76,340.1,89,31-03-2024,31-03-2026,29-12-2020
312,Oil & Gas,Ministry of Petroleum & Natural Gas,Oil and Natural Gas Corporation Limited [ONGC],709837,"Creation of Gas Dehydration Facilities, Tripura Asset",209,131.51,72.24,66,31-05-2024,31-05-2026,08-03-2022
313,Oil & Gas,Ministry of Petroleum & Natural Gas,MinistryofPetroleumNaturalGas,709800,"CUF POL Depot at Sadashibpur [Meramundali], Odisha",394,393.54,155.37,64,31-03-2026,31-03-2026,21-04-2021
314,Oil & Gas,Ministry of Petroleum & Natural Gas,Oil and Natural Gas Corporation Limited [ONGC],709839,Daman Upside Development Project,4144,6406.9,5302,94,31-10-2025,28-02-2026,29-06-2022
315,Oil & Gas,Ministry of Petroleum & Natural Gas,NRL,709864,DCU Revamp Project,370,370,282.45,70,17-07-2024,30-06-2026,05-08-2021
316,Oil & Gas,Ministry of Petroleum & Natural Gas,Ministry of Petroleum & Natural Gas,616879,Demo Bio-ATF Project,364,364,49.39,35,16-01-2027,16-01-2027,22-03-2024
317,Oil & Gas,Ministry of Petroleum & Natural Gas,Oil and Natural Gas Corporation Limited [ONGC],610984,Development of Jharia CBM Block [Phase-1],431,431,238.67,61,21-01-2024,31-03-2026,21-11-2019
318,Oil & Gas,Ministry of Petroleum & Natural Gas,Ministry of Petroleum & Natural Gas,604863,Development of Surface Facilities for production and evacuation of Crude Oil and Natural Gas from Nadua and East Khagorija,683,726.93,597.01,94,29-02-2020,30-06-2026,10-01-2018
319,Oil & Gas,Ministry of Petroleum & Natural Gas,Ministry of Petroleum & Natural Gas,701344,Dhamra Haldia Pipeline Project,1031,1125,910.6,92,07-11-2022,31-03-2026,03-03-2020
320,Oil & Gas,Ministry of Petroleum & Natural Gas,Ministry of Petroleum & Natural Gas,617302,Durgapur - Haldia Pipeline [Section-3B of JHBDPL Project],1740,2493.15,2351.6,93,31-12-2020,31-03-2026,01-03-2017
321,Oil & Gas,Ministry of Petroleum & Natural Gas,MinistryofPetroleumNaturalGas,709798,Ethylene Cracker Project at Bina Refinery including downstream Petrochemical Plants and expansion of Refinery,43367,43367,2703.6,19,31-05-2028,31-05-2028,15-05-2023
322,Oil & Gas,Ministry of Petroleum & Natural Gas,Gas Authority of India Limited [GAIL],612853,Gurdaspur Jammu Pipeline,522,521.9,262.9,43,11-07-2026,11-07-2026,12-07-2023
323,Oil & Gas,Ministry of Petroleum & Natural Gas,Ministry of Petroleum & Natural Gas,607701,"Guwahati Refinery Expansion [1.0 to 1.2 MMTPA] along with installation of CRU, Guwahati Refinery",412,577,467.7,90,31-10-2023,31-05-2026,19-05-2021
324,Oil & Gas,Ministry of Petroleum & Natural Gas,Hindustan Petroleum Corporation Limited,709753,Haldia Panagarh Pipeline Project,1010,1107,762.7,92,08-11-2025,31-05-2026,09-11-2022
325,Oil & Gas,Ministry of Petroleum & Natural Gas,Hindustan Petroleum Corporation Limited,709760,HP TDAE Unit in Mumbai Refinery,240,240,88.15,72,19-04-2026,19-04-2026,19-06-2024
326,Oil & Gas,Ministry of Petroleum & Natural Gas,Hindustan Petroleum Corporation Limited,709752,HP-COAT [Crude to Olefins and Aromatics Technology] demo unit at Visakh Refinery,160,220,106.27,82,30-06-2024,31-03-2026,23-09-2021
327,Oil & Gas,Ministry of Petroleum & Natural Gas,Ministry of Petroleum & Natural Gas,604853,"Indian Oil Technology Development and Deployment Centre at R&D Campus-II, Faridabad",2282,3200,1834.01,64,31-12-2022,31-10-2026,27-06-2019
328,Oil & Gas,Ministry of Petroleum & Natural Gas,MinistryofPetroleumNaturalGas,709777,Installation of Bitumen Manufacturing Unit along with allied facilities at Barauni Refinery,389,340,91.23,54,30-04-2025,31-10-2026,31-01-2022
329,Oil & Gas,Ministry of Petroleum & Natural Gas,Bharat Petroleum Corporation Limited [BPCL],709789,Installation of Independent De- Aromatized Solvents [DAS] production facilities at MR,405,343,250.41,98,31-07-2025,20-02-2026,01-03-2023
330,Oil & Gas,Ministry of Petroleum & Natural Gas,MinistryofPetroleumNaturalGas,709783,"Installation of Multiple Effect Evaporator [MEE] for ETP-1, 2 & 4 of Panipat Refinery and Petrochemical Complex.",165,247.69,164.54,81,30-06-2023,30-06-2026,22-12-2020
331,Oil & Gas,Ministry of Petroleum & Natural Gas,MinistryofPetroleumNaturalGas,709778,Installation of new Biturox Unit along with allied facilities at Gujarat Refinery,328,287,163.55,76,08-08-2025,30-09-2026,31-01-2022
332,Oil & Gas,Ministry of Petroleum & Natural Gas,Ministry of Petroleum & Natural Gas,709851,Integrated Development of 4 Contract Areas under DSF-II,6184,6183.79,895.56,31,30-04-2027,30-04-2027,26-05-2023
333,Oil & Gas,Ministry of Petroleum & Natural Gas,Ministry of Petroleum & Natural Gas,604859,Integrated Para Xylene [PX] and Purified Terephthalic Acid [PTA] Project at Paradip Refinery,13805,11783,8174.39,92,31-01-2024,31-08-2026,31-07-2020
334,Oil & Gas,Ministry of Petroleum & Natural Gas,Oil and Natural Gas Corporation Limited [ONGC],709842,"Kalol Redevelopment Project, Ahmedabad Asset",1487,1487.41,940,63,31-03-2027,31-03-2027,30-08-2022
335,Oil & Gas,Ministry of Petroleum & Natural Gas,Oil and Natural Gas Corporation Limited [ONGC],400120,KG-DWN-98/2 Cluster - II Development Project - NELP Block,34012,34012,32559,96,30-06-2020,30-06-2026,28-03-2016
336,Oil & Gas,Ministry of Petroleum & Natural Gas,Ministry of Petroleum & Natural Gas,701228,Kochi - Koottanad - Bangalore - Mangalore Pipeline Phase-II,2915,5909,4614.8,96,31-12-2012,31-03-2026,22-06-2009
337,Oil & Gas,Ministry of Petroleum & Natural Gas,MinistryofPetroleumNaturalGas,709785,Laying of Natural Gas Pipeline from Hazaribagh to Ranchi [HRPL],202,202.07,63.32,50,08-02-2026,31-03-2027,09-02-2023
338,Oil & Gas,Ministry of Petroleum & Natural Gas,Chennai Petroleum Corporation Limited [CPCL],709750,Laying of new 28 inch Desal Water Pipeline and 10 inch Reject Water Pipeline between CPCL Manali Refinery and CPCL Desalination plant at Ennore,205,205,80.82,56,21-09-2025,31-12-2026,22-01-2024
339,Oil & Gas,Ministry of Petroleum & Natural Gas,Oil and Natural Gas Corporation Limited [ONGC],400119,Life Extension of 48 well platforms of Mumbai High & Heera Fields,3191,3375.9,3123.2,90,30-04-2018,31-03-2026,22-12-2015
340,Oil & Gas,Ministry of Petroleum & Natural Gas,Ministry of Petroleum and Natural Gas,616933,Lube Modernization & Bottom Upgradation Project at Mumbai Refinery,4679,4679,236.11,8,16-03-2028,16-03-2028,16-12-2024
341,Oil & Gas,Ministry of Petroleum & Natural Gas,Ministry of Petroleum & Natural Gas,701330,Mehsana-Bhatinda & Bhatinda-Jammu Natural Gas Pipeline,7392,7392,6344,90,30-06-2024,31-03-2026,07-07-2011
342,Oil & Gas,Ministry of Petroleum & Natural Gas,Ministry of Petroleum & Natural Gas,709848,MHN TCPP PGC BGC Project [MTPBP],2329,2354.23,1223.5,69,19-05-2026,19-05-2026,29-06-2022
343,Oil & Gas,Ministry of Petroleum & Natural Gas,Ministry of Petroleum & Natural Gas,701354,Mumbai Nagpur Jharsuguda Pipeline Project,7844,8255,6932.1,97,14-05-2023,28-02-2026,15-06-2020
344,Oil & Gas,Ministry of Petroleum & Natural Gas,Ministry of Petroleum & Natural Gas,701346,North East Gas Grid,9265,9265,6678,86,31-03-2024,31-03-2026,01-04-2020
345,Oil & Gas,Ministry of Petroleum & Natural Gas,Ministry of Petroleum & Natural Gas,604791,Numaligarh Refinery Expansion Project,12366,22494,18314.2,81,27-07-2024,30-09-2026,27-07-2020
346,Oil & Gas,Ministry of Petroleum & Natural Gas,Oil and Natural Gas Corporation Limited [ONGC],709841,Old Pipe Line Replacement [OPRP] Group-A,173,169.84,157.81,90,18-07-2025,17-03-2026,01-07-2021
347,Oil & Gas,Ministry of Petroleum & Natural Gas,Oil and Natural Gas Corporation Limited [ONGC],709846,Part Replacement Pipeline Project [PRPP],1219,1145.1,745,95,15-05-2024,26-02-2026,10-11-2022
348,Oil & Gas,Ministry of Petroleum & Natural Gas,Ministry of Petroleum & Natural Gas,701329,Petrochemical and Lube Integration Project at Gujarat Refinery,18936,17825,13005.7,86,31-08-2024,30-06-2026,21-09-2020
349,Oil & Gas,Ministry of Petroleum & Natural Gas,Ministry of Petroleum & Natural Gas,709847,Pipeline Network Project Rudrasagar,481,481.03,227.27,51,27-04-2026,27-04-2026,27-01-2023
350,Oil & Gas,Ministry of Petroleum & Natural Gas,Ministry of Petroleum & Natural Gas,617827,"Pipeline Rehabilitation Project, Phase-II",680,680,2.93,18,17-12-2029,17-12-2029,18-12-2024
351,Oil & Gas,Ministry of Petroleum & Natural Gas,Bharat Petroleum Corporation Limited [BPCL],709797,POL & LOBS Installations with Receipt Pipelines at Rasayani,2585,2585,972.34,74,31-05-2026,31-05-2026,15-05-2023
352,Oil & Gas,Ministry of Petroleum & Natural Gas,Indian Oil Corporation Limited [IOCL],611917,Poly Butadiene Rubber plant at Panipat,1459,2531.44,1447.65,81,31-03-2025,30-06-2026,16-03-2022
353,Oil & Gas,Ministry of Petroleum & Natural Gas,NRL,709865,Power Recovery Turbine [PRT] in PFCCU unit as an Energy Conservation Scheme,294,293.5,97.22,99,31-12-2024,30-09-2026,12-04-2023
354,Oil & Gas,Ministry of Petroleum & Natural Gas,Mangalore Refinary and Petrochemicals Limited,612790,Power System Upgradation Project,385,385,184.83,76,17-11-2025,12-05-2026,30-10-2023
355,Oil & Gas,Ministry of Petroleum & Natural Gas,Gas Authority of India Limited [GAIL],400161,"PP Project, Pata",911,1299.02,1073,99,31-01-2024,15-02-2026,05-03-2019
356,Oil & Gas,Ministry of Petroleum & Natural Gas,Ministry of Petroleum & Natural Gas,616950,PRP-VIII [Group-A],1486,1486.4,394.85,35,28-02-2026,15-05-2026,05-09-2024
357,Oil & Gas,Ministry of Petroleum & Natural Gas,Ministry of Petroleum & Natural Gas,709849,PRP-VIII Group B [NH & BS Asset],2380,3165.53,2115.21,87,28-02-2026,15-05-2026,20-06-2024
358,Oil & Gas,Ministry of Petroleum & Natural Gas,Oil and Natural Gas Corporation Limited [ONGC],400169,Redevelopment of Linch Field,631,860.04,600.07,89,31-03-2025,31-03-2026,23-04-2021
359,Oil & Gas,Ministry of Petroleum & Natural Gas,Oil and Natural Gas Corporation Limited [ONGC],400167,Redevelopment of Santhal Field [Onshore-Mehsana Asset],1163,1162.56,1143.03,95,31-03-2026,31-03-2026,23-02-2017
360,Oil & Gas,Ministry of Petroleum & Natural Gas,Oil and Natural Gas Corporation Limited [ONGC],400087,Redevelopment of Sobhasan Complex,886,1347.61,934.83,85,31-03-2027,27-03-2027,13-08-2021
361,Oil & Gas,Ministry of Petroleum & Natural Gas,Bharat Petroleum Corporation Limited [BPCL],709790,Replacement and Extension of Jetty Pipelines [REJP] at KR,622,621.87,220,95,31-03-2026,31-03-2026,01-03-2023
362,Oil & Gas,Ministry of Petroleum & Natural Gas,Oil and Natural Gas Corporation Limited [ONGC],709840,"Restoration of Gas Terminal, Phase-I [Part-A], Hazira",249,249.43,210.45,96,10-02-2025,30-04-2026,27-05-2022
363,Oil & Gas,Ministry of Petroleum & Natural Gas,MinistryofPetroleumNaturalGas,709781,Revamping / Augmentation of Facilities at Mathura Bitumen Plant,260,260.12,13.41,39,30-06-2027,31-12-2026,19-04-2022
364,Oil & Gas,Ministry of Petroleum & Natural Gas,Oil and Natural Gas Corporation Limited [ONGC],709845,"Revamping of SV Stations, Gas Terminal & Kribhco Terminal",837,837.34,327.55,60,31-08-2026,31-08-2026,30-11-2022
365,Oil & Gas,Ministry of Petroleum & Natural Gas,Ministry of Petroleum & Natural Gas,709774,Revamping/ Augmentation of facilities at existing port terminal at Mangalore,463,500.62,293.54,79,31-12-2025,30-06-2027,31-01-2022
366,Oil & Gas,Ministry of Petroleum & Natural Gas,MinistryofPetroleumNaturalGas,617304,"Setting up of LPG Plant with Rail Unloading Facility at Hathua, Dist. Gopalganj, Bihar",340,340.15,133.9,40,01-03-2027,01-03-2027,27-10-2023
367,Oil & Gas,Ministry of Petroleum & Natural Gas,MinistryofPetroleumNaturalGas,709799,Setting up Polypropylene Unit at Kochi Refinery,4460,4460,443.12,22,31-10-2027,31-10-2027,19-12-2023
368,Oil & Gas,Ministry of Petroleum & Natural Gas,Ministry of Petroleum & Natural Gas,617837,Siliguri Marketing Terminal [SMT] Capacity Augmentation Project,484,484,297.05,84,31-12-2025,30-09-2026,08-11-2021
369,Oil & Gas,Ministry of Petroleum & Natural Gas,Indian Oil Corporation Limited [IOCL],617828,Siliguri-Jhapa Pipeline Project,267,267,1.77,8,29-03-2029,29-03-2029,30-09-2024
370,Oil & Gas,Ministry of Petroleum & Natural Gas,Ministry of Petroleum & Natural Gas,701350,Upgradation of Facilities of Numaligarh-Siliguri Product Pipeline [NSPL] for transportation of additional products from existing 1.72 MMTPA to 5.5 MMTPA,860,860,636.92,99,20-12-2024,31-03-2026,21-06-2021
371,Oil & Gas,Ministry of Petroleum & Natural Gas,Ministry of Petroleum and Natural Gas,616254,Visakh Raipur Pipeline Project,2212,2212,159.29,27,10-09-2027,10-09-2027,11-09-2024
372,Railways,Ministry of Coal,Railway,400203,Dharamjaigarh-Korba,1686,2438.53,536.26,42,31-12-2026,31-08-2026,22-05-2018
373,Railways,Ministry of Coal,Ministry of Coal,400416,Shivpur-Kathautia New Rail [BG] Line [49 km] [Package II of Tori-Shivpur-Kathautia line],1800,2564.34,1663.13,66,30-06-2025,30-06-2026,27-02-2018
374,Railways,Ministry of Railways,East Coast Railway [ECoR] - II,612834,3rd & 4th line between Sarla - Sason [8 km] [PB 73/2023-24/NR],252,0,105.68,70,28-12-2025,,19-04-2023
375,Railways,Ministry of Railways,East Coast Railway [ECoR] - II,616697,3rd & 4th line between Vadlapudi -Gate Jn. cabin and Tie line between Gate Junction to Gangavaram port,154,0,41.38,60,30-06-2026,,11-04-2023
376,Railways,Ministry of Railways,East Coast Railway [ECoR] - II,705515,3rd & 4th Railway Line Project from Salegaon to Budhapank via Rajathgarh.,1173,2092,2083.09,86,31-03-2026,31-03-2026,11-07-2013
377,Railways,Ministry of Railways,SECR,709819,3RD AND 4TH LINE - SARAGBUNDIA AND MADWARANI,168,0,0.18,6,31-12-2026,31-12-2026,12-09-2022
378,Railways,Ministry of Railways,South Central Railway [SCR] - II,617216,3rd Line between Gudur Renigunta 83.17 Km,877,0,98.51,0,31-03-2027,,03-10-2024
379,Railways,Ministry of Railways,Central Railway,705498,3rd Line Kalyan - Kasara [67.35 Kilometres],793,1395.79,1024.34,69,31-12-2026,31-12-2026,14-09-2015
380,Railways,Ministry of Railways,Central Railway [CR] - II,705506,3rd Line Manmad - Jalgaon [160 Kilometres],1035,1870,1800.16,100,31-12-2024,31-08-2025,30-05-2017
381,Railways,Ministry of Railways,Central Railway [CR] - II,705502,3rd Line Wardha - Ballarshah [132 Kilometres],1385,2033.59,1743.27,98,31-12-2025,28-02-2026,07-03-2016
382,Railways,Ministry of Railways,Central Railway [CR] - II,705500,3rd Line Wardha - Sewagram - Nagpur,540,916.53,798.89,88,31-12-2025,31-10-2026,04-09-2015
383,Railways,Ministry of Railways,SECR,709815,4TH LINE - BHATAPARA-HATHBAND [8.8 KM] [PB-72/NR/2022-23],177,177.03,0,4,31-01-2027,31-12-2027,30-09-2022
384,Railways,Ministry of Railways,SECR,709816,4TH LINE - BHILAI-BHILAI NAGAR [8.8 KM] [PB-72/NR/2022-23],177,177.34,1.91,7,28-02-2027,28-02-2027,30-09-2022
385,Railways,Ministry of Railways,SECR,709817,4TH LINE - DADHAPARA-BELHA [9.2 KM] [PB-72/NR/2022-23],169,169.06,20.47,63,30-11-2026,26-11-2026,15-09-2022
386,Railways,Ministry of Railways,Western Railway WR - II,612072,4th LINE BETWEEN BAREJADI NANDEJ-SANAND-AHMEDABAD BYPASS,962,961.67,361.72,19,31-03-2027,31-07-2028,03-02-2023
387,Railways,Ministry of Railways,South East Central Railway [SECR] - II,612815,4th line between Nipania Bhatapara 14.4 Km,170,0,9.1,7,31-03-2027,,08-12-2022
388,Railways,Ministry of Railways,SECR,709818,4TH LINE RAJNANDGAON-DONGARHGARH [31.2 KM] [PB-72/NR/2022-23],328,328.34,63.51,30,31-01-2027,31-01-2027,12-09-2022
389,Railways,Ministry of Railways,Central Railway [CR] - II,705505,4th Line Wardha - Nagpur [78.7 Kilometres],638,1214.69,1040.86,88,31-12-2025,31-10-2026,20-04-2017
390,Railways,Ministry of Railways,CAO/C/NCR,705919,Agra Fort-Bandikui Doubling Line Project,1390,1390,389.98,61,30-06-2027,27-06-2027,01-06-2022
391,Railways,Ministry of Railways,Central Railway [CR] - II,705356,Ahmednagar - Beed - Parli - Vaijnath New Broad Gauge Line Railway Project [261.3 km],2539,4957.27,5211.1,98,31-03-2026,31-03-2026,01-01-1999
392,Railways,Ministry of Railways,North Western Railway [NWR],616843,AJMER- CHANDERIYA DOUBLING,1635,0,211.26,10,30-06-2027,,19-02-2024
393,Railways,Ministry of Railways,CAO/C/NCR,705774,Aligarh -Daud Khan Flyover Construction & 3rd Railway Line Project,758,779.49,453.66,73,31-01-2025,31-03-2027,01-04-2019
394,Railways,Ministry of Railways,North Central Railway,705918,Allahabad division - Aligarh - Harduaganj Flyover,1457,0,400.19,34,30-10-2026,31-03-2027,30-04-2020
395,Railways,Ministry of Railways,North Central Railway,705771,Allahabad-Bamhrauli Flyover Construction & 4th Railway Line Project,494,494,384.81,70,31-03-2026,26-03-2026,01-04-2019
396,Railways,Ministry of Railways,CAO/C/NR,705583,Anand Vihar-Tilak Bridge 3rd & 4th line,667,667,291.39,64,31-03-2023,31-12-2027,31-03-2013
397,Railways,Ministry of Railways,Construction NER,617252,Anandnagar - Ghugli via Maharajganj New line 52.7 km,958,0,459.99,23,21-03-2028,,25-10-2023
398,Railways,Ministry of Railways,East Central Railway [ECR] - I,705368,Araria Supaul New BG Line,1605,2514,1651.44,45,31-03-2024,31-01-2027,29-06-2018
399,Railways,Ministry of Railways,South Central Railway [SCR] - II,611751,AURANGABAD-ANKAI - DOUBLING PROJECT 98.25 Km,961,0,803,1,31-03-2027,,25-05-2023
400,Railways,Ministry of Railways,CentralRailway,617361,Babupeth - Sasti New Rail Line [13.114 KMs],363,362.81,0.48,0,31-03-2028,,25-10-2024
401,Railways,Ministry of Railways,CAO/C/SER,616587,Badampahar-Kendujhargarh new line [82.06 km],1876,0,1.93,0,31-12-2029,,19-08-2024
402,Railways,Ministry of Railways,South Western Railway [SWR] - II,705495,Bagalkot-Kudachi New Railway Line [142 km],1378,1649,750.4,35,31-03-2027,31-01-2027,04-10-2013
403,Railways,Ministry of Railways,North Eastern Railway (NER) - II,400204,Bahraich-Shravasti-Balrampur-Siddharthnagar -Santkabir nagar,4940,4939.78,1283.08,8,30-10-2030,31-10-2030,03-10-2018
404,Railways,Ministry of Railways,Karnataka Rail Infrastructure Development Company Limited [K-RIDE],703586,Baiyyappanahalli - Hosur Doubling Project [48 km],499,748.7,677.84,87,31-03-2024,31-01-2026,01-04-2019
405,Railways,Ministry of Railways,Karnataka Rail Infrastructure Development Company Limited [K-RIDE],705941,Bangalore Suburban Railway Project,15767,0,2384.86,19,31-12-2026,31-03-2030,21-10-2020
406,Railways,Ministry of Railways,South Western Railway [SWR] - II,705663,Bangalore-Whitefield-Bangalore City-Krishnarajapuram [23.08 km] - Quadrupling,493,493,282.53,84,28-02-2026,28-02-2026,20-02-2018
407,Railways,Ministry of Railways,CAO/C/SER,616586,Bangriposi-Gorumahisani new line [ 85.60 km ],2269,0,4.41,0,31-12-2029,,19-08-2024
408,Railways,Ministry of Railways,Ministry of Railways,705782,Barabanki-Malhaur 3rd & 4th Railway Line Project,407,407,381,77,31-03-2025,31-08-2026,01-01-2019
409,Railways,Ministry of Railways,Central Railway,705357,Baramati Lonand New Line Project,138,1843.9,903.95,60,31-03-2027,31-03-2027,31-03-2016
410,Railways,Ministry of Railways,RVNL - II,706777,Baranagar-Barrackpore and Dakshineshwar- Construction of Metro Railway,2298,2734,393.02,17,31-12-2026,31-12-2030,15-03-2010
411,Railways,Ministry of Railways,East Central Railway [ECR] - I,706860,Barauni-Bachwara [16 km] - 3rd & 4th line incl. Barauni yard remodelling [32 km],645,0,43.21,56,01-08-2025,31-10-2026,07-10-2022
412,Railways,Ministry of Railways,South Western Railway [SWR] - II,706835,Belgaum-Dharwad via Kittur [73.10Km],1591,0,0.38,0,31-12-2027,31-03-2029,07-09-2020
413,Railways,Ministry of Railways,East Coast Railway [ECoR] - II,705510,Bhadrak-Nergundi Third Line,1284,1284,1323.62,91,30-11-2024,31-01-2026,05-10-2015
414,Railways,Ministry of Railways,North Central Railway (NCR) - II,705777,Bhandai - Flyover for Etawah bound down train- 10 Km,250,250.18,115.69,8,28-02-2026,28-02-2027,11-07-2020
415,Railways,Ministry of Railways,RVNL - II,705428,Bhanupalli-Bilaspur-Beri New Railway Line Project,13447,13447,7290.03,61,31-12-2026,30-12-2027,31-03-2009
416,Railways,Ministry of Railways,RVNL - I,705780,Bhatni-Aurnihar with electrification excluding Indara-Mau,2529,2529.46,2080.46,94,31-12-2024,31-03-2026,01-03-2018
417,Railways,Ministry of Railways,North Western Railway [NWR],611884,Bhiwani - Dobh Bahali Doubling Project [42.30 Km],471,471,235.07,67,29-02-2028,28-02-2028,01-02-2023
418,Railways,Ministry of Railways,South East Central Railway [SECR] - II,706854,Boridand - Ambikapur Doubling Line Project,1376,1576.72,179.52,24,30-06-2030,30-06-2030,01-06-2022
419,Railways,Ministry of Railways,East Coast Railway [ECoR] - II,400232,Brundamal-Jharsuguda- flyover connection for joining downline,297,297,215.98,48,26-12-2026,26-12-2026,30-01-2014
420,Railways,Ministry of Railways,South Eastern Railway [SER] - I,616588,Buramara-Chakulia new line [59.96 km],1459,0,5.28,0,31-12-2029,,19-08-2024
421,Railways,Ministry of Railways,North Eastern Railway [NER],705567,Burhwal Gonda 3rd line,1016,1118,1489.37,88,25-03-2025,31-01-2026,10-11-2017
422,Railways,Ministry of Railways,Northen Railway [NR],705424,Chandigarh-Baddi New Rail Line- 36 km,1540,1540.13,565.25,39,31-12-2026,31-12-2026,15-02-2018
423,Railways,Ministry of Railways,CAO/C/SER,616227,Chandil - Anara - Damodar - 3rd line [121.26 km],1932,0,1.74,0,30-09-2029,,09-09-2024
424,Railways,Ministry of Railways,North Eastern Railway [NER],705562,Chhapra-Ballia Patch Doubling,963,1046,912.43,95,25-02-2025,26-03-2026,31-03-2013
425,Railways,Ministry of Railways,Western Railway [WR] - II,705454,Chhota Udaipur - Dhar New Line Project [157 km],1794,1794,1815.95,80,27-12-2025,27-12-2025,19-11-2008
426,Railways,Ministry of Railways,North Central Railway,617284,Chunar-Chopan doubling project,1424,0,82.29,11,31-03-2028,,25-08-2023
427,Railways,Ministry of Railways,CPM/ICF,705244,Coach Production Factory Upgradation Project,520,0,192.25,0,31-12-2021,,05-12-2017
428,Railways,Ministry of Railways,Northeast Frontier Railway [NFR],612096,Construction of Balurghat-Hilli new BG Line,1209,1181.57,418.64,14,31-03-2027,31-03-2027,29-12-2010
429,Railways,Ministry of Railways,East Central Railway [ECR] - I,617231,Construction of Bulb line at Nabinagar Ankorah of East Central Railway,612,0,0,0,30-06-2028,,07-06-2024
430,Railways,Ministry of Railways,South Western Railway [SWR] - II,400023,Construction of New BG line between Hassan to Belur [27 Km],749,0,0.94,0,30-04-2028,30-04-2027,01-03-2019
431,Railways,Ministry of Railways,PCE/WR,611977,Dahod Creation of Infrastructure facilities for 9000 HP Electric locomotives Manufacturing at,487,0,222.88,53,28-02-2025,,31-05-2022
432,Railways,Ministry of Railways,PCE/WR,611978,Dahod Rolling Stock Workshop Provision of Infrastructure for CBS at,158,0,51.87,10,31-03-2025,,11-11-2022
433,Railways,Ministry of Railways,Rail Vikas Nigam Limited,617374,"Dallirajhara - Rowghat New Rail Line Project, Phase-I",1516,1881.26,2084.72,96,31-03-2025,28-02-2026,
434,Railways,Ministry of Railways,Rail Vikas Nigam Limited,705433,Dallirajhra- Rowghat New Railway Line - Phase I [95 km],1628,1628,1440.85,82,30-09-2025,31-12-2025,15-07-2009
435,Railways,Ministry of Railways,Western Railway (WR) - II,618972,Devbhumi Dwarka [Okha] - Kanalus Doubling,1457,0,0,0,04-12-2028,,05-12-2025
436,Railways,Ministry of Railways,Northern Railways,617379,Development of New Bijwasan Railway Terminal,446,0,524.63,82,31-03-2020,31-12-2026,28-02-2008
437,Railways,Ministry of Railways,North Western Railway [NWR],611849,Devgarh Madariya - Nathdwara Gauge Conversion [82.54 Km] part of Marwar - Mavli Gauge Conversion [152 Km],969,0,196.05,60,01-06-2028,28-06-2028,01-01-2023
438,Railways,Ministry of Railways,North Western Railway [NWR],611855,Devgarh Madariya - Nathdwara Gauge Conversion [82.54 Km] part of Marwar - Mavli Gauge Conversion [152 Km],969,0,576.63,60,31-01-2027,,
439,Railways,Ministry of Railways,North Central Railway,705482,Dholpur - Sirmuttra Gauge Conversion,747,747,446.59,47,28-02-2019,28-02-2027,31-03-2022
440,Railways,Ministry of Railways,Central Railway,400019,DHULE [BORVIHIR] - NARDANA NEW LINE [50.60 KMS],493,1170.83,440.73,25,31-12-2026,30-09-2027,31-01-2019
441,Railways,Ministry of Railways,Northeast Frontier Railway (NFR) - II,705392,Dimapur [Dhansiri]-Sukhobi Kohima [Zubza] NL [82.5 Km],6663,6663,5949.29,40,26-03-2025,31-12-2029,26-08-2015
442,Railways,Ministry of Railways,CentralRailway,617364,Double Chord line Between Nilaje-Kopar,338,205,11.44,24,26-07-2028,,30-01-2025
443,Railways,Ministry of Railways,South Central Railway [SCR] - II,616856,Doubling between Bhadrachalam Road and Dornakal,770,0,48.55,0,13-04-2029,,28-08-2023
444,Railways,Ministry of Railways,M/S SRC company Infra Private Limited,617370,Doubling between Jaunpur Jn - Zaffarabad 6.28 km,181,0,4,14,30-01-2027,,29-03-2023
445,Railways,Ministry of Railways,South Central Railway [SCR] - II,616857,Doubling between Motumari Vishnupuram - 88.81 Km and Rail over Rail - RoR at Motumari - 10.877 Km,1596,0,46.1,2,31-03-2029,,19-02-2024
446,Railways,Ministry of Railways,South Central Railway [SCR] - II,617212,Doubling between Mudkhed Medchal & Mahbubnagar Dhone section 417.88 Km,4686,0,1109.51,2,31-03-2029,,25-08-2023
447,Railways,Ministry of Railways,South Central Railway [SCR] - II,617215,Doubling between Parbhani Parli Vaijanath stations 64.71 Km,770,0,62.46,0,31-03-2028,,06-12-2023
448,Railways,Ministry of Railways,East Central Railway [ECR] - I,617372,Doubling between Pradhankunta-Patherih-Bhojudih of East Central Railway,349,0,118.77,71,31-12-2025,31-03-2026,21-11-2022
449,Railways,Ministry of Railways,Central Railway,705504,Doubling of Daund Manmad Line [247.6 km],2081,3267.06,2982.69,92,01-12-2025,31-03-2026,04-10-2017
450,Railways,Ministry of Railways,South Central Railway [SCR] - II,617211,Doubling of Guntur Bibinagar 239 Km,2853,0,110.45,2,31-03-2029,,25-08-2023
451,Railways,Ministry of Railways,South Eastern Railway - JH,705628,Doubling of Hatia [Ranchi]-Bondamunda Rail Line - 159 km,3029,3029.04,2551.56,87,30-06-2025,30-06-2026,31-03-2016
452,Railways,Ministry of Railways,Indian Railway Construction International Limited [IRCON],705660,Doubling of Katni - Singrauli Railway Line [261 km],2445,4377,3267.93,100,26-12-2025,27-12-2025,31-03-2016
453,Railways,Ministry of Railways,East Coast Railway [ECoR] - II,400291,Doubling of Kirandul-Jagdalpur Line [150 km],1589,1798,1601.53,95,31-03-2020,31-05-2026,20-02-2013
454,Railways,Ministry of Railways,East Coast Railway [ECoR] - II,705512,Doubling of Kottavalasa-Koraput Rail Line [189 KM],2500,2500,2087.36,71,31-03-2022,31-03-2028,08-12-2015
455,Railways,Ministry of Railways,East Coast Railway [ECoR] - II,400048,Doubling of lines connecting the loading spurs in Talcher Yard.,186,0,93.02,86,31-12-2024,30-04-2026,12-09-2022
456,Railways,Ministry of Railways,East Coast Railway [ECoR] - II,400047,Doubling of Lingaraj SILO connectivity of NTPC line and augmentation of NTPC exchange yard and NTPC Block Cabin.,210,0,37.17,50,31-12-2024,31-12-2026,19-08-2022
457,Railways,Ministry of Railways,Northeast Frontier Railway [NFR],705572,Doubling of New Bonggigaon to Kamakhya via Goalpara - 176 km,4060,4961,3757.77,93,31-03-2026,31-03-2026,02-09-2016
458,Railways,Ministry of Railways,RVNL - II,400277,Dum Dum Airport-New Garia via Rajarhat-Construction of Metro Railway,8964,8964,8482.33,85,31-12-2025,31-03-2026,15-03-2010
459,Railways,Ministry of Railways,SR-ERS,705639,Ernakulam-Kumbalam doubling project [7.71 Km],601,595.39,298.71,22,31-03-2028,28-02-2027,03-04-2023
460,Railways,Ministry of Railways,East Central Railway [ECR] - I,705373,"Fatuha-Islampur incl. MM for extn.of NL from Neora to Daniawan , Daniawan to Biharsharif, Biharsharif to Barbigha , Barbigha to Shekhpura",1473,2882,2542.82,97,31-03-2023,31-08-2025,19-08-2002
461,Railways,Ministry of Railways,East Coast Railway [ECoR] - II,612827,Flyover between Pendurthi and Simhachalam North to avoid surface crossing at Simhachalam 7.135 km PB 73 of 2023 24 NR,184,0,12.94,12,30-04-2027,,11-04-2023
462,Railways,Ministry of Railways,East Coast Railway [ECoR] - II,616694,Flyover between Siju and Paradeep coaching Yard to avoid Surface crossing of trains,201,0,30,2,31-07-2028,,19-04-2023
463,Railways,Ministry of Railways,Northeast Frontier Railway [NFR],618986,Furkating-New Tinsukia[194 Km],3634,0,0.24,0,30-06-2029,,02-09-2025
464,Railways,Ministry of Railways,South Western Railway [SWR] - II,705490,Gadag-Wadi New Railway Line [257 km],2842,6700,1436.64,30,31-03-2027,31-12-2027,01-04-2013
465,Railways,Ministry of Railways,East Coast Railway [ECoR] - II,709811,GANDHAMARDAN IRON ORE MINES TO GOALDIH STATION/12.76kms,190,189.93,0,0,30-09-2027,27-09-2027,09-09-2022
466,Railways,Ministry of Railways,SECR,602792,Gauge Conversion of Kendri-Dhamtari including Abhanpur - Rajim Branch line 67.20 Kms - 2nd Material Modification to Raipur Titlagarh doubling.,1171,1171,381.99,100,28-02-2025,31-03-2026,01-07-2011
467,Railways,Ministry of Railways,Indian Railway Construction International Limited [IRCON],705444,Gevra Road-Pendra Road New Railway Line [135 km],4970,7448.52,4842.72,77,31-03-2022,31-12-2025,05-04-2014
468,Railways,Ministry of Railways,East Central Railway [ECR] - I,705765,Gomoh - Flyover for DN trains,686,686,602.54,65,26-03-2026,26-03-2026,29-01-2018
469,Railways,Ministry of Railways,South Eastern Central Railway,618978,Gondia - Dongargarh 4th line [84 Km],2223,0,0,0,13-10-2030,,14-10-2025
470,Railways,Ministry of Railways,South East Central Railway,617201,Gondia-Balharshah [Chanda Fort] Doubling [240 Km],4373,0,0.51,0,31-03-2031,,09-04-2025
471,Railways,Ministry of Railways,South Central Railway [SCR] - II,611752,GOOTY-PENDEKALLU DOUBLING 29.225 Km,352,351.83,121.49,3,31-03-2027,27-03-2027,01-03-2023
472,Railways,Ministry of Railways,NER,617224,Gorakhpur-Valmikinagar Doubling project,1120,0,318.9,26,30-12-2027,,25-08-2023
473,Railways,Ministry of Railways,North Western Railway [NWR],705752,Gudha-Thatha Mithri Construction of Railway Track Project,819,967.06,387.46,99,30-11-2026,30-11-2026,01-04-2019
474,Railways,Ministry of Railways,South Central Railway [SCR] - II,611754,GUNTAKAL WEST-MALLAPPA GATE RAIL OVER RAIL - ROR TRACK,293,0,160.38,0,31-07-2026,,27-07-2023
475,Railways,Ministry of Railways,South Central Railway [SCR] - II,705633,Guntur-Guntakal Doubling Project,3733,4295,4809.39,93,31-12-2025,31-12-2026,31-03-2017
476,Railways,Ministry of Railways,Central Organisation for Railway Electrification [CORE],706922,Guwahati-Dibrugarh via Tinsukia & Simaluguri-Dibrugarh,890,889.36,391.73,89,03-09-2020,30-06-2024,30-09-2020
477,Railways,Ministry of Railways,North Central Railway,705419,Gwalior - Seopurkala with extension to Kota [Gauge Conversion],2913,2913,2128.16,87,31-03-2025,28-02-2026,31-03-2011
478,Railways,Ministry of Railways,East Central Railway [ECR] - I,705366,Hajipur-Sagauli New line,2067,2087,2015.42,74,31-03-2020,31-12-2026,05-10-2007
479,Railways,Ministry of Railways,GM/C/ NFR,706942,Harmuty-Murkongselek Branch Line Electrification Project,238,0,0,0,31-05-2024,,13-09-2018
480,Railways,Ministry of Railways,RVNL - II,705650,Hospet - Tinaighat - Vasco Rail Doubling Project,5060,5060,5282.88,86,31-03-2027,30-12-2027,31-03-2010
481,Railways,Ministry of Railways,RVNL,706950,Hospet-Hubli-Vasco da Gama Line Electrification Project,744,1122.62,1154,99,31-03-2023,30-06-2026,20-07-2015
482,Railways,Ministry of Railways,South Western Railway [SWR] - II,705662,Hotgi-Kudgi-Gadag Doubling Project,1878,2459,2709.7,93,31-12-2024,31-03-2026,01-04-2014
483,Railways,Ministry of Railways,RVNL - II,705763,Indore - Budni New Railway Line [198 kms],7474,7474,2064.85,29,30-09-2030,30-09-2030,21-08-2019
484,Railways,Ministry of Railways,Central Railway [CR] - II,705507,Itarsi - Nagpur Third Railway Line [280 km],2450,2506.68,2013.98,55,31-03-2027,31-12-2027,02-09-2016
485,Railways,Ministry of Railways,East Coast Railway [ECoR] - II,705511,Jagdalpur-Koraput,1547,1547,1356.59,93,31-03-2024,31-12-2026,08-12-2015
486,Railways,Ministry of Railways,CAO/C/II/NR,705588,Janghai-Pratapgarh- Amethi,722,1194,1619,70,31-03-2025,31-03-2026,10-11-2017
487,Railways,Ministry of Railways,East Coast Railway [ECoR] - II,705514,Jarapada- Budhapank with flyover at Talcher road 3rd and 4th Line,1000,810.02,434.84,58,13-11-2018,31-03-2026,18-11-2015
488,Railways,Ministry of Railways,East Central Railway [ECR] - I,705362,"Jaynagar-Bijalpura, incl. extn. Bet, Bijalpura-Bardibas [Nepal]",819,819,580.51,75,31-03-2022,31-03-2026,21-08-2015
489,Railways,Ministry of Railways,East Coast Railway [ECoR] - II,705742,Jeypore-Malkanagiri New Railway Line Project,2344,0,493.99,20,31-07-2033,31-07-2033,18-02-2018
490,Railways,Ministry of Railways,East Coast Railway [ECoR] - II,705741,Jeypore-Navarangpur New Rail Line Project,748,748,14.27,1,31-07-2028,31-12-2029,04-07-2017
491,Railways,Ministry of Railways,East Central Railway [ECR] - I,900874,JHAJHA - BATIA,588,0,1.19,0,31-03-2028,30-01-2030,14-03-2023
492,Railways,Ministry of Railways,CAO/C/NCR,705598,Jhansi - Bina Third Railway Line [153 Km],2002,2002,1862.02,93,31-03-2022,31-03-2026,30-09-2016
493,Railways,Ministry of Railways,North Central Railway,705608,Jhansi-Khairar-Manikpur & Khirar-Bhimsen,4330,4330,2484.54,63,31-03-2026,31-03-2026,01-03-2018
494,Railways,Ministry of Railways,South Eastern Railway [SER] - I,400006,Jharsuguda-Barpali-Sardega Ph II Works- Rail Connectivity for Coal Loading Bulb at Barpali.,809,0,542.88,32,31-10-2025,31-12-2026,05-10-2021
495,Railways,Ministry of Railways,SECR,705616,Jharsuguda-Bilaspur Fourth Railway Line [206 km],2140,2979,2217.72,94,31-10-2024,31-03-2026,08-09-2016
496,Railways,Ministry of Railways,Northeast Frontier Railway [NFR],705391,Jiribam-Imphal new line project,14323,21885.9,15849.5,72,31-12-2026,30-06-2029,31-03-2013
497,Railways,Ministry of Railways,Indian Railway Construction International Limited [IRCON],705450,Jogbani-Biratnagar New Rail Line project,402,486,368.52,86,31-03-2022,31-12-2026,28-06-2010
498,Railways,Ministry of Railways,RVNL - II,705730,Joka-BBD Bag new metro project,4835,10362,4799.48,51,31-12-2026,31-12-2029,05-03-2010
499,Railways,Ministry of Railways,South Western Railway [SWR] - II,705492,Kadur - Chickamagalur - Sakleshpur [93km],825,825,732.7,83,30-06-2025,31-12-2025,27-01-2014
500,Railways,Ministry of Railways,Eastern Railway [ER] - I,400247,Kalinarayanpur-Krishnanagar Doubling Alongwith Krishnanagar - Chapra New Line And Naihati-Ranaghat 3rd Line.,1000,1000,1057.36,69,28-02-2027,28-02-2027,28-07-2015
501,Railways,Ministry of Railways,Northeast Frontier Railway [NFR],617245,Katihar Kumedpur & Katihar Mukuria BG Doubling Project,943,0,476.45,63,31-08-2026,28-02-2027,26-08-2022
502,Railways,Ministry of Railways,West Central Railway WCR I,705651,Katni - Bina Third Railway Line [279 km],2478,4127.23,3357.47,99,31-03-2022,31-12-2025,02-06-2016
503,Railways,Ministry of Railways,Indian Railway Construction International Limited [IRCON],705661,Katni Grade Separator/Bye Pass,1248,1248,1722.72,95,30-09-2024,31-03-2026,31-03-2016
504,Railways,Ministry of Railways,RVNL,705252,Kazipet Wagon Overhauling Project,385,0,0,0,01-12-2023,,19-09-2017
505,Railways,Ministry of Railways,South Central Railway [SCR] - II,705612,Kazipet-Vijayawada 3rd line with electrification [220 km],1953,3363,4139.07,94,28-02-2025,31-12-2025,31-03-2013
506,Railways,Ministry of Railways,East Central Railway [ECR] - I,705364,Khagaria-Kusheshwar Asthan [42Km] new line project,614,1384.16,490.41,55,31-12-2024,31-03-2027,20-04-2019
507,Railways,Ministry of Railways,RVNL - I,705668,KHARAGPUR-ADITYAPUR THIRD RAIL LINE- 132 KM,3250,3250,3248.61,97,31-03-2025,30-06-2026,05-09-2016
508,Railways,Ministry of Railways,CAO/C/SECR,617200,KHARSIA- NAYA RAIPUR-PARMALKASA 5th and 6th Line [278KM],7854,0,0,0,31-03-2031,,11-04-2025
509,Railways,Ministry of Railways,Indian Railway Construction International Limited [IRCON],400220,Kharsia-Dharamjaygarh with Spur line [East Corridor-Phase 1],3055,3407.09,2637.75,94,30-09-2018,31-03-2026,05-03-2016
510,Railways,Ministry of Railways,Ministry of Railways,706898,Khurda Road - Balangir Electrification of Railway Track Project,268,0,0,0,31-03-2021,,13-09-2018
511,Railways,Ministry of Railways,East Coast Railway [ECoR] - II,705358,Khurda-Bolangir New Broad Gauge Rail Link [301km],3792,5089,5370.68,90,31-12-2026,31-12-2026,31-03-1994
512,Railways,Ministry of Railways,East Central Railway [ECR] - I,617832,Koderma-Arigada Doubling 133.38 Km of East Central Railway,2887,0,0,0,31-12-2029,,24-06-2025
513,Railways,Ministry of Railways,East Central Railway [ECR] - I,705375,Koderma-Tilaiya New Line,1626,2486.62,2156.71,95,28-02-2025,28-02-2026,04-11-2004
514,Railways,Ministry of Railways,East Coast Railway [ECoR] - II,705513,Koraput - Singapur Railway Doubling,2362,2362,1892.65,72,01-12-2027,30-03-2028,08-12-2015
515,Railways,Ministry of Railways,PCE/WR,611918,Kosamba Umarpada 70 Km,468,0,20.28,8,30-03-2027,,14-07-2023
516,Railways,Ministry of Railways,South Central Railway [SCR] - II,705436,Kotapalli - Narasapur New Line,2501,2501,1353.79,29,31-03-2028,31-03-2028,31-03-2009
517,Railways,Ministry of Railways,Ministry of Railways,705638,Kumbalam-Turavur doubling project [15.59 Km],813,802.8,86.79,21,31-03-2027,31-03-2027,03-04-2023
518,Railways,Ministry of Railways,WPO/Patna,611927,Kurnool - Setting up facilities for coach midlife rehabilitation workshop,561,0,276.66,65,31-12-2023,,01-01-2014
519,Railways,Ministry of Railways,WPO/Patna,705253,Kurnool Coach Midlife Rehabilitation Project,563,0,120,0,01-12-2020,,16-05-2016
520,Railways,Ministry of Railways,North Central Railway,705766,Lalitpur-Birari with flyover at Lalitpur- 16 Km,304,356,243,82,31-12-2024,31-01-2026,22-03-2017
521,Railways,Ministry of Railways,North Central Railway,705480,"Lalitpur-Satna, Rewa-Singrauli & Mahoba-Khajuraho",8914,8914,6652.56,74,31-03-2027,31-12-2027,24-01-2007
522,Railways,Ministry of Railways,South Eastern Railway [SER] - I,705785,Lodhma - Piska - Link Line bypassing Hatia/Ranchi with Y connection,473,473,291.12,5,30-06-2026,31-05-2027,27-08-2021
523,Railways,Ministry of Railways,Railway,705783,Ludhiana- Killa Raipur Railway Doubling Project,238,238,135.92,56,31-03-2025,31-03-2026,01-03-2019
524,Railways,Ministry of Railways,Northeast Frontier Railway [NFR],616701,Lumding Furkating Doubling Project 140 km,2124,0,57.66,1,29-02-2028,,19-02-2024
525,Railways,Ministry of Railways,North Western Railway [NWR],616842,LUNI- SAMDARI- BHILDI DOUBLING,3086,0,536.39,18,31-07-2027,,19-02-2024
526,Railways,Ministry of Railways,WPO/Patna,611929,Maintenance cum workshop depot for Vande Bharat Sleeper Trains as per conditions under WTA 527,167,0,0,0,29-12-2024,,12-09-2022
527,Railways,Ministry of Railways,South Central Railway [SCR] - II,705437,Manoharabad-Kothapalli New Rail Line [151 km],1160,2781,2342.66,71,31-03-2027,31-12-2027,16-07-2016
528,Railways,Ministry of Railways,GM/C/ NFR,706940,"Mariani-Jorhat, Tinsukia-Dangri and Makum -TirapTrack Electrification Project",184,0,0,0,31-05-2024,,13-09-2018
529,Railways,Ministry of Railways,South Western Railway [SWR] - II,705491,Marikuppam - Kuppam New Line Project [23.70 Km],297,297,138.39,21,30-06-2026,30-06-2026,01-04-2012
530,Railways,Ministry of Railways,RVNL - II,705667,Mathura-Jhansi Third Railway Line [274 Km],5961,5961,5069.6,94,31-12-2024,31-12-2026,11-12-2015
531,Railways,Ministry of Railways,Western Railway [WR] - II,705458,Miyagam-Karjan-Dabhoi-Samlaya [GC],484,1039.13,648.18,42,31-03-2021,31-12-2026,17-01-2017
532,Railways,Ministry of Railways,Western Railway (WR) - II,706757,Modasa-Shamlaji Road Railway Line Project,262,262,342.95,63,31-03-2025,31-03-2026,01-09-2012
533,Railways,Ministry of Railways,North Central Railway,705772,"Mughalsarai-Allahabad, 3rd line",2649,2649.44,1766.03,67,31-12-2026,31-03-2027,08-12-2015
534,Railways,Ministry of Railways,East Central Railway [ECR] - I,616699,Multi tracking of Son Nagar-Andal 374.53 rkm & 814.38 tkm,12334,0,509.75,15,31-03-2028,,25-08-2023
535,Railways,Ministry of Railways,Western Railway,611452,MUMBAI CENTRAL VIRAR VADODARA AHMEDABAAD TRAIN PROTECTION SYSTEM 500 RKM,311,311,263.42,93,31-12-2025,31-12-2026,25-09-2019
536,Railways,Ministry of Railways,Mumbai Rail Vikas Corporation Ltd.[MRVC],706780,Mumbai Urban Transport Project [MUTP] Phase-IIIA,33690,33690,3069.68,20,31-12-2027,31-12-2027,01-04-2019
537,Railways,Ministry of Railways,Mumbai Rail Vikas Corporation Ltd.[MRVC],706779,Mumbai Urban Transport Project [MUTP] - PHASE II,8087,8087,7442.71,88,31-03-2014,31-12-2027,09-05-2008
538,Railways,Ministry of Railways,Mumbai Rail Vikas Corporation Ltd.[MRVC],706781,Mumbai Urban Transport Project Phase-III,10947,10947,5914.63,70,31-03-2022,31-12-2026,30-11-2016
539,Railways,Ministry of Railways,National High Speed Rail Corporation [NHSRC],705728,Mumbai-Ahmedabad High Speed Rail Project- 508 km,108000,108000,86792.9,57,31-08-2027,31-12-2029,31-03-2015
540,Railways,Ministry of Railways,Northeast Frontier Railway (NFR) - II,705401,Murkongselek-Pasighat,435,1250,816.33,66,31-03-2025,31-05-2026,09-02-2011
541,Railways,Ministry of Railways,East Central Railway [ECR] - I,705528,Muzaffarpur-Sugauli,1586,1586,1480.31,99,30-06-2024,28-02-2026,01-03-2018
542,Railways,Ministry of Railways,Railway,709812,NADIAD-PETLAD [37.26 KM],462,0,178.33,8,30-06-2030,30-06-2030,17-05-2022
543,Railways,Ministry of Railways,South Central Railway [SCR] - II,400298,Nadikudi - Srikalahasti New Line,2312,5932,2650.58,54,31-05-2027,31-03-2028,31-03-2012
544,Railways,Ministry of Railways,Ministry of Railways,400223,Nagapattinam-Tiruturaipundi and Karaikal-Peralam New Line,713,981,633.24,80,26-03-2027,31-03-2028,24-07-2008
545,Railways,Ministry of Railways,MRIDC,705799,Nagpur- Nagbhir Railway Line Gauge Conversion Project,1400,1400,1472,80,31-12-2025,25-12-2025,01-10-2019
546,Railways,Ministry of Railways,Northen Railway [NR],705410,Nangal Dam-Talwara New Broad Gauge Line [84 KM] and Taking Over Siding Mukerian-Talwara [29 KM],2018,2018,89486.6,83,31-12-2025,31-12-2027,31-03-1983
547,Railways,Ministry of Railways,South Eastern Railway [SER] - I,705629,Narayangarh-Bhadrak 3rd line,2400,3425.32,2481.92,67,31-12-2025,30-06-2026,07-03-2019
548,Railways,Ministry of Railways,North Western Railway [NWR],617408,NATHDWARA- NATHDWARA TOWN NL,166,0,96.97,12,31-03-2027,,10-03-2019
549,Railways,Ministry of Railways,North Eastern Railway [NER],611669,NER Provision of Automatic Block Signalling on Gorakhpur Cantt[Excl] Chhapra Gramin & Burhwal Jn [Excl] Sitapur Jn section of high density routes,380,0,244.67,20,31-03-2027,31-03-2028,
550,Railways,Ministry of Railways,Western Railway (WR) - II,709813,NEW BG LINE INTERSECTION [5 NOS] BETWEEN GERATPUR-SANAND & BOTAD-AHMEDABAD [16.51 KM],437,0,95.69,20,30-06-2028,27-10-2027,17-10-2022
551,Railways,Ministry of Railways,Western Railway (WR) - II,611943,New Broad Gauge line between Naliya to Jakhau Port,410,410.26,9.27,5,31-01-2028,28-01-2028,01-02-2023
552,Railways,Ministry of Railways,PCE/NCR,705794,New Delhi- Howrah Speed Booster[160Kmph] Project,6685,0,127.03,0,31-03-2024,,01-09-2019
553,Railways,Ministry of Railways,Indian Railway,618995,New Line between Junagarh - Nabarangpur [116.21 Km],2865,0,0,0,18-08-2030,,19-08-2024
554,Railways,Ministry of Railways,Western Railway [WR] - II,705453,"New line Dahod-Indore via Sardarpur, Jabuwa and Dhar",456,3516.77,3963.21,52,28-02-2027,28-02-2027,19-06-2012
555,Railways,Ministry of Railways,South Western Railway [SWR] - II,705434,New Railway Line between Ginigera and Raichur [165.57 km],2565,3034.98,2156.91,66,31-03-2019,31-03-2027,31-03-2008
556,Railways,Ministry of Railways,Western Railway [WR] - II,705764,Nimach-Badi Sadri New Rail Line Project,495,825,176.42,60,31-03-2026,30-06-2026,01-04-2017
557,Railways,Ministry of Railways,Western Railway [WR] - II,705933,Nimach-Ratlam Doubling [133 Km],1096,1095.88,1067.49,89,31-10-2027,31-10-2027,07-10-2021
558,Railways,Ministry of Railways,"Metro Railway, Kolkata",706776,Noapara-Barasat via Bimanbandar - Construction of Metro railway [18 km],4830,4830,2764.13,32,31-08-2026,31-03-2029,02-11-2010
559,Railways,Ministry of Railways,RCIL,705298,North Region Video Surveillance Project,274,0,0,48,31-03-2024,,01-06-2020
560,Railways,Ministry of Railways,East Coast Railway [ECoR] - II,616695,Paradeep - Badabandha 3rd & 4th Line / 18.51kms,300,0,0.1,5,30-11-2028,,31-08-2023
561,Railways,Ministry of Railways,South Western Railway [SWR] - II,705789,Penukonda - Dharmavaram Doubling Project [41.5 Km],308,307.66,296.58,89,31-03-2026,31-03-2026,29-06-2018
562,Railways,Ministry of Railways,Western Railway,611945,Petlad Bhadran 23 Kms,307,307.11,13.66,17,31-05-2030,30-05-2030,01-05-2022
563,Railways,Ministry of Railways,Ministry of Railways,400280,Phase II extension of MRTS from Velachery to St Thomas Mount,734,734.01,479.19,99,24-07-2025,30-09-2025,15-11-2007
564,Railways,Ministry of Railways,Eastern Railway [ER] - I,705385,Pirpainti - Jasidih [100.52 Km] New BG line,2555,2555,1105.03,61,31-03-2028,31-03-2028,31-03-2014
565,Railways,Ministry of Railways,North Western Railway [NWR],617404,POKHRAN - RAMDEVRA New Line,189,0,0,0,31-03-2028,,08-04-2025
566,Railways,Ministry of Railways,East Central Railway [ECR] - I,706837,Pradhan Kuntha Jn Line Doubling Project,349,349.22,118.77,71,30-11-2027,27-11-2027,21-11-2022
567,Railways,Ministry of Railways,East Coast Railway [ECoR] - II,400045,Proposed 6 nos Road Over Bridge [ROB] at different locations under MCL Talcher Under Deposit Scheme.,168,0,69.85,82,31-03-2025,31-01-2025,08-08-2022
568,Railways,Ministry of Railways,Central Railway,705503,Pune - Miraj-Londa [467 Kilometres],4028,4872.52,5142.37,100,28-02-2025,31-08-2025,10-06-2016
569,Railways,Ministry of Railways,North Western Railway [NWR],616841,PUSHKAR- MERTA CITY NEW LINE,800,0,75.78,6,31-12-2026,,13-02-2024
570,Railways,Ministry of Railways,Western Railway (WR) - II,611944,Quadrupling between Gandhidham Adipur with Y connection at Adipur for providing direct entry towards Mundra Port and Bhuj and high level platform at Gopalpur 11Kms,152,152.44,120.36,95,31-03-2026,31-01-2026,01-02-2023
571,Railways,Ministry of Railways,South Central Railway [SCR] - II,617214,Rail Connectivity to Errupalem Amravati Namburu 57 Km,2047,0,34.78,0,31-03-2027,,24-11-2024
572,Railways,Ministry of Railways,RVNL - II,617409,Railway Manufacturing Unit,521,0,449.23,80,31-12-2026,31-03-2026,01-07-2016
573,Railways,Ministry of Railways,PCE/WR,705793,Raising of speed to 160 kmph/200 kmph on existing New Delhi-Mumbai route incl. Vadodara-Ahmedabad,6806,8095.12,9341.42,64,31-03-2024,31-03-2026,01-09-2019
574,Railways,Ministry of Railways,Western Railway WR - II,706763,Rajkot - Kanalus Doubling Project [111.2 Kms],1081,1080.58,861.18,79,31-10-2026,30-06-2026,07-10-2021
575,Railways,Ministry of Railways,South East Central Railway [SECR] - II,705617,Rajnandgaon - Nagpur [Kalumna] Third Railway Line [228.30 km],3545,3545,3589.67,96,31-12-2024,30-06-2026,08-09-2016
576,Railways,Ministry of Railways,West Central Railway [WCR] - II,705481,Ramganjmandi-Bhopal New Line Project [262 km],3032,5073,3829.55,79,25-12-2025,31-12-2027,31-03-2001
577,Railways,Ministry of Railways,Indian Railway Construction International Limited [IRCON],706759,Rampur Dumra-Tal-Rajendrapul Additional Bridge and Railway Line Doubling,2374,1700.24,1493.16,98,01-12-2024,31-12-2025,31-03-2016
578,Railways,Ministry of Railways,North Western Railway [NWR],617406,RATLAM- DUNGARPUR VIA BANSWARA NEW LINE PROJECT,2417,0,7.03,8,31-03-2028,,19-10-2015
579,Railways,Ministry of Railways,Western Railway [WR] - II,705457,Ratlam-Mhow-Khandwa-Akola Gauge Conversion,1656,6499.86,4580.33,82,31-03-2027,30-09-2028,01-04-2008
580,Railways,Ministry of Railways,South Western Railway [SWR] - II,705494,Rayadurg-Tumkur via Kalyandurg New Line [207 km],2496,2496,1847.89,71,30-09-2015,29-02-2028,31-03-2008
581,Railways,Ministry of Railways,Rail Land Development Authority,613786,"Redevelopment of Ahmedabad railway station and associated infrastructure on engineering, procurement and construction mode",2379,0,820.62,24,31-03-2028,,24-01-2023
582,Railways,Ministry of Railways,Ministry of Railways,613002,Redevelopment of Chennai Egmore Station,842,0,340,0,31-03-2026,,25-05-2022
583,Railways,Ministry of Railways,Rail Land Development Authority,613015,Redevelopment of Chhatrapati Shivaji Maharaj Terminus [CSMT] and construction of associated infrastructure,1813,0,692.66,19,31-03-2027,,28-04-2023
584,Railways,Ministry of Railways,Rail Land Development Authority,613785,Redevelopment of New Delhi Railway Station and construction of associated infrastructure,4744,0,169.58,2,31-12-2028,,24-01-2023
585,Railways,Ministry of Railways,South Central Railway [SCR] - II,705610,"Renigunta, Wadi & Gooty Bypass Railway Project",302,543,544.65,89,31-12-2025,31-03-2026,01-04-2016
586,Railways,Ministry of Railways,North Western Railway [NWR],611861,Rewari - Kathuwas Doubling Project [27.72 Km],352,352,298.26,74,30-06-2027,27-06-2027,01-02-2023
587,Railways,Ministry of Railways,RVNL - II,705429,Rishikesh-Karnaprayag New Rail Line- 125 km,38953,38953,27545.8,72,31-12-2025,31-12-2028,10-11-2016
588,Railways,Ministry of Railways,Western Railway (WR) - II,611979,Sabarmati Setting up of Maintenance Facilities for Train Sets Phase ii,250,0,127.56,76,30-06-2025,31-03-2026,19-01-2023
589,Railways,Ministry of Railways,North Western Railway [NWR],617403,SADULPUR - CHURU DOUBLING PROJECT,469,0,137.46,56,30-06-2026,,24-01-2024
590,Railways,Ministry of Railways,East Central Railway [ECR] - I,705527,Sagauli-Valmiknagar,1216,2222,2084.79,92,24-12-2025,25-12-2025,01-03-2018
591,Railways,Ministry of Railways,North Eastern Railway (NER) - II,400205,Sahjanwa-Dohrighat,1320,1319.75,522.19,3,31-03-2029,31-03-2029,02-08-2019
592,Railways,Ministry of Railways,Eastern Railway [ER] - I,602797,"Sainthia, Sitarampur, Mughalsarai, Allahabad & Etawah - Bypass Line Project",462,461.64,197.33,9,31-03-2027,27-03-2027,10-08-2017
593,Railways,Ministry of Railways,East Central Railway [ECR] - I,400254,Sakri -Hasanpur [via Harnagar - Kusheshwar Asthan] New Railway line,735,0,588.82,84,31-12-2024,31-03-2027,15-12-2023
594,Railways,Ministry of Railways,East Central Railway [ECR] - I,705526,Samastipur-Darbhanga Doubling Railway Project,519,519,53632.3,93,31-03-2025,31-10-2025,18-11-2015
595,Railways,Ministry of Railways,PCE/WR,611970,Samlaya Timba Road 54 km,670,670.17,45.21,12,31-03-2030,30-03-2030,03-02-2023
596,Railways,Ministry of Railways,PCE/WR,611971,Samni Jambusar 24 km,350,349.93,70.64,31,31-03-2030,30-03-2030,01-05-2022
597,Railways,Ministry of Railways,SECR,617390,Sardega -Bhalumuda New Double line [37.24 Km],1282,0,128.01,3,31-03-2028,,11-09-2024
598,Railways,Ministry of Railways,West Central Railway [WCR] - II,705659,Satna-Rewa Railway Line Doubling Project,500,584,559.49,85,31-03-2026,31-03-2026,01-11-2015
599,Railways,Ministry of Railways,North Western Railway [NWR],705912,Sawai Madhopur-Jaipur Railway Line Project,1204,0,147.71,14,31-03-2027,,19-02-2024
600,Railways,Ministry of Railways,North Western Railway [NWR],706866,Sawaimadhopur Bye Pass Line Project,304,304,64.85,72,31-03-2026,27-05-2027,01-12-2022
601,Railways,Ministry of Railways,South Eastern Railway - JH,617345,SER Upgradation of maintenance infrastructure at Shalimar into Vande Bharat Chair Car maintenance cum workshop depot.,227,0,33.94,40,22-10-2026,,04-03-2024
602,Railways,Ministry of Railways,South Western Railway [SWR] - II,705761,SHIMOGA - SHIKARIPURA - RANEBENNUR [96 Km],1454,1454,81.36,12,01-12-2027,30-06-2028,19-09-2019
603,Railways,Ministry of Railways,Indian Railway Construction International Limited [IRCON],705432,Sivok-Rangpo New Rail Line,7877,11775,10027.6,90,31-05-2015,31-12-2027,30-10-2009
604,Railways,Ministry of Railways,Central Railway,705735,Solapur-tuljapur-Osmanabad,905,3295.74,1199.39,12,31-03-2027,28-03-2028,29-08-2018
605,Railways,Ministry of Railways,East Central Railway [ECR] - I,617333,Surface triangle line bet. Bhadura stn and new crossing stn Karma,200,0,1.05,0,28-02-2027,,06-10-2022
606,Railways,Ministry of Railways,East Coast Railway [ECoR] - II,705359,Talcher-Bimlagarh New Railway Line,1928,1928,2021.63,51,31-03-2025,31-03-2027,31-03-2004
607,Railways,Ministry of Railways,Eastern Railway [ER] - I,400273,Tarakeshwar-Bishnupur New Line [82.47 km],1189,1542,1349.63,93,31-03-2019,28-02-2026,31-03-2001
608,Railways,Ministry of Railways,North Western Railway [NWR],400022,Taranga Hill-Abu Road via Ambaji,2798,2798,2181.96,20,31-07-2030,31-07-2030,21-07-2022
609,Railways,Ministry of Railways,South Central Railway [SCR] - II,705613,Third Line [new] between Kazipet - Balharshah with electrification [201.04 Km],2595,3071,3632.03,94,31-01-2025,30-11-2025,16-09-2016
610,Railways,Ministry of Railways,Ministry of Railways,400275,Tindivanam-Nagari New Line Project [184.5 km],3631,3631,1185.28,19,16-09-2025,31-03-2028,21-07-2008
611,Railways,Ministry of Railways,South Central Railway [SCR] - II,617210,Tiupati Katpadi 104.39 kms,1216,0,0.13,0,31-03-2029,,17-04-2025
612,Railways,Ministry of Railways,Southern Railway (SR) - I,705635,Trivandrum- Kanyakumari,1432,3785.45,2851.29,52,24-03-2025,31-12-2026,28-08-2017
613,Railways,Ministry of Railways,South Western Railway [SWR] - II,705496,Tumkur-Chitradurga-Davangere New Rail Line Project [191 km],1876,1876,523.94,14,31-03-2019,31-12-2027,29-10-2013
614,Railways,Ministry of Railways,Northern Railways,617213,Varanasi-Pt. Deen Dayal Upadhyaya multitracking 15km including construction of new Rail-cum-Road Bridge across Ganga River.,2464,0,0,0,30-10-2029,,24-10-2024
615,Railways,Ministry of Railways,South Central Railway [SCR] - II,705632,Vijayawada - Kazipet Byepass line,647,904,1060.15,93,12-01-2025,31-12-2025,22-04-2016
616,Railways,Ministry of Railways,RVNL - II,705648,Vijaywada-Gudur 3rd Line,6654,6654,6114.84,95,30-11-2024,31-03-2026,24-08-2016
617,Railways,Ministry of Railways,RVNL - II,400253,Vizianagaram - Titlagarh 3rd line [272 Km including By - pass line of 7.68 KM],4803,6669.91,6049.39,94,26-12-2025,31-12-2026,10-06-2016
618,Railways,Ministry of Railways,South East Central Railway,705479,Wadsa-Gadchiroli,1886,1886,730.33,53,31-03-2027,31-03-2027,17-05-2017
619,Railways,Ministry of Railways,Central Railway [CR] - II,400271,Wardha-Nanded Via Yavatmal New BG Line,3445,3445,3002.93,50,28-03-2025,31-12-2026,20-12-2017
620,Railways,Ministry of Railways,DFCCIL,705237,Western Dedicated Freight Corridor,51101,124005,124623,96,31-03-2022,31-12-2025,28-02-2008
621,Railways,Ministry of Railways,Western Railway (WR) - II,611974,Western Railway Samakhiali Gandhidham Quadrupiling 53 Kms,1430,0,323.15,25,30-12-2026,30-06-2027,25-08-2023
622,Railways,Ministry of Railways,Karnataka Rail Infrastructure Development Company Limited [K-RIDE],703585,Yeshvanthpur - Channasandra Doubling Project [21.70 Km],314,683.57,163.55,55,31-03-2024,31-03-2026,01-04-2019
623,Real Estate,Department for Promotion of Industry & Internal Trade,National Industrial Corridor Development Corporation,701658,Krishnapatnam Node - Phase 1 - Roads and Services Development,2139,0,625.56,30,15-02-2028,,30-12-2020
624,Real Estate,Department for Promotion of Industry & Internal Trade,National Highways & Infrastructure Development Corporation Ltd. [NHIDCL],701657,Tumakuru Node - Phase 1 - Roads and Services Development,1702,0,184.16,18,21-09-2026,,30-12-2020
625,Real Estate,Ministry of Housing & Urban Affairs,ministry of housing and urban affairs,701766,Green Building Development Project,151,0,18.95,31,23-11-2023,,07-11-2019
626,Real Estate,Ministry of Housing & Urban Affairs,ministry of housing and urban affairs,707229,"Integrated Command control Center [ICCC] - Construction and Development of Integrated Command Control Center with Security, Surveillance, ITMS, Connecting Port, Ship Service, Smart Solid Waste Management, Smart Public Transport System",210,0,0,70,31-05-2023,,19-07-2021
627,Real Estate,Ministry of Housing & Urban Affairs,National Buildings Construction Corporation [NBCC],400188,Redevelopment of Seven General Pool Residential Accommodation [GPRA] Colonies in Delhi,32850,32841,12339,43,31-12-2025,31-12-2025,05-07-2016
628,Real Estate,Ministry of Housing & Urban Affairs,ministry of housing and urban affairs,701719,Rehablitation in Junavadaj Area Smart City Project,539,0,39.63,50,07-07-2022,,29-02-2016
629,Roads & Highways,Ministry of Road Transport & Highways,National Highways Authority of India [NHAI],618788,4L Greenfield Jalbhera Shahbad section from km. 0.000 to km. 22.850 of NH-152G,927,1173.66,338.94,87,31-05-2025,,31-03-2022
630,Roads & Highways,Ministry of Road Transport & Highways,National Highways Authority of India [NHAI],619095,Balance works of 4L Panvel Indapur section of NH66 old NH17 from km 42.300 kasu to km 84.600 Indapur,546,472.1,380.81,81,17-05-2024,,15-06-2022
631,Roads & Highways,Ministry of Road Transport & Highways,NHIDCL,618452,"2-laning of Zorinpui - Longmasu section of NH-502A from km 0.000 to km 28.244 in the State of Mizoram on EPC mode under NHO-NE, stretch of IMBR",782,0,7.46,4,06-12-2026,,16-02-2023
632,Roads & Highways,Ministry of Road Transport & Highways,National Highways Authority of India [NHAI],618547,2L NH-1 from km 8.660 to km 33.775 Sumbal to Wayul to 4L dual carriageway NH standard as part of Srinagar Ring Road PhaseII [Design Ch. 41.907 to Ch. 66.609],961,643.64,366.64,42,25-06-2026,,07-11-2022
633,Roads & Highways,Ministry of Road Transport & Highways,National Highways Authority of India [NHAI],618890,2L PS of Hamirpur Bypass from Km 121.175 to Km.138.295 of NH-103&3,739,754.82,232.68,91,28-10-2025,,25-08-2022
634,Roads & Highways,Ministry of Road Transport & Highways,National Highways Authority of India [NHAI],618751,2L PS of Hinotiya-Mehulwa section of NH-346 from Km. 27.000 to Km 75.700 Vidisha Mehulwa-Talbehat Pkg-II Section of NH- 346,582,592.71,207.21,68,12-09-2025,15-04-2026,12-10-2022
635,Roads & Highways,Ministry of Road Transport & Highways,National Highways Authority of India [NHAI],618909,2L PS of JH / WB Border km. 70.524 - Purulia km.84.400 & Purulia km. 94.30 - Chandil Junction with NH-33 km. 153.705 of Old NH-32,1652,1771.88,741.62,97,06-08-2022,31-12-2025,13-03-2018
636,Roads & Highways,Ministry of Road Transport & Highways,NHAI,618955,2L PS of Majhauli to Charout section from km. 0.00 to km. 63.655,638,1067.51,125.18,99,04-11-2021,,23-01-2018
637,Roads & Highways,Ministry of Road Transport & Highways,National Highways Authority of India [NHAI],618854,2L PS of Raebareli - Jagdishpur with 4L Jagdishpur Bypass Spur,706,752.52,515.53,97,06-01-2024,10-06-2025,15-02-2021
638,Roads & Highways,Ministry of Road Transport & Highways,National Highways Authority of India [NHAI],618908,3L Major Bridge over River Brahmani at Km. 401.250 Duburi - Chandikhole Section of NH-200 New NH -53,154,103.68,61.82,38,31-01-2025,,17-04-2022
639,Roads & Highways,Ministry of Road Transport & Highways,National Highways Authority of India [NHAI],618961,4 Lane Inner Ring Road around Allahabad City Pkg-1 Prayagraj Southern Bypass 34.400 43.200,776,498.97,0.01,0,18-12-2027,,19-02-2025
640,Roads & Highways,Ministry of Road Transport & Highways,National Highways Authority of India [NHAI],618960,4 Lane Inner Ring Road around Allahabad City Pkg-2 Prayagraj Southern Bypass 43.200 - 50.860,1378,1007.62,298.31,40,15-06-2026,,24-08-2023
641,Roads & Highways,Ministry of Road Transport & Highways,National Highways Authority of India [NHAI],619108,4 Lane with PS from Des. Ch 0.000 to Des. Ch. 43.800 of Belgaum-Hungund-Raichur Section of NH-748A Package-1,1452,1256.55,116.72,13,17-06-2027,,12-02-2024
642,Roads & Highways,Ministry of Road Transport & Highways,National Highways Authority of India [NHAI],619107,4 Lane with PS from Des. Ch 136.100 to Des. Ch. 182.300 of Belgaum-Hungund-Raichur Section of NH-748A Package-4,1311,1123.35,1.21,3,28-09-2027,,07-02-2024
643,Roads & Highways,Ministry of Road Transport & Highways,National Highways Authority of India [NHAI],619106,4 Lane with PS from Des. Ch 182.300 to Des. Ch. 228.500 of Belgaum-Hungund-Raichur Section of NH 748 A Package-5,1142,868.65,174.95,25,20-11-2026,,27-03-2023
644,Roads & Highways,Ministry of Road Transport & Highways,National Highways Authority of India [NHAI],618651,4 Lane with PS from Des. Ch 43.800 to Des. Ch. 89.900 of Belgaum-Hungund-Raichur Section of NH-748A Package-2,1428,1293.94,397.9,31,28-02-2027,,20-02-2024
645,Roads & Highways,Ministry of Road Transport & Highways,National Highways Authority of India [NHAI],618691,4 laning of Aligarh-Palwal Section from Km. 46.390 Design Chainage to Km. 69.110 Terminating at junction EPE Package-II from Kurana- Eastern Peripheral Expressway of NH-334D,939,903.94,95.24,2,26-08-2027,,15-03-2024
646,Roads & Highways,Ministry of Road Transport & Highways,National Highways Authority of India [NHAI],619158,4 Laning of Duburi Chandikhole from km 388.376 to km 428.074 Pkg-III,789,907.61,336.11,86,09-08-2022,,19-01-2018
647,Roads & Highways,Ministry of Road Transport & Highways,National Highways Authority of India [NHAI],618826,4 Laning of NH-544D from Km 0.000 to km 37.000 of Anantapur- Muchukota section Pkg-1,908,905.98,411.28,91,21-07-2025,,11-10-2022
648,Roads & Highways,Ministry of Road Transport & Highways,National Highways Authority of India [NHAI],618827,4 Laning of NH-544D from Km 37.000 to km 69.000 of Muchukota- Bugga section Pkg-2,1098,1055.23,320.17,70,15-08-2025,,14-10-2022
649,Roads & Highways,Ministry of Road Transport & Highways,National Highways Authority of India [NHAI],618964,4 Laning of Sandalpur to Nasrullaganj Pkg-1 section of NH-146B Length 43.2 Km.,1426,0,6.6,0,09-01-2028,,30-03-2025
650,Roads & Highways,Ministry of Road Transport & Highways,National Highways Authority of India [NHAI],619157,4 Laning of Talcher to end of Kamakhyanagar Bypass km 8.844 - km 15.725 of NH-149 and km 301.875 - km 335.946 of NH-53 Pkg-I,795,810.71,188.53,99,19-08-2021,,14-01-2018
651,Roads & Highways,Ministry of Road Transport & Highways,National Highways Authority of India [NHAI],619167,4 Laning with PS of Pathrapalli-Katghora km 53.3 to km 92.6 Pkg-II of Bilaspur Kathghora,865,1275.26,412.34,93,03-12-2022,27-07-2023,17-12-2019
652,Roads & Highways,Ministry of Road Transport & Highways,NHIDCL,618282,4-L Bilasipara-Guwahati Package-10,1265,0,383.37,46,18-06-2026,,31-03-2023
653,Roads & Highways,Ministry of Road Transport & Highways,NHIDCL,618283,4-L Bilasipara-Guwahati Package-9,1000,0,322.08,45,11-06-2026,,07-03-2023
654,Roads & Highways,Ministry of Road Transport & Highways,National Highways Authority of India [NHAI],618913,4-L of Rajamunda to Barkote Section of NH-23 from km. 287.200 to km. 337.185,610,630.97,114.77,96,13-06-2021,31-12-2024,26-10-2017
655,Roads & Highways,Ministry of Road Transport & Highways,NHIDCL,618316,4-Laning of Vairengte - Chhimluang section Package-3 of NH-306 from Existing Chainage km 43000 to Km 59700 Design Chainage km 46000 to km 60850 on Silchar - Vairengte- Sairang road in the State of Mizoram under Bharatmala Pariyojna under NHO-NE. Package-1&2 in Assam state,491,0,0,0,07-01-2027,,03-12-2021
656,Roads & Highways,Ministry of Road Transport & Highways,NHIDCL,618435,4-Laning from Rangagara to Kaliabor Tiniali from km 297.00 to km 315.315 of NH-37 on EPC basis under SARDP-NE in state of Assam,387,0,0,0,21-04-2020,31-03-2025,12-01-2016
657,Roads & Highways,Ministry of Road Transport & Highways,NHIDCL,618328,4-Laning of Balance work of Dimapur-Kohima Road from design km 152.490 to km 166.700 Existing km 156.000 to km 172.900 Excluding Dimapur & Kohima Bypass under SARDP-NE Package-III,563,794.75,0,0,28-09-2025,,31-03-2016
658,Roads & Highways,Ministry of Road Transport & Highways,NHIDCL,618317,4-Laning of chhimluang-Kolasib from section pkg-4 of NH-306 & NH-6 existing chainage km 59700 to km 86000 design chainage km 61000 to km 77500 on Silchar-vairengte-sairang road in the state of Mizoram under Bharatmala Pariyojna on EPC mode Vairengte - Sairang Pkg-4,562,0,0,0,07-01-2027,,20-12-2021
659,Roads & Highways,Ministry of Road Transport & Highways,NHIDCL,618314,4-Laning of Dhanehari Lailapur / Vairengte section from Existing Chainage km 12920 to km 43000 of NH 306 Design Chainage km 20000 to km 49360 on Silchar - Vairengte Sairang road in the State of Assam under Bharatmala Pariyojna on EPC mode. Project Length 29.360 km under NHO-NE Package-2,1716,0,848.23,79,14-08-2026,,31-03-2023
660,Roads & Highways,Ministry of Road Transport & Highways,MoRTH,618033,4-Laning of Itanagar to Bandardewa section of NH-415from km 40430 to km 51735 Package-Bon EPC Mode in the state of Arunachal Pradesh Job NO. 415/Ar. P/2020-21/031,496,0,153.63,48,07-12-2024,,24-06-2020
661,Roads & Highways,Ministry of Road Transport & Highways,NHIDCL,618436,4-Laning of Jamugurihat to end of Biswanath Chariali By-Pass from Km 182.000 to Km 208.000 of NH-52 on EPC mode in state of Assam under SARDP-NE,599,0,404.62,100,19-06-2019,31-03-2025,31-03-2015
662,Roads & Highways,Ministry of Road Transport & Highways,NHIDCL,618318,4-Laning of Kolasib - Sethawn section Package-5 of NH-6 from Existing Chainage km 86000 to km 107850 Design Chainage km 77500 to km 95500 on silchar - vairengte - sairang road under Bharatmala Pariyojna on EPC mode under NHO-NE Vairengte - Sairang Pkg-5,720,0,0,0,07-07-2027,,17-11-2021
663,Roads & Highways,Ministry of Road Transport & Highways,NHIDCL,618438,"4-Laning of NH-37 Section between Demow to End of Moran Bypass From Km. 534.800 to Km. 561.700 including Emergency Landing Facility ELF under SARDP-NE, Phase 'A' in the State of Assam on EPC mode",386,0,0,0,15-08-2025,09-01-2025,14-01-2016
664,Roads & Highways,Ministry of Road Transport & Highways,NHIDCL,618319,"4-Laning of Sethawn - N. Kawnpui section Package-6 of NH-6 from Existing Chainage km 107850 to km 126315 Design Chainage km 95500 to km 111850 on Silchar-Vairengte- Sairang road, Vairengte - Sairang Pkg-6",596,0,0,0,07-01-2027,,20-12-2021
665,Roads & Highways,Ministry of Road Transport & Highways,NHIDCL,618315,4-Laning of Silchar - Dhanehari section from Existing Chainage km 263800 of NH 37 to km 12920 of NH 306 Design Chainage km 0000 to km 20000 on Silchar - Vairengte - Sairang road in the State of Assam under Bharatmala Pariyojna on EPC mode Package-1,1257,0,0,0,23-07-2026,,28-02-2023
666,Roads & Highways,Ministry of Road Transport & Highways,National Highways Authority of India [NHAI],618672,4-lanning of Gyaraspur to Rahatgarh section of NH-146 from Design Ch. 88361 to Ch 124470 in the state of MP on HAM mode,903,592.44,49.09,5,05-11-2027,,28-10-2024
667,Roads & Highways,Ministry of Road Transport & Highways,National Highways Authority of India [NHAI],618671,4-lanning of Rahatgarh to Berkhedi section of NH-146 from Design Ch 124470 to Ch. 134.549,618,342.69,3.67,0,20-12-2027,,30-03-2025
668,Roads & Highways,Ministry of Road Transport & Highways,National Highways Authority of India [NHAI],619103,4/6 Laning of Raipur-Simga Pkg-I from km. 0.00 to km. 48.58,1097,1172.36,18.71,100,20-04-2018,,
669,Roads & Highways,Ministry of Road Transport & Highways,National Highways Authority of India [NHAI],618495,4/6L Access Control Expressway from Design Chainage Km 515.000 to 528.300 Kunjwani to Sidhra Section of NH-44 and from Design Chainage Km 550.900 to Km 566.520 Domel to Katra Section Phase II-Package XVII,2895,2894.74,767.85,55,13-06-2025,19-02-2026,29-06-2022
670,Roads & Highways,Ministry of Road Transport & Highways,National Highways Authority of India [NHAI],618785,4/6L Greenfield LudhianaRupnagar highway from Jn. with NE-5 village near to ManewalLudhiana to Jn. with NH-205 near Bheora Village Rupnagar from Km 66.0 to Km 91.0 i/c spur to Kharar from Km 0.0 to Km 19.5 with Ludhiana bypass of NH-205K Pkg-3,1501,1815.13,992.7,76,15-02-2025,,30-07-2021
671,Roads & Highways,Ministry of Road Transport & Highways,National Highways Authority of India [NHAI],618969,4/6L of Spur to Haridwar Greenfield from Km. 0.000 to Km. 50.70,2156,2612.3,1418.57,90,19-02-2025,31-03-2026,15-11-2021
672,Roads & Highways,Ministry of Road Transport & Highways,National Highways Authority of India [NHAI],618517,4/6L of Bangalore - Pune Section of bypass connecting Dharwad - Hubli from km. 403.80 to km. 433.20,1135,763.36,675.75,77,21-09-2025,,27-12-2021
673,Roads & Highways,Ministry of Road Transport & Highways,National Highways Authority of India [NHAI],619132,4/6L of Gurgaon - Pataudi - Rewari from km. 0.00 to km.43.87 of NH-352W,1810,1917.5,462.02,72,23-11-2023,31-12-2025,11-05-2020
674,Roads & Highways,Ministry of Road Transport & Highways,NHAI,618567,4/6L of Northern Ayodhya Bypass starting Km. 112.540 and ending Km. 139.928 north of existing NH-27 part-1 and part-2 south of NH-27 from km 0.000 to km 5.000.,2289,1834.25,125.93,16,06-01-2028,,02-08-2024
675,Roads & Highways,Ministry of Road Transport & Highways,National Highways Authority of India [NHAI],618935,4L Ambala - Kalaamb from Km. -0.800 to Km. 33.015 of old NH-72,1184,1190.34,452.04,100,08-06-2025,,11-10-2022
676,Roads & Highways,Ministry of Road Transport & Highways,NHAI,618741,4L Greenfield Alignment from Kalyanapur to Tal Dashraha of NH-119D Pkg-III,1858,1969.3,345.76,30,15-02-2025,,04-03-2022
677,Roads & Highways,Ministry of Road Transport & Highways,National Highways Authority of India [NHAI],618852,4L Sundar Nagar Bypass from Km.173.900 to Km.179.600 of NH-21,191,192.11,181.27,100,14-06-2024,,22-02-2022
678,Roads & Highways,Ministry of Road Transport & Highways,National Highways Authority of India [NHAI],618811,4L Access Controlled Greenfield Highway Section Mancherial Warangal from Pangidipalle village at Design Ch. 72.350 Km to Oorugonda village at Design Ch. 112.240 KmPackage-III,1184,1170.64,83.29,0,13-06-2027,,27-03-2023
679,Roads & Highways,Ministry of Road Transport & Highways,National Highways Authority of India [NHAI],619143,4L Access Controlled Greenfield Highway section on NH-163G Khammam Vijayawada from BrahmanapalliK village at Design Ch. 250.400 Km to Remidicherla village at Design Ch. 280.200 KmPackage-II,826,862.58,35.2,7,26-03-2027,,24-03-2023
680,Roads & Highways,Ministry of Road Transport & Highways,National Highways Authority of India [NHAI],618817,4L Access Controlled Greenfield Highway section on NH-163G Khammam Vijayawada from V. Venkatayapalem village at Design Ch. 220.480 Km to BrahmanapalliK village at Design Ch. 250.400 Km Package-I.,973,1021.96,138.15,21,18-03-2027,,16-03-2023
681,Roads & Highways,Ministry of Road Transport & Highways,National Highways Authority of India [NHAI],618816,4L Access Controlled Greenfield Highway section on NH-163G Warangal-Khammam from Thallasenkesa village at Design Ch. 189.650 km to V.Vekatayapalem village in Khammam District at Design Ch. 220.480 KmPackage-III,1105,1098.05,71.86,1,03-07-2027,,28-03-2023
682,Roads & Highways,Ministry of Road Transport & Highways,National Highways Authority of India [NHAI],618814,4L Access Controlled Greenfield Highway section on NH163G Warangal-Khammam from Oorugonda village in Hanamkonda District at Design Ch. 112.240 Km to Venkatpur village in Warangal District at Design Ch. 150.240 KmPackage-I,1143,1140.82,50.62,0,12-06-2027,,29-03-2023
683,Roads & Highways,Ministry of Road Transport & Highways,National Highways Authority of India [NHAI],618481,4L Bangalore-Chennai Expressway from Km. 230.000 to Km. 261.705 of Kanchepuram to Sriperumbudur Section Phase-III/Package-IV,3606,3605.73,881.54,83,09-07-2024,,25-02-2021
684,Roads & Highways,Ministry of Road Transport & Highways,National Highways Authority of India [NHAI],618792,4L Bhiwani-Hansi road section of NH-148B,1330,1144.21,395.59,99,17-12-2025,,04-11-2022
685,Roads & Highways,Ministry of Road Transport & Highways,National Highways Authority of India [NHAI],618570,4L Elevated Highway and at grade improvements at Gopalganj Town from Km. 384.000 to Km. 386.750 on NH-27,326,248.92,223.75,99,31-08-2024,,20-10-2021
686,Roads & Highways,Ministry of Road Transport & Highways,National Highways Authority of India [NHAI],618841,4L Elevated Section and at-grade improvements at Begusarai town Simaria - Khagaria section from Km. 221.047 to Km. 225.302 of NH-31,491,348.38,325.6,93,23-12-2024,28-12-2025,15-10-2021
687,Roads & Highways,Ministry of Road Transport & Highways,NHAI,619065,4L Expressway from Km 26.400 to km 53.500 of Malur to Bangarpet section of Bangalore-Chennai Expressway Phase-I Package-II,1745,1729.63,-54.57,99,19-09-2023,31-03-2024,18-12-2020
688,Roads & Highways,Ministry of Road Transport & Highways,National Highways Authority of India [NHAI],618865,4L from Gaju Village at Km. 32.982 to Devinagar Bypass End at Km. 208.000 of NH-530B Pkg-1C.,1385,1496.44,823.04,99,01-01-2025,,25-12-2021
689,Roads & Highways,Ministry of Road Transport & Highways,National Highways Authority of India [NHAI],618661,4L from km 0.000 to 42.040 Bhopal Ratnaigiri Tiraha to Vidisha Morikodi,1032,1038.18,3.91,1,12-11-2027,,18-10-2024
690,Roads & Highways,Ministry of Road Transport & Highways,National Highways Authority of India [NHAI],618830,4L from Km 147.450 Bhogu to Km 196.870 Sankha on NH-75 Sec-III,1518,1652.09,962.19,76,08-11-2025,,03-10-2022
691,Roads & Highways,Ministry of Road Transport & Highways,National Highways Authority of India [NHAI],618829,4L from km 196.87 Sankha to km 219.6 Khajuri on NH-75 [Rehla / Garhwa Bypass],1129,1129.48,527.11,93,06-10-2023,,29-09-2020
692,Roads & Highways,Ministry of Road Transport & Highways,National Highways Authority of India [NHAI],618828,4L from Km 219.600 Khajuri to Km 260.483 Wyndhamganj on NH-75 Sec-V,1436,1465.55,826.62,92,14-09-2025,,30-03-2022
693,Roads & Highways,Ministry of Road Transport & Highways,National Highways Authority of India [NHAI],618864,4L from Mathura Bypass Start at Existing Km. 154.20 of NH-44 to Gaju Village at Km 32.982 of NH-530B Pkg-IB,1722,1820.77,1001.58,99,19-03-2025,08-10-2025,07-01-2022
694,Roads & Highways,Ministry of Road Transport & Highways,National Highways Authority of India [NHAI],618566,4L Green Field Northern East side Gorakhpur Bypass 26.616 Kms starting from NH-29E Chainage 83.308 and end at NH-28 Chainage 285.100,1974,1244.44,862.22,61,02-01-2026,,28-02-2023
695,Roads & Highways,Ministry of Road Transport & Highways,National Highways Authority of India [NHAI],618760,4L Greenfield a Malout bypass from ch. Km 44.500 to ch. Km 35.500 on NH-07 and Ch. Km 0.000 to Km 6.984 on NH-09 bMandi Dabwali Bypass from Ch. 38.450 Km to Km 27.910 Pkg-02,646,556.09,549.19,98,01-07-2024,01-12-2024,12-11-2021
696,Roads & Highways,Ministry of Road Transport & Highways,National Highways Authority of India [NHAI],618739,4L Greenfield Alignment of Amas to Shivrampur from 0.000 Km. to 55.002 Km. of NH 119 D Pkg-I,1391,1427.43,282.35,33,29-03-2025,31-12-2025,01-02-2022
697,Roads & Highways,Ministry of Road Transport & Highways,National Highways Authority of India [NHAI],618740,4L Greenfield Alignment of Shivrampur to Ramnagar from Km. 55.002 to Km. 109.300 of NH 119 D Pkg-II,1494,1546.07,193.54,39,03-07-2025,31-12-2025,02-02-2022
698,Roads & Highways,Ministry of Road Transport & Highways,National Highways Authority of India [NHAI],618807,"4L Greenfield Road connecting North and South industrial cluster of Khandaleru Creek near Krishnapatnam port at Thamminapatnam to Mollur from Km 0.0 to Km 16.046, Part I & 6L extension of dedicated port road of NH-67 Km 18.0 to Km 19.3, Part II",609,559.98,425.92,73,24-09-2025,,24-08-2022
699,Roads & Highways,Ministry of Road Transport & Highways,National Highways Authority of India [NHAI],618654,4L Greenfield Rudhi to Deshgaon Pkg V of Betul-Khandwa/Deshgaon,521,469.68,168.56,59,05-10-2025,31-03-2026,04-11-2022
700,Roads & Highways,Ministry of Road Transport & Highways,National Highways Authority of India [NHAI],619063,4L Greenfield spur from Delhi-Vadodara Greenfield expressway near Bandikui to Jaipur,1636,2170.39,1204.74,100,10-11-2024,,09-03-2022
701,Roads & Highways,Ministry of Road Transport & Highways,National Highways Authority of India [NHAI],618911,4L Greenfield Western Side spur of Rampur-Rudrapur Section from Km 0.000 to Km 13.700 connecting NH-24 to NH-87 bypassing rampur town,646,637.83,146.1,62,02-11-2024,14-03-2026,05-12-2021
702,Roads & Highways,Ministry of Road Transport & Highways,National Highways Authority of India [NHAI],619093,4L Ismailabad to Ambala Section of NH-152 Lot-4/Package-1,609,454.34,153.43,60,06-12-2025,,28-02-2023
703,Roads & Highways,Ministry of Road Transport & Highways,National Highways Authority of India [NHAI],618867,4L Kasganj-Badaun Section from Km. 123.100 to Km. 179.500 Pkg-III of NH530B,2009,1936.61,20.92,6,29-05-2027,,28-03-2023
704,Roads & Highways,Ministry of Road Transport & Highways,National Highways Authority of India [NHAI],618584,4L Kishanganj - Bahadurganj section greenfield from km. 0.000 to km. 22.600,963,855.56,9.27,0,19-12-2027,,27-01-2025
705,Roads & Highways,Ministry of Road Transport & Highways,National Highways Authority of India [NHAI],618834,4L Kodinar - Veraval Package VI from km. 222.400 to km. 230.00 Kodinar Bypass of NH-8E NH 51 new,163,192.01,162,100,20-09-2023,,31-03-2022
706,Roads & Highways,Ministry of Road Transport & Highways,National Highways Authority of India [NHAI],618588,4L Mitigation Measure structures on CH/MH Border to Wainganga Bridge Section of NH-6 New NH-53,540,468.92,464.24,99,07-11-2023,04-01-2025,06-02-2021
707,Roads & Highways,Ministry of Road Transport & Highways,National Highways Authority of India [NHAI],618735,4L of Chandesara to Khedakhajuriya from Km. 0.000 to - 750 & Km 0.000 to km 41.400 of NH-148NG Pkg-I,910,976.55,399.02,99,31-05-2024,24-12-2024,27-12-2021
708,Roads & Highways,Ministry of Road Transport & Highways,National Highways Authority of India [NHAI],619073,4L of 42.000 to km 80.00 of Dodaballapur Bypass to Hoskote section of NH-648 Old NH-207 [Bangalore Ring Road Pkg 2],1318,1846.52,741.65,99,21-02-2023,,28-02-2020
709,Roads & Highways,Ministry of Road Transport & Highways,National Highways Authority of India [NHAI],618702,4L of Addahole Near Gundya to Bantwal Cross section Pkg-02 from Design Km 270.270 to Design km 318.55 including flyover at Kalladka Town including approaches from Km. 311.57 to Km. 313.67 of NH-75 Old NH-48,1660,1318.24,1241.17,91,22-11-2023,30-04-2026,23-12-2020
710,Roads & Highways,Ministry of Road Transport & Highways,National Highways Authority of India [NHAI],618906,4L of Amritsar-Ghoman - Tanda - Una Section from Km 8.270 to Km 54.000 of NH-503A Package-I,858,1443.47,466.87,59,19-06-2024,,23-12-2020
711,Roads & Highways,Ministry of Road Transport & Highways,NHAI,618779,4L of Aurangabad-Paithan,1505,349.96,305.2,96,23-07-2024,,19-09-2022
712,Roads & Highways,Ministry of Road Transport & Highways,National Highways Authority of India [NHAI],619147,4L of Bal Works of Mahuva to Kagvadar from 100.450 Km. to 140.470 Km. of NH-8E Pkg- III,603,628.49,230.04,99,23-09-2022,,19-08-2020
713,Roads & Highways,Ministry of Road Transport & Highways,National Highways Authority of India [NHAI],618835,4L of Bal Works of Talaja - Mahuva from 54.990 km. to 100.450 km. of Old NH-8E Package-II,698,735.51,418.41,100,24-09-2022,,19-08-2020
714,Roads & Highways,Ministry of Road Transport & Highways,National Highways Authority of India [NHAI],618915,4L of Bal. works of Patna - Gaya -Dobhi Pkg-II from km. 39.00 to km. 83.00 of Old NH-83,1637,777.2,728.91,89,08-11-2022,30-05-2025,18-09-2019
715,Roads & Highways,Ministry of Road Transport & Highways,National Highways Authority of India [NHAI],618916,4L of Bal. works of Patna - Gaya -Dobhi Pkg-III from km. 83.00 to km. 127.217 of Old NH-83,1077,799.7,774.78,92,23-11-2022,15-05-2025,18-09-2019
716,Roads & Highways,Ministry of Road Transport & Highways,National Highways Authority of India [NHAI],619163,4L of Baramati to Indapur Pkg-II from km. 41.400 to km. 84.550 of NH-965G Saint Tukaram Marg,1471,1297.48,860.4,86,08-09-2023,31-05-2025,15-01-2021
717,Roads & Highways,Ministry of Road Transport & Highways,National Highways Authority of India [NHAI],618949,4L of Basukinath- Deoghar Section of NH-114A,1445,1553.76,643.59,78,11-12-2025,,06-09-2022
718,Roads & Highways,Ministry of Road Transport & Highways,National Highways Authority of India [NHAI],618809,4L of Beas-Mehta-Batala-Dera Baba Nanak from intersection with Jalandhar-Amritsar Highway NH-3 near Beas till start of Batala Bypass near Village Acchhal from Km. 0.000 to Km. 31.300 Pkg-1,810,966.99,489.99,63,21-06-2025,,16-08-2021
719,Roads & Highways,Ministry of Road Transport & Highways,National Highways Authority of India [NHAI],618887,4L of Bettadahalli- Shivamogga section from Km.170.415 to km. 226.750 of NH-206 Tumkur- Shivamogga Pkg-IV,2083,2545.11,861.2,80,19-10-2023,31-10-2024,22-01-2019
720,Roads & Highways,Ministry of Road Transport & Highways,National Highways Authority of India [NHAI],618889,"4L of Bhangbar Near Ranital to Kangra Bypass Section of Old NH-88 New NH-303,503 up to Intersection with NH-154 from Km 175.270 to Km 193.400 Pkg-VB",1323,1829.49,739.27,97,27-12-2024,,18-03-2021
721,Roads & Highways,Ministry of Road Transport & Highways,National Highways Authority of India [NHAI],619148,4L of Bhavnagar - Talaja Package-I from Km. 6.945 to Km. 54.990 of Old NH-8E,1186,1343.16,53.18,100,06-08-2019,,
722,Roads & Highways,Ministry of Road Transport & Highways,National Highways Authority of India [NHAI],618639,4L of Bilaspur to Urga km 0.00 to 70.2 of NH-130A,1856,2523.86,719.76,94,24-03-2024,,27-04-2020
723,Roads & Highways,Ministry of Road Transport & Highways,National Highways Authority of India [NHAI],618962,4L of Budhni to Shahganj Bypass End Package-III of NH-146B from Km. 73.750 to Km. 102.000,1103,770.21,11.6,9,17-08-2027,,07-03-2024
724,Roads & Highways,Ministry of Road Transport & Highways,National Highways Authority of India [NHAI],619115,4L of Byrapura to Challakere Section from km 308.550 to km 358.500 of NH-150 A,797,1195.54,77.9,100,30-12-2020,03-06-2021,24-03-2018
725,Roads & Highways,Ministry of Road Transport & Highways,National Highways Authority of India [NHAI],618668,4L of Chowka to Kaimaha near MP/UP Border section NH-34 from D. Ch. 145.000 to D. Ch. 197.266 excluding existing Chhatarpur bypass from D. Ch. 160.307 to D. Ch. 168.630 Package-4,996,846.68,100.9,17,21-09-2027,,18-10-2024
726,Roads & Highways,Ministry of Road Transport & Highways,National Highways Authority of India [NHAI],618616,4L of Dhrol bypass section of NH-151A Approx. length 5.7 Km & widening upto 4 laning of missing link of Amran section of NH-151A Approx. length 6.55 Km from existing Ch. 42000 to 48500 of ongoing Dhrol-Bhadra-Pipaliya section of NH-151A,626,455.54,50.38,10,02-02-2027,,06-03-2024
727,Roads & Highways,Ministry of Road Transport & Highways,National Highways Authority of India [NHAI],619137,4L of Dwarka-Khambaliya-Devariya section from km 203.500 to km 176.500 and from km 171.800 to km 125.000 of NH-151A,1025,1753.95,542.11,100,07-08-2022,06-06-2023,24-01-2019
728,Roads & Highways,Ministry of Road Transport & Highways,National Highways Authority of India [NHAI],618810,4L of existing Beas Baba Bakala - Dera Baba Nanak Section from start of Batala Bypass till intersection with Ajnala Gurdaspur Highway NH 354 near Dera Baba Nanak from Km. 31.300 to Km. 69.100 with Additional batala Bypass Pkg-II,1003,993.6,581.69,77,21-06-2025,,21-10-2021
729,Roads & Highways,Ministry of Road Transport & Highways,National Highways Authority of India [NHAI],618645,4L of Gola-BokaroJaina More section from Km 53.600 to Km 21.110 of NH-320PKG-1,1008,1030.64,366.78,76,25-06-2025,18-01-2026,25-02-2022
730,Roads & Highways,Ministry of Road Transport & Highways,NHAI,619127,4L of Greenfield Alignment from Km. 47.000 to Km. 89.210 of Balbhadarpur to Bela Nawda Section of NH-119D,2186,2118.46,373.6,22,10-03-2026,,30-03-2022
731,Roads & Highways,Ministry of Road Transport & Highways,National Highways Authority of India [NHAI],619153,4L of HP/Punjab Border - Mo from km. 11.00 to km. 42.00 of Old NH-20 New NH-154 Package-IA,1002,1363.04,490.83,53,17-05-2024,31-12-2025,26-03-2021
732,Roads & Highways,Ministry of Road Transport & Highways,National Highways Authority of India [NHAI],619121,4L of Hubli - Hospet Section of NH-63 from Km 128.850 to Km 272.571,2532,3619.32,-5.15,99,13-03-2020,05-05-2022,
733,Roads & Highways,Ministry of Road Transport & Highways,National Highways Authority of India [NHAI],618557,4L of Indora Chowk to Pachpaoli and Agrasen Chowk - Ashoka Chowk,1039,918.53,578.95,72,30-06-2026,,20-03-2023
734,Roads & Highways,Ministry of Road Transport & Highways,National Highways Authority of India [NHAI],618622,4L of Indore - Boregaon Pkg-III [Balwara to Dhangaon] from km. 42.260 to km. 82.660 of NH347BG & 753L,1002,888.81,687.3,87,21-04-2024,31-05-2025,21-01-2021
735,Roads & Highways,Ministry of Road Transport & Highways,National Highways Authority of India [NHAI],619092,4L of Jind-Gohana road Package-1 from km. 0.00 to km. 40.601 of NH-352 A under NHO,994,1606.82,416.79,99,23-07-2022,,25-01-2019
736,Roads & Highways,Ministry of Road Transport & Highways,National Highways Authority of India [NHAI],618765,4L of Karimnagar-Warangal section from km 49.500 to km 117.820 of NH-563,2147,2486.51,846.49,86,16-07-2025,21-12-2025,09-03-2022
737,Roads & Highways,Ministry of Road Transport & Highways,National Highways Authority of India [NHAI],618838,4L of Karwar Km. 281.980 of NH-62 Nagaur road to Dangiyavas of Jodhpur Ring Road Pkg-II,737,512.77,395.36,99,28-08-2024,,26-11-2021
738,Roads & Highways,Ministry of Road Transport & Highways,National Highways Authority of India [NHAI],618921,4L of Kathlighat to Shakral Village from Km 128.835 to Km 146.300 of NH- 5 Shimla Bypass - Pkg I,1703,2648.8,848.23,50,21-04-2026,,21-03-2022
739,Roads & Highways,Ministry of Road Transport & Highways,National Highways Authority of India [NHAI],618545,"4L of Km.165.092 to Km.171.855 North Bound and from Km.166.895 to Km.173.638 South Bound, excl. certain reaches of North Bound and South Bound of Ramban to Banihal Pkg-III of Old NH-1A New NH-44",614,444.76,236.96,42,03-08-2024,,19-07-2021
740,Roads & Highways,Ministry of Road Transport & Highways,National Highways Authority of India [NHAI],618945,4L of Kodad Design Km 0.00/Existing Km 185.00 of NH-65 to Khammam Design Km 31.800/Existing Km 29.400 of NH-365A,1149,1606.99,688.18,99,31-05-2024,31-05-2025,22-01-2021
741,Roads & Highways,Ministry of Road Transport & Highways,National Highways Authority of India [NHAI],618608,4L of left-over works including additional structures from Kerala/Tamil Nadu border to Kanyakumari Section from Km 43.0 to Km 96.174 of NH66,1564,1263.42,838.6,72,01-08-2025,30-04-2026,09-11-2022
742,Roads & Highways,Ministry of Road Transport & Highways,National Highways Authority of India [NHAI],618709,4L of Left-Over Works of Hospet-Bellary -Karnataka/AP border from Km.280.080 Dec.Ch. to Km.375450Des.Ch. of NH-63 New-67,1340,992.6,843.3,86,14-05-2025,28-02-2027,06-03-2023
743,Roads & Highways,Ministry of Road Transport & Highways,National Highways Authority of India [NHAI],618778,4L of Madanapalle to Pileru Section from Km 0.000 to Km 55.900 of NH-71Package-I,1877,1994.1,1104.54,94,12-01-2025,07-06-2025,23-02-2022
744,Roads & Highways,Ministry of Road Transport & Highways,National Highways Authority of India [NHAI],618894,4L of Madathukulam - Pollachi from km. 74.38 to km. 116.95 of old NH-209 New NH-83,1772,1772.13,211.83,91,03-12-2022,,22-01-2019
745,Roads & Highways,Ministry of Road Transport & Highways,National Highways Authority of India [NHAI],618563,4L of Madurai Ring Road Phase 1 [Vadipatti-Thamrapatti] from km 0.00 - km 29.960,900,900.05,606.61,92,15-03-2022,31-08-2025,06-12-2018
746,Roads & Highways,Ministry of Road Transport & Highways,National Highways Authority of India [NHAI],618946,4L of Mehgama - Hansdiha from km. 41.900 to km. 93.000 of NH -133A Pkg-II,1480,1568.18,866.61,99,07-05-2025,09-03-2026,31-03-2022
747,Roads & Highways,Ministry of Road Transport & Highways,National Highways Authority of India [NHAI],618937,4L of Nagpur-Katol Section from Km. 13.00 to Km. 62.900 of NH-353J,1167,1432.82,836.47,81,28-10-2023,,11-02-2021
748,Roads & Highways,Ministry of Road Transport & Highways,National Highways Authority of India [NHAI],619162,4L of Najibabad Bypass from Km. 105.423 to Km. 118.373 excluding 2.45 Km. of NH-74 Bypass of NH-119,578,566.9,438.31,100,20-06-2024,31-10-2025,10-01-2022
749,Roads & Highways,Ministry of Road Transport & Highways,National Highways Authority of India [NHAI],618667,4L of near Satai Ghat to Chowka section of NH-34 from D. Ch. 89.875 to D. Ch. 145.000 Package-3,1006,882.21,14.38,5,27-10-2027,,18-10-2024
750,Roads & Highways,Ministry of Road Transport & Highways,National Highways Authority of India [NHAI],618947,4L of NH-80 from km 215.00 to km 260.00 Mirza Chauki to Farkka Pkg-I,1505,1508.21,784.64,91,04-07-2023,27-02-2026,24-03-2018
751,Roads & Highways,Ministry of Road Transport & Highways,National Highways Authority of India [NHAI],618948,4L of NH-80 section of Mirza Chauki to Farakka section from existing km 190.00 to design km 200.75 junction at km 3.100 of NH 133 B and from existing km 260.00 to existing km 283.00 design km 274.133 in the state of Jharkhand package - II,782,0,0,0,31-01-2028,,27-02-2025
752,Roads & Highways,Ministry of Road Transport & Highways,National Highways Authority of India [NHAI],618644,4L of Ormanjhi-Gola section from Km 81.450 to Km 53.600 of NH- 320BPKG-II,1215,1462.19,765.76,86,20-06-2025,,28-02-2022
753,Roads & Highways,Ministry of Road Transport & Highways,National Highways Authority of India [NHAI],619113,4L of Padalur - Trichy section from km. 285.00 to km. 325.00 of NH - 45 Pkg VI-C,556,235.8,-0.08,100,24-05-2009,,
754,Roads & Highways,Ministry of Road Transport & Highways,National Highways Authority of India [NHAI],618642,4L of Palma to Gumla from km. 26.00 to km. 89.170 of NH-23,1883,1895.75,829.81,98,31-03-2024,08-10-2024,04-03-2020
755,Roads & Highways,Ministry of Road Transport & Highways,National Highways Authority of India [NHAI],618777,4L of Pileru to Kalur Section from Km 55.900 to Km 92.800 & Km 94.500 to Km 95.717 of NH-71Package-II,1877,592.85,245.99,98,18-11-2025,,11-03-2022
756,Roads & Highways,Ministry of Road Transport & Highways,National Highways Authority of India [NHAI],618910,4L of Purulia Bypass section from Km 84.030 to Km 94.345 of NH-32,558,562.57,444.43,94,08-08-2023,01-02-2024,21-01-2021
757,Roads & Highways,Ministry of Road Transport & Highways,National Highways Authority of India [NHAI],618938,4L of Rajura-Korpana-Adilabad Road upto M.S. Border from km 32.910 to km 89.090 of NH-353B,1013,1274.63,546.55,100,15-10-2024,05-04-2025,30-03-2022
758,Roads & Highways,Ministry of Road Transport & Highways,National Highways Authority of India [NHAI],618837,4L of Ratnagiri - Kolhapur section from km 112.340 to km 145.300 of NH-166 PkgIII,1939,1910.41,390.17,63,24-05-2025,30-05-2026,08-02-2022
759,Roads & Highways,Ministry of Road Transport & Highways,National Highways Authority of India [NHAI],618836,4L of Ratnagiri - Kolhapur section from km 67.140 to km 112.340 of NH-166 Pkg II,1985,1798,345.9,65,24-05-2025,,11-02-2022
760,Roads & Highways,Ministry of Road Transport & Highways,National Highways Authority of India [NHAI],619149,4L of Ratnagiri - Kolhapur section of NH-166 from km 0.000 to km 19.769 and km 31.000 to km 67.140 Pkg I,1774,2108.41,622.26,83,21-11-2024,31-03-2026,14-02-2022
761,Roads & Highways,Ministry of Road Transport & Highways,National Highways Authority of India [NHAI],618665,4L of Sagar - Mohari from Km.8 to Km.50 Pkg-I,791,660.38,436.14,83,05-04-2024,28-02-2025,05-03-2021
762,Roads & Highways,Ministry of Road Transport & Highways,National Highways Authority of India [NHAI],618952,4L of Sahibganj - Manihari Ganga Bridge including Manihari Bypass,1955,1978.01,1703.84,82,31-10-2024,31-12-2026,13-10-2016
763,Roads & Highways,Ministry of Road Transport & Highways,National Highways Authority of India [NHAI],618896,4L of Sannur to Bikarnakatte section from Km 691.350 to Km 736.362 of NH-169 Karkala - Mangalore Package-III,1386,2038.71,905.16,60,08-10-2024,30-06-2026,24-03-2021
764,Roads & Highways,Ministry of Road Transport & Highways,National Highways Authority of India [NHAI],618897,4L of Sethiyathope -Cholapuram section from Km. 65.960 to Km. 116.440 section of NH45 C Pkg-II,2356,2356.9,1011.27,100,14-08-2020,30-06-2024,
765,Roads & Highways,Ministry of Road Transport & Highways,National Highways Authority of India [NHAI],618798,4L of Sonauli - Gorakhpur,2556,2275.43,1241.55,82,05-03-2025,07-02-2026,24-12-2021
766,Roads & Highways,Ministry of Road Transport & Highways,National Highways Authority of India [NHAI],618744,4L of Thirumangalam to Vadugapatti section from km 0.000 to km 36.000 of NH-744,1077,791.6,663.01,93,21-02-2025,,04-03-2022
767,Roads & Highways,Ministry of Road Transport & Highways,National Highways Authority of India [NHAI],618543,4L of twin tube tunnel configuration including approaches from Marog to Digdol from Km.154.210 to Km.158.650 North Bound and from Km.155.940 to Km.160.260 South Bound of Ramban to Banihal Pkg-I of Old NH-1A New NH-44,1912,1034.3,289.56,23,12-08-2025,15-06-2026,13-07-2021
768,Roads & Highways,Ministry of Road Transport & Highways,National Highways Authority of India [NHAI],618745,4L of Vadugapatti to Therkuvenganallur Rajapalyam section from km 36.000 to km 71.600 of NH-744,1318,1137.16,919.36,99,10-04-2025,,25-02-2022
769,Roads & Highways,Ministry of Road Transport & Highways,National Highways Authority of India [NHAI],618959,4L Prayagraj Greenfield By-pass from design Km 50860 near Nibi Kala Uperhar to design Km 64763 on NH-19 near Khodaypur Kasgaon including Interchange loop at NH-19,1018,427.54,406.31,99,26-03-2025,,24-08-2023
770,Roads & Highways,Ministry of Road Transport & Highways,National Highways Authority of India [NHAI],618881,4L PS bijni to mandi section from Km 202.815 to Km 208.000 of NH-20 New NH-154 of Pathankot-Mandi Package-VB,1113,1112.39,167.97,21,13-09-2027,,21-02-2023
771,Roads & Highways,Ministry of Road Transport & Highways,National Highways Authority of India [NHAI],618931,4L PS from Ch. 179.780 in Bitada/Movi Village to Ch. 208.900 in Nasarpore Village of NH-56 Pkg-V,764,566.96,0.24,0,26-11-2027,,03-03-2023
772,Roads & Highways,Ministry of Road Transport & Highways,National Highways Authority of India [NHAI],618930,4L PS from Ch. 94.030 in Jabugam Village to Ch. 132.320 in Dhamasiya Village of NH-56 Pkg-III,1188,898,-4.88,1,25-11-2027,,27-03-2023
773,Roads & Highways,Ministry of Road Transport & Highways,National Highways Authority of India [NHAI],618919,4L PS from Mandlem Existing Km. 38.000/Design Km.30.600 to Atmakur Existing Km.73.000/Design Km 66.115 of NH340C Package2,887,913.03,374.39,99,22-11-2025,,29-03-2023
774,Roads & Highways,Ministry of Road Transport & Highways,National Highways Authority of India [NHAI],618871,4L PS from Near Guddehosur to Start of Kushalnagara Bypass to near Hemmige Village Periyapatna - Hassan Road Jn from Km. 122.200 to Km. 144.900 of NH-275 Pkg. II,910,896.42,1.87,0,07-12-2027,,01-02-2023
775,Roads & Highways,Ministry of Road Transport & Highways,National Highways Authority of India [NHAI],618759,4L PS Mydukur - Badvel from Km 585.820 to Km 630.960 of NH-67,1064,1103.87,467.68,90,19-09-2025,,25-05-2022
776,Roads & Highways,Ministry of Road Transport & Highways,National Highways Authority of India [NHAI],619080,4L PS of Ambala Ring Road of New NH-44,1093,1225.41,353.01,68,10-10-2025,,27-02-2023
777,Roads & Highways,Ministry of Road Transport & Highways,National Highways Authority of India [NHAI],618791,4L PS under NH configuration of Manikpur-Sahebganj of NH-139W,1539,0,0.23,5,31-12-2027,,18-10-2024
778,Roads & Highways,Ministry of Road Transport & Highways,National Highways Authority of India [NHAI],618689,4L Rampur Bypass from Km. 181.000 to Km. 189.500,364,307.95,271.68,99,16-04-2024,31-01-2025,20-10-2021
779,Roads & Highways,Ministry of Road Transport & Highways,National Highways Authority of India [NHAI],618541,4L Ring road/bypass around Srinagar city from km 0.000 to km 42.100 Phase-I,2920,2604.76,1723.4,84,02-02-2024,07-10-2025,02-03-2021
780,Roads & Highways,Ministry of Road Transport & Highways,National Highways Authority of India [NHAI],619101,4L Shahpur to Muktainagar from Km. 186.000 to km 216.278 of NH 753L Pkg II of Boregaon Buzurg to Muktainagar,784,659.52,256.54,58,14-03-2026,,01-12-2022
781,Roads & Highways,Ministry of Road Transport & Highways,National Highways Authority of India [NHAI],618761,4L Spur of Meerut-Garh-Mukteshwar section connecting NH-119 and NH-58 bypassing Meerut Town of NH 709 A,992,977.73,800.68,87,16-02-2025,09-09-2025,07-10-2021
782,Roads & Highways,Ministry of Road Transport & Highways,National Highways Authority of India [NHAI],618770,4L Spur of Panipat - Shamli connecting NH-709AD Panipat Shamli Muzaffarnagar and NH-709A Karnal Meerut bypassing Shamli district UP,516,273.42,232.93,74,13-10-2024,17-03-2025,05-10-2021
783,Roads & Highways,Ministry of Road Transport & Highways,National Highways Authority of India [NHAI],618544,"4L twin tube tunnel including approaches from Digdol to Khuni Nallah North Bound connecting with existing major bridge on NB and South Bound connecting with Tunnel T4 ,Single tube tunnel of Ramban to Banihal Pkg-II of Old NH-1A New NH-44",1402,1020.99,948.25,86,07-06-2024,28-05-2025,13-07-2021
784,Roads & Highways,Ministry of Road Transport & Highways,National Highways Authority of India [NHAI],619104,4L/2L PS of Govindpur Raiganj - Chas - WB border section of from km. 0.00 to km. 56.889 of Old NH-32,1140,1154.8,6.64,99,09-12-2019,,
785,Roads & Highways,Ministry of Road Transport & Highways,National Highways Authority of India [NHAI],618697,4LPS Access Controlled Highway of Bellary Bypass Balance work from Ch. 254750 to Ch. 266837 and construction of 4LPS from Ch. 277.690 to Ch. 278.690 at D. Hirehal Village Balance work of NH 150A of Bellary Byrapura Section,626,284.05,42.5,17,31-07-2026,,07-02-2024
786,Roads & Highways,Ministry of Road Transport & Highways,National Highways Authority of India [NHAI],619077,6 laning of Balance Work of Chennai - Tada from km. 21.40 to km. 54.40,465,472.37,18.83,100,27-03-2020,02-09-2022,06-12-2017
787,Roads & Highways,Ministry of Road Transport & Highways,MoRTH,617913,6-laning of km 9.900 to km 19/948 Aramgarh to Shamshabad Section of Hyderabad-Bangalore section of NH-44 Under NHO EPC basis in the state of Telangana,283,300.7,252.28,92,09-05-2020,12-07-2021,18-01-2018
788,Roads & Highways,Ministry of Road Transport & Highways,National Highways Authority of India [NHAI],619074,6-laning of Krishnagiri Km.0.000 to Walajahpet Km.148.300 section on NH-46 under NHDP-V,1673,781.74,8.45,99,04-12-2013,,
789,Roads & Highways,Ministry of Road Transport & Highways,National Highways Authority of India [NHAI],618720,6L Access Controlled Greenfield Highway from Audireddipalle Ch. 160000 to Mallapalle Ch. 176000Package-07,987,848.06,254.31,57,06-03-2026,,21-02-2023
790,Roads & Highways,Ministry of Road Transport & Highways,National Highways Authority of India [NHAI],618721,6L Access Controlled Greenfield Highway from Chandrasekharapuram Ch. 228000 to Polavaram Ch. 260000of [NH-544G] Package-11,1293,1110.33,255.86,48,10-02-2026,22-07-2026,15-02-2023
791,Roads & Highways,Ministry of Road Transport & Highways,National Highways Authority of India [NHAI],618718,6L Access Controlled Greenfield Highway from Kavulakuntla Ch. 196000 to Narayanmpet Ch. 203500Package-09,1092,956.4,118.56,20,07-02-2027,,21-02-2023
792,Roads & Highways,Ministry of Road Transport & Highways,National Highways Authority of India [NHAI],618719,6L Access Controlled Greenfield Highway from Mallapalle Ch. 176000 to Kavulakuntla Ch. 196000 Package-08,909,751.81,225.97,45,10-02-2026,,24-02-2023
793,Roads & Highways,Ministry of Road Transport & Highways,National Highways Authority of India [NHAI],619126,6L Access Controlled Greenfield Highway from Marripudi Ch. 285500 to Somavarappadu Ch. 314600 of [NH-544G] Package-13,976,798.71,259.72,68,09-02-2026,,18-02-2023
794,Roads & Highways,Ministry of Road Transport & Highways,National Highways Authority of India [NHAI],619123,6L Access Controlled Greenfield Highway from Narayanmpet Ch. 203500 to Chandrasekharpuram Ch. 228000Package-10,814,678.21,167.64,52,10-02-2026,10-06-2026,24-02-2023
795,Roads & Highways,Ministry of Road Transport & Highways,National Highways Authority of India [NHAI],619125,6L Access Controlled Greenfield Highway from Somavarappadu Ch.314.600 to Muppavaram Ch.343240 of [NH-544G] Package-14,1104,943.66,161.56,35,11-02-2026,30-05-2026,18-02-2023
796,Roads & Highways,Ministry of Road Transport & Highways,National Highways Authority of India [NHAI],618968,6L access control Greenfield highway of Vill-Khyawari to Vill-Latifpur at Saharanpur Bypass from Km. 82.000 to Km. 119.790 Pkg-4,1428,1439.35,1184.03,97,02-09-2024,,18-03-2021
797,Roads & Highways,Ministry of Road Transport & Highways,National Highways Authority of India [NHAI],618970,6L access control Greenfield highway of Vill-Lohadda to Vill-Karaunda Mahajan from Km. 27.000 to Km. 56.500 Pkg-2,1335,1335.38,978.54,92,02-09-2024,,11-03-2021
798,Roads & Highways,Ministry of Road Transport & Highways,National Highways Authority of India [NHAI],618722,6L access Controlled Greenfield Highway from Gogwan Jalalpur Shamli to Ranipur Barsi Saharanpur of Shamli -Ambala section Package-I Design Ch. Form km 00.600 to km 45.500,1844,1247.55,611.8,58,15-05-2025,25-01-2026,23-06-2022
799,Roads & Highways,Ministry of Road Transport & Highways,National Highways Authority of India [NHAI],618712,6L Access Controlled Greenfield Highway from Kodur Ch. 0000 to Vanavolu Ch. 24300 of [NH-544G] Package-1,913,798.25,300.71,81,03-02-2026,,03-01-2023
800,Roads & Highways,Ministry of Road Transport & Highways,National Highways Authority of India [NHAI],618714,6L Access Controlled Greenfield Highway from Nallacheruvu palli Ch. 96300 to Yerragudipadu Ch. 129000 of [NH-544G] Package-5,1253,1095.78,255.75,45,10-02-2026,,18-02-2022
801,Roads & Highways,Ministry of Road Transport & Highways,National Highways Authority of India [NHAI],618715,6L Access Controlled Greenfield Highway from Odulapalle Ch. 72000 to Nallacheruvu-palli Ch. 96300 of [NH-544G]Package-4,1059,946.1,328.75,66,03-02-2026,,03-01-2023
802,Roads & Highways,Ministry of Road Transport & Highways,National Highways Authority of India [NHAI],619124,6L Access Controlled Greenfield Highway from Polavaram Ch. 260000 to Marripudi Ch. 285500 of [NH-544G]Package-12,747,626.83,178.76,60,10-02-2026,10-05-2026,18-02-2023
803,Roads & Highways,Ministry of Road Transport & Highways,National Highways Authority of India [NHAI],618723,6L access Controlled Greenfield Highway from Ranipur Barsi to Adhoya Musalmana section of Shamli -Ambala Package-II Design Ch. Form km 45.500 to km 84.400,1554,1241.89,696.34,70,16-05-2025,06-12-2025,22-06-2022
804,Roads & Highways,Ministry of Road Transport & Highways,National Highways Authority of India [NHAI],618717,6L Access Controlled Greenfield Highway from Vanavolu Ch. 24300 to Vankarakunta Ch. 45700 of [NH-544G] Package-2,751,626.91,203.14,76,01-03-2026,,03-01-2023
805,Roads & Highways,Ministry of Road Transport & Highways,National Highways Authority of India [NHAI],618716,6L Access Controlled Greenfield Highway from Vankarakunta Ch. 45700 to Odulapalle Ch. 72000 of [NH-544G]Package-3,993,888.07,279.55,67,01-03-2026,,12-12-2022
806,Roads & Highways,Ministry of Road Transport & Highways,National Highways Authority of India [NHAI],618713,6L Access Controlled Greenfield Highway from Yerragudipadu Ch. 129000 to Audireddipalle Ch. 160000 of [NH 544G] Package-6,1200,1019.69,178.28,26,10-02-2026,,15-02-2023
807,Roads & Highways,Ministry of Road Transport & Highways,National Highways Authority of India [NHAI],619168,6L access controlled Greenfield highway of Junction of EPE Vill.-Mavikalan to Vill.-Lohadda from Km. 0.000 to Km. 27.000 Pkg-1,1602,1497.94,1195.38,99,02-09-2024,,18-03-2021
808,Roads & Highways,Ministry of Road Transport & Highways,National Highways Authority of India [NHAI],618632,6L Access Controlled Greenfield Highway of Nandinne village to Julekal village from Km 202.900 to Km 242.200 Pkg-1,972,1044.06,406.04,80,03-01-2025,27-09-2025,04-02-2022
809,Roads & Highways,Ministry of Road Transport & Highways,National Highways Authority of India [NHAI],618578,6L Access Controlled Highway from DND Maharani Bagh - Jn. with Jaitpur - Pushta Road of NH-148NA from km. 0.00 to km. 9.00 in NCR,1467,2510.34,1349.87,96,08-07-2024,30-04-2026,30-07-2020
810,Roads & Highways,Ministry of Road Transport & Highways,National Highways Authority of India [NHAI],618647,6L Access Controlled Ludhiana-Bathinda Greenfield highway from Jn. with Amritsar-Bathanda Greenfield Road NH-754A near Rampura Phul to Jn. with Moga-Barnala Road NH-703 near village Tallewal from Km 0.0 to Km 30.3 of NH-754AD Pkg-1,907,1020.52,445.11,78,13-09-2025,,24-06-2021
811,Roads & Highways,Ministry of Road Transport & Highways,National Highways Authority of India [NHAI],619105,6L Access Controlled Ludhiana-Bathinda Greenfield highway from Jn. with Moga-Barnala Road NH-703 near village Tallewal to Jn. with Delhi-Katra Expressway NE-5 near Ludhiana village Ballowal from Km 30.300 to Km 75.543 of NH-754AD Pkg-2,1555,1564.66,133.77,11,29-09-2027,,05-07-2021
812,Roads & Highways,Ministry of Road Transport & Highways,National Highways Authority of India [NHAI],618681,6L Aluru - Jakkuva Section of NH-130CD Road from km 365.033 to km 396.800 Pkg. 1,1216,1241.66,627.68,93,29-03-2024,30-04-2025,10-02-2021
813,Roads & Highways,Ministry of Road Transport & Highways,National Highways Authority of India [NHAI],619099,6L Amritsar-Bathinda Greenfield section from Jn. with Moga Jalandhar road NH-703 near Dharamkot to Jn. with Bhagta Bhai Ka-Bhadaur Road near Dyalpura Bhai Ka from km 39.000 to km 93.000 of NH-754A Pkg-2,1801,2172.71,579.38,63,26-06-2026,,30-03-2021
814,Roads & Highways,Ministry of Road Transport & Highways,National Highways Authority of India [NHAI],618618,6L Amritsar-Bathinda Greenfield section from Jn. with Bhagta Bhai Ka-Bhadaur Road near Dyalpura Bhai Ka to Jn. with Mandi Dabwali Bathinda Road on NH-54 near Sangat Kalan from km 93.000 to km 154.866 of NH-754A Pkg-3,2029,2677.23,506.39,65,16-06-2026,,31-03-2021
815,Roads & Highways,Ministry of Road Transport & Highways,National Highways Authority of India [NHAI],618617,6L Amritsar-Bathinda Greenfield section from village Tiba on NE-5A to Jn. with Moga Jalandhar road NH-703 near Dharamkot from km 0.000 to km 39.000 of NH-754A Pkg-1,1229,1549.32,771.46,67,13-11-2024,18-09-2025,30-03-2021
816,Roads & Highways,Ministry of Road Transport & Highways,National Highways Authority of India [NHAI],618738,6L Bridge and its approaches across River Ganga as Part of Patna Ring Road NH-131G starting from Km 8.480 near Sherpur to Km 23.000 near Dighwara,6292,3351.62,457.62,14,05-09-2027,,27-09-2022
817,Roads & Highways,Ministry of Road Transport & Highways,National Highways Authority of India [NHAI],618499,6L Elevated Kanpur - Lucknow Exeressway Pkg-1 from Km. 10980 to Km. 28500,1973,1943.27,765.65,94,30-07-2025,,29-12-2021
818,Roads & Highways,Ministry of Road Transport & Highways,National Highways Authority of India [NHAI],618515,6L from Belgaum to Sankeshwar Bypass from Km. 515.000 to Km. 555.017 of NH-48 Pkg-I,1479,1237.04,1135.84,97,23-04-2025,31-12-2025,12-11-2021
819,Roads & Highways,Ministry of Road Transport & Highways,National Highways Authority of India [NHAI],618516,6L from Sankeshwar Bypass to MH-KNT Border from Km. 555.017 to Km. 592.853 of NH-48 Pkg-II,1389,1066.86,1021.28,77,23-04-2025,31-10-2026,20-01-2022
820,Roads & Highways,Ministry of Road Transport & Highways,National Highways Authority of India [NHAI],618680,6L Greenfield Kandili - Aluru Section of NH-130-CD Road from km 342500 to km 365033 Package-OD-8,1493,1912.84,972.27,93,17-10-2024,17-08-2025,20-12-2021
821,Roads & Highways,Ministry of Road Transport & Highways,National Highways Authority of India [NHAI],618678,6L Greenfield Baunsaguar - Baraja Section of NH-130-CD Road from km 293000 to km 338500 Package OD-6,1266,1635.44,843.65,98,31-05-2024,30-06-2025,26-08-2021
822,Roads & Highways,Ministry of Road Transport & Highways,National Highways Authority of India [NHAI],618677,6L Greenfield Kaliagura Baunsaguar Section of NH-130-CD Road from km 249000 to km 293000 Package OD-5,1540,1918.49,952.03,93,29-05-2024,31-10-2025,03-09-2021
823,Roads & Highways,Ministry of Road Transport & Highways,National Highways Authority of India [NHAI],618498,6L Greenfield Kanpur - Lucknow Expressway Pkg II from km. 28.500 to km. 73.744,2472,2489,1178.77,99,08-05-2025,,29-12-2021
824,Roads & Highways,Ministry of Road Transport & Highways,National Highways Authority of India [NHAI],618734,6L Greenfield Varanasi- Ranchi- Kolkata Highway from junction with NH-320 in Lepo village to Kamlapur villageJH/WB border from km 358.500 to km 387.200 Pkg -13,1154,1319.18,1.18,5,29-09-2027,,29-03-2023
825,Roads & Highways,Ministry of Road Transport & Highways,National Highways Authority of India [NHAI],618724,6L Greenfield Varanasi-Ranchi-Kolkata Highway from Anarbansalea village to Sagrampur village From KM. 151200 to KM. 184700Package-7,1719,1723.42,1.76,6,30-06-2027,,24-03-2023
826,Roads & Highways,Ministry of Road Transport & Highways,National Highways Authority of India [NHAI],618727,6L Greenfield Varanasi-Ranchi-Kolkata Highway from junction with Bhabhua-Adhaura road in Bhairopur village to Konki village From KM. 54.000 to KM. 90.000Pkg-3,1577,1711.44,18.62,7,05-10-2027,,27-03-2023
827,Roads & Highways,Ministry of Road Transport & Highways,National Highways Authority of India [NHAI],618726,6L Greenfield Varanasi-Ranchi-Kolkata Highway from junction with Chandauli-Chainpur Road near Khainti village to junction with Bhabhua-Adhaura road near Palka village from Km. 27.000 to Km. 54.000 Pkg-2,1241,1341.52,31.87,5,05-10-2027,,24-03-2023
828,Roads & Highways,Ministry of Road Transport & Highways,National Highways Authority of India [NHAI],618725,6L Greenfield Varanasi-Ranchi-Kolkata Highway from Pachmon village to Anarbansalea village From KM. 116000 to KM. 151200 Package-6,1916,1920.21,0.74,1,03-09-2027,,24-03-2023
829,Roads & Highways,Ministry of Road Transport & Highways,National Highways Authority of India [NHAI],619111,6L Jakkuva Korlam Section of NH-130CD Road from km 396.800 to km 421.100 Pkg 2,841,840.51,404.58,99,29-03-2024,09-07-2024,09-02-2021
830,Roads & Highways,Ministry of Road Transport & Highways,National Highways Authority of India [NHAI],619112,6L Kantakapalle Sabbavaram Section of NH-130CD Road from Km 445.100 to Km 464.662 Pkg-4,1013,1012.57,507.81,80,04-10-2024,,25-02-2021
831,Roads & Highways,Ministry of Road Transport & Highways,National Highways Authority of India [NHAI],618598,6L Minor Bridge Paloli Palam at km. 203.160 & Major Bridge Morad at km. 204.895 and allied works,210,216.94,70.89,100,11-06-2022,29-02-2024,11-03-2020
832,Roads & Highways,Ministry of Road Transport & Highways,National Highways Authority of India [NHAI],618676,6L of Dhanara - Hatibena Section from Km 124.611 to km 146.50 of NH-130-CD Package OD-1,478,638.32,297.95,99,23-03-2024,15-12-2025,11-02-2021
833,Roads & Highways,Ministry of Road Transport & Highways,National Highways Authority of India [NHAI],618601,6L of Kappirikkad to Thalikulam section from km 335.85 to km 369.015 of NH - 66 old NH-17,4226,4225.59,646.67,88,26-01-2025,25-10-2025,08-06-2021
834,Roads & Highways,Ministry of Road Transport & Highways,National Highways Authority of India [NHAI],618553,6L of Agra Bypass Northern connecting Km. 174.500 of NH-2 new NH-19 to Km. 141.000 of Yamuna Expressways,958,1034.42,757.89,99,22-02-2025,,07-01-2022
835,Roads & Highways,Ministry of Road Transport & Highways,National Highways Authority of India [NHAI],619134,6L of Ambala-Chandigarh greenfield section from Km. 0.000 to Km. 25.000 with 4L spur to Lalru from Km. 0.000 to Km. 5.828 & spur to PR-7 road from Km. 0.000 to Km. 11.157,1642,1904.79,495.6,78,12-10-2025,29-06-2026,31-03-2022
836,Roads & Highways,Ministry of Road Transport & Highways,National Highways Authority of India [NHAI],618579,6L of Anandapuram Pendurthi Anakapalli Section from km. 681.000 to km. 731.780 of NH-16,2527,2957.25,123.42,99,01-07-2021,10-01-2020,19-01-2018
837,Roads & Highways,Ministry of Road Transport & Highways,National Highways Authority of India [NHAI],618532,6L of Aurangabad to Bihar-Jharkhand border Chordaha section from km. 209.827 to Km. 249.525 of NH-19 PKG-02,1822,738.11,571.97,92,27-03-2024,30-04-2025,03-06-2021
838,Roads & Highways,Ministry of Road Transport & Highways,National Highways Authority of India [NHAI],618531,6L of Aurangabad to Bihar-Jharkhand border Chordaha section from km. 180.000 to km. 209.827 of NH-2 PKG-01,1054,786.81,86.04,17,17-12-2026,,10-02-2021
839,Roads & Highways,Ministry of Road Transport & Highways,National Highways Authority of India [NHAI],618597,6L of Azhiyur-Vengalam from km. 189.200 to km. 230.400 of NH-66,3206,3898.46,771.22,60,04-07-2024,,14-10-2020
840,Roads & Highways,Ministry of Road Transport & Highways,National Highways Authority of India [NHAI],619109,6L of Badakumari - Karki Section from Km 179.000 to km 226.500 of NH-130-CD Package OD-3,1102,1374.43,512.78,98,11-04-2024,31-12-2025,25-03-2021
841,Roads & Highways,Ministry of Road Transport & Highways,National Highways Authority of India [NHAI],619075,6L of Bhubaneswar - Jagatpur - Chandikhole Section of NH-16,639,632.89,0.26,97,10-06-2014,,
842,Roads & Highways,Ministry of Road Transport & Highways,National Highways Authority of India [NHAI],618595,6L of Chengala - Neeleshwaram from km. 56.200 to km. 93.468,1746,2538.06,775.85,79,15-04-2024,,02-06-2020
843,Roads & Highways,Ministry of Road Transport & Highways,National Highways Authority of India [NHAI],619067,6L of Chiloda-Naroda section from Km. 540.595 to Km. 555.595 of NH-8Package-VII,357,463.03,39.06,100,10-05-2019,03-07-2021,
844,Roads & Highways,Ministry of Road Transport & Highways,National Highways Authority of India [NHAI],618559,6L of existing 4L from Gundlapochampally to Bowenpally from km 471.300 to km 481.331 of NH-44,522,528.21,256.27,50,30-07-2024,22-04-2026,27-12-2021
845,Roads & Highways,Ministry of Road Transport & Highways,National Highways Authority of India [NHAI],618789,6L of IT City Chowk to Kurali Chandigarh Road,1525,1936.54,1689.83,98,09-10-2024,30-06-2025,05-03-2021
846,Roads & Highways,Ministry of Road Transport & Highways,National Highways Authority of India [NHAI],618610,6L of Jodhpur Romana Bathinda - Mandi Dabwali Punjab Haryana Border section of NH-54 from km. 0.000 to km. 27.400 of NH-54,789,1318.91,507.11,99,10-08-2025,,19-05-2020
847,Roads & Highways,Ministry of Road Transport & Highways,National Highways Authority of India [NHAI],618513,6L of Kagal-Satara section from Km 592.500 to Km 658.000 of NH-48 Pkg-I,2112,1435.46,615.1,49,11-01-2025,30-04-2026,22-12-2021
848,Roads & Highways,Ministry of Road Transport & Highways,National Highways Authority of India [NHAI],618514,6L of Kagal-Satara section from Km 658.000 to Km 725.000 of NH-48 Pkg-II,2331,317.4,180.8,73,15-12-2024,,22-12-2021
849,Roads & Highways,Ministry of Road Transport & Highways,National Highways Authority of India [NHAI],618603,6L of Kodugallur to Edapppally section from km 397.750 to km 423.780 of NH - 66 old NH-17,3466,3606.2,767.55,64,21-04-2025,,09-11-2021
850,Roads & Highways,Ministry of Road Transport & Highways,National Highways Authority of India [NHAI],618772,6L of Kumarajapet to Veera Kaveri Raja Puram from km 43.800 to km 61.380 of NH-716B Pkg-II,703,799.36,354.36,93,29-10-2025,,10-02-2021
851,Roads & Highways,Ministry of Road Transport & Highways,National Highways Authority of India [NHAI],618630,6L of MH/KN Border Nimbal Village to KN/TS Border Singnodi Village from Km. 26.000 to Km. 97.000 in Gulbarga of NH-150C Pkg-II,2356,1923.3,740.23,69,27-06-2025,31-05-2026,24-02-2022
852,Roads & Highways,Ministry of Road Transport & Highways,National Highways Authority of India [NHAI],619140,6L of Naidupeta Junction - Turpukanupur Section from km 57.046 to km 91.927,1399,965.58,225.55,35,19-10-2025,,10-08-2022
853,Roads & Highways,Ministry of Road Transport & Highways,National Highways Authority of India [NHAI],618635,6L of Pondavakkam to Kannigaipair from km 96.040 to km 116.100 of NH 716B Pkg-IV,1360,1359.81,302.06,32,23-01-2025,04-11-2025,10-02-2021
854,Roads & Highways,Ministry of Road Transport & Highways,National Highways Authority of India [NHAI],618599,6L of Ramanatukkara Junction to start of Valanchery bypass section of NH-66,4924,4919.46,1668.84,99,19-07-2024,31-03-2025,28-01-2021
855,Roads & Highways,Ministry of Road Transport & Highways,National Highways Authority of India [NHAI],618596,6L of Taliparamba to Muzhappilangad from Km 134.650 to Km 170.6 of NH-66,2715,3557.65,1006.98,81,26-05-2024,31-08-2025,03-08-2020
856,Roads & Highways,Ministry of Road Transport & Highways,National Highways Authority of India [NHAI],618602,6L of Thalikulam to Kodugallur section from km 369.015 to km 397.850 of NH - 66 old NH-17,4302,4302.06,695.34,84,14-02-2025,10-11-2025,24-06-2021
857,Roads & Highways,Ministry of Road Transport & Highways,National Highways Authority of India [NHAI],618600,6L of Valanchery bypass to Kappirikkad of NH 66 from km. 298500 to km 335850,4024,4023.94,1465.97,98,19-07-2024,31-03-2025,10-02-2021
858,Roads & Highways,Ministry of Road Transport & Highways,National Highways Authority of India [NHAI],618771,6L of Varadharajula to Kumarajapet from km 0.000 to km 43.800 of NH-716B Pkg-I,1925,1887.38,947.5,98,05-12-2024,31-08-2025,10-02-2021
859,Roads & Highways,Ministry of Road Transport & Highways,National Highways Authority of India [NHAI],618634,6L of Veera Kaveri Raja Puram to Pondavakkam from km 61.380 to km 96.040 of NH 716B Pkg-III,1440,1439.77,685.66,98,24-01-2025,,31-03-2021
860,Roads & Highways,Ministry of Road Transport & Highways,National Highways Authority of India [NHAI],618575,"6L Standalone Flyovers at Bongaigaon, Chapaguri, Pathsala, Simlaguri chowk and Baihata Bypass Junctions on stretches of NH-31 and NH-27",458,412.15,371.63,100,01-07-2024,,24-03-2022
861,Roads & Highways,Ministry of Road Transport & Highways,National Highways Authority of India [NHAI],618576,"6L Standalone Flyovers at Raha, Demow, Borghat, Kathiatali junctions and ROB at Jagiroad on stretches of NH 36 and NH 27",281,255.53,211.79,99,04-06-2024,,24-03-2022
862,Roads & Highways,Ministry of Road Transport & Highways,National Highways Authority of India [NHAI],618711,6L with access control provision Saharanpur bypass to Ganeshpur section from 13.89 Km to 41.820 Km of Delhi- Dehradun Economic Corridor package-2,797,560.03,494.54,99,03-11-2024,27-12-2024,28-04-2022
863,Roads & Highways,Ministry of Road Transport & Highways,National Highways Authority of India [NHAI],619090,8L of Dwarka Expressway Pkg-II RuB near Dwarka Sector 21-DL/HR Border from 5.300 Km.to 9.500 Km. of NH-248BB,2068,2670.22,628.68,100,16-10-2021,27-07-2025,18-01-2018
864,Roads & Highways,Ministry of Road Transport & Highways,National Highways Authority of India [NHAI],619161,Access Controlled Highway of 4 Lane with Paved Shoulders from Tiruvallur Design Chainage Km 1756 to TN/AP Broder Design Chainage Km 6151 of NH-716 Chennai-Tirupati Package-1,1376,1247.7,89.34,24,27-12-2026,,07-03-2024
865,Roads & Highways,Ministry of Road Transport & Highways,National Highways Authority of India [NHAI],618505,Additional Structures on 6LGurgaon-Jaipur Section of NH-48 between KM 42.700 to KM 273.00,410,290.64,187.26,85,25-06-2024,,03-08-2022
866,Roads & Highways,Ministry of Road Transport & Highways,National Highways Authority of India [NHAI],618707,Additional works under BM1 to ensure road safety under 6L of Bengaluru Mysuru Access control with close toll from Km.17.300 to Km.136.300 of NH-275,738,0,0,0,19-01-2028,,08-11-2024
867,Roads & Highways,Ministry of Road Transport & Highways,National Highways Authority of India [NHAI],618501,Ahmedabad - Dholera Pkg I from km. 0.00 to km. 22.00 [Sardar Patel Ring Road - Sindhrej Village],1298,1421.05,1005.12,99,10-01-2024,31-10-2024,05-05-2020
868,Roads & Highways,Ministry of Road Transport & Highways,National Highways Authority of India [NHAI],618502,Ahmedabad - Dholera Pkg II from km. 22.00 to km. 48.52 [Sindhrej Village - Vejallka Village],1415,1729.69,997.08,99,21-01-2024,,05-05-2020
869,Roads & Highways,Ministry of Road Transport & Highways,National Highways Authority of India [NHAI],618503,Ahmedabad - Dholera Pkg III from km. 48.52 to km. 71.06 [Vejallka Village - Start of DSIR zone],1034,1155.41,947.31,100,19-07-2023,15-05-2024,05-05-2020
870,Roads & Highways,Ministry of Road Transport & Highways,National Highways Authority of India [NHAI],618504,Ahmedabad - Dholera Pkg IV from km. 71.06 to km. 109.019 [Start of DSIR zone - Adhelai Village],1182,1358.73,1202.2,97,13-12-2023,31-10-2024,05-05-2020
871,Roads & Highways,Ministry of Road Transport & Highways,National Highways Authority of India [NHAI],619122,Akshardham - DL/UP Border Pkg-01,1479,1476.75,1327.01,100,23-12-2024,,08-09-2020
872,Roads & Highways,Ministry of Road Transport & Highways,National Highways Authority of India [NHAI],618795,Amritsar Bypass Pkg III from km. 71.496 to km. 105.158,1475,1228.42,865.4,79,30-08-2024,,11-02-2021
873,Roads & Highways,Ministry of Road Transport & Highways,National Highways Authority of India [NHAI],618794,Amritsarairport Junction - Ramdas from km. 100.835 to km. 139.813 Pkg - IV,525,416.58,346.35,80,17-09-2023,,31-12-2020
874,Roads & Highways,Ministry of Road Transport & Highways,National Highways Authority of India [NHAI],618774,Ara - Mohania Pkg-II,985,827.51,798.12,100,16-07-2023,30-11-2025,11-08-2020
875,Roads & Highways,Ministry of Road Transport & Highways,National Highways Authority of India [NHAI],618775,Ara Bypass,226,0,0.08,0,05-04-2027,,19-03-2025
876,Roads & Highways,Ministry of Road Transport & Highways,MoRTH,617947,Arawali Kante section of NH-17New NH-66 4L PS from Km.241/300 to 281/300,1007,1443.09,0,0,13-11-2019,18-02-2024,31-03-2016
877,Roads & Highways,Ministry of Road Transport & Highways,National Highways Authority of India [NHAI],618604,Aroor-Thuravoor Thekku,2430,2382.83,1630.68,83,30-01-2026,,18-08-2022
878,Roads & Highways,Ministry of Road Transport & Highways,National Highways Authority of India [NHAI],618839,Aunta - Simaria including Ganga Bridge,1309,2107.68,805.51,100,07-02-2022,31-05-2025,
879,Roads & Highways,Ministry of Road Transport & Highways,National Highways Authority of India [NHAI],619152,Bakhtiyarpur Km 153.300 to Mokama Km 197.900,1183,1898.84,59.61,99,10-12-2019,09-02-2021,
880,Roads & Highways,Ministry of Road Transport & Highways,National Highways Authority of India [NHAI],618861,Bakhtiyarpur-Rajauli Pkg-II from km. 54.405 to km.101.630,897,1397.47,697.42,97,11-07-2023,,09-09-2020
881,Roads & Highways,Ministry of Road Transport & Highways,National Highways Authority of India [NHAI],618637,Bal. Works of Fagne Km. 510.000 to Maharashtra/Gujarat Border Km. 650.794,1654,1672.89,1326.85,97,18-09-2022,30-06-2024,27-12-2019
882,Roads & Highways,Ministry of Road Transport & Highways,National Highways Authority of India [NHAI],618569,Balance work - WB-10 Gandak Bridge Km 402.00 to Km 440.00 Devanpur - Kotwa,210,358.3,104.28,63,30-01-2024,,10-11-2021
883,Roads & Highways,Ministry of Road Transport & Highways,National Highways Authority of India [NHAI],618942,Balance work of 2L PS from Km 30.800 to Km 70.800 and 2L with Rigid Carriageway from Km 70.800 to km 84.120 of Khanapur- KA/GOA Border section of NH-4A,227,149.44,102.5,78,21-05-2024,31-03-2026,17-01-2022
884,Roads & Highways,Ministry of Road Transport & Highways,NHAI,619089,Balance work of 4L of NarimbangloJatinga Junction- Harangajoroad section from Km 0.000 to Km 49.230 of NH-27,1910,2745.74,1170.02,89,15-01-2026,,03-03-2022
885,Roads & Highways,Ministry of Road Transport & Highways,National Highways Authority of India [NHAI],618701,Balance work of 4L of Nauradehi Sanctuary de-scoped stretch of Hiran River to Sindoor River from Km. 66.00 to 130.00 NH-12 New NH-45,178,153.15,142.2,57,18-07-2023,08-04-2024,04-01-2021
886,Roads & Highways,Ministry of Road Transport & Highways,National Highways Authority of India [NHAI],618594,Balance work of 4L Panvel to Indapur section of NH-66 Old NH- 17 from km 0.000 Panvel to km 42.300 Kasu,330,196.87,183.73,96,22-10-2024,,13-12-2022
887,Roads & Highways,Ministry of Road Transport & Highways,National Highways Authority of India [NHAI],618592,"Balance work of 8 nos. of Elephant Underpasses EUPs, 1 no. of Vehicular Underpass VUP, 1 nos. of Light Vehicular Underpass LVUP, 1 nos. of Pedestrian Underpass PUP, 1 nos. of Foot Over Bridge FOB and A2 side approach of Jharpokharia Flyover at Km.215.270 in Baharagora-Singhara section of NH-49",321,244.85,10.72,9,02-05-2026,,26-09-2023
888,Roads & Highways,Ministry of Road Transport & Highways,NHIDCL,618296,Balance work of Construction of 2-lane with hard shoulder of Kohima - Jessami road on NH-29 old NH-150 from existing km 98.380 near Chizami vill. to km120.367 Nagaland/Manipur Border [Design km 95.700 to design km 117.200] [Design Length 21.500 km] in the state of Nagaland Under Bharatmala Pariyojna on EPC Mode Package-V under NHO,331,0,0,91,21-11-2025,,30-03-2020
889,Roads & Highways,Ministry of Road Transport & Highways,MoRTH,618009,Balance work of Construction of Ring Road for Raebareli City on eastern side of NH-24B Phase-1 on EPC mode.,320,347.8,0,94,04-04-2022,12-07-2022,10-12-2019
890,Roads & Highways,Ministry of Road Transport & Highways,MoRTH,618031,Balance work of Construction of Two/Four lane with paved shoulder from Km 422.000 to 523.600 Chitradurga to Shivamogga of NH-13 in the state of Kanataka on EPC mode.,517,0,333.48,0,30-12-2025,,01-01-2021
891,Roads & Highways,Ministry of Road Transport & Highways,MoRTH,617945,Balance work of NH-66 from design Km 84/00 to Km 87/100 Indapur Bypass and Km 91/600 to Km 99/100 Mangaon Bypass to four lane with paved shoulder in State of Maharashtra under NHO on EPC Mode.,354,0,0,0,08-04-2027,,23-03-2025
892,Roads & Highways,Ministry of Road Transport & Highways,National Highways Authority of India [NHAI],618819,Balance work of Panikoili Rimoli Section of new NH-20 from Km 0.00 to Km. 163.000,183,200.79,89.36,99,11-03-2022,10-07-2022,08-09-2020
893,Roads & Highways,Ministry of Road Transport & Highways,MoRTH,618198,Balance work of Rehabilitation and Up-gradation to 2-lane road with paved shoulders configuration for NH- 965DD from Pacharal-Mandangad-Mhapral-Rajewadi Upto Junction of NH-66 Ch-22700 to 75100 Km and Ambadave connector Birth place of Dr. Babasaheb Ambedkar Ch-0000 to 7325 Km length Km 59.725 in the state of Maharashtra on EPC mode. Balance Work,389,341.69,0,81,04-01-2024,,27-03-2018
894,Roads & Highways,Ministry of Road Transport & Highways,MoRTH,617954,Balance work of Rehabilitation and upgrading to 2lane/2lane with paved shoulder configuration and strengthening from from Km 343.80 to 400.33 of Gowribidanur-Chik Ballapur section in the state of Karnataka Under Annual Plan 2021-22 under EPC Mode.-952,398,0,179.01,86,23-02-2025,,31-03-2022
895,Roads & Highways,Ministry of Road Transport & Highways,NHIDCL,618349,Balance work of Widening to 2 Two lane with hard shoulder of Churachandpur to Tuivai section of NH-102B from Design Chainage km 118850 to km 130000 Package-4A in the State of Manipur on EPC Mode,204,0,0,0,29-08-2026,,27-04-2020
896,Roads & Highways,Ministry of Road Transport & Highways,NHIDCL,618348,Balance work of Widening to 2 Two lane with hard shoulder of Churachandpur to Tuivai section of NH-102B from km 130.000 to km 141.029 Package-4B in the State of Manipur on EPC Mode,178,0,1.41,0,07-11-2026,,15-06-2020
897,Roads & Highways,Ministry of Road Transport & Highways,National Highways Authority of India [NHAI],619160,Balance works in AP Portion and punch list items in TN & AP portion of NH-205,167,113.46,97.5,100,04-01-2025,,06-10-2022
898,Roads & Highways,Ministry of Road Transport & Highways,National Highways Authority of India [NHAI],618475,Bangalore Chennai Expressway Phase-II Pkg-II from km.96.000 to Km 127.000 Baireddypalle to Bangarupalem section,2548,2548.04,1079.15,83,07-06-2025,17-06-2026,19-02-2021
899,Roads & Highways,Ministry of Road Transport & Highways,National Highways Authority of India [NHAI],618476,Bangalore Chennai Expressway Phase-II Pkg-III from km.127.000 to Km 156.000 Bangarupalem to Gudipala section,1407,1407.33,675.57,99,03-10-2024,,23-11-2020
900,Roads & Highways,Ministry of Road Transport & Highways,National Highways Authority of India [NHAI],618477,Bangalore Chennai Expressway Phase-III Package I Gudipala to Walajajhpet from Km 156.000 to Km 180.000,1482,1481.87,711.04,91,28-05-2024,28-08-2024,21-10-2020
901,Roads & Highways,Ministry of Road Transport & Highways,National Highways Authority of India [NHAI],618478,Bangalore Chennai Expressway Phase-III Package II Walajahpet to Arakkonam from Km 180.000 to Km 204.500,1107,1106.65,496.07,93,14-07-2024,,08-01-2021
902,Roads & Highways,Ministry of Road Transport & Highways,National Highways Authority of India [NHAI],618479,Bangalore Chennai Expressway Phase-III Package III Arakkonam to Kancheepuram from Km 204.500 to Km 230.000,1525,1525.1,353.87,53,29-07-2024,31-03-2025,08-12-2020
903,Roads & Highways,Ministry of Road Transport & Highways,National Highways Authority of India [NHAI],618519,Bangalore Ring Road STRR-NH-948A- Package-I of Phase-III from Belagondapalli TN to TN/KNT border from km 144.480 to 179.969,1261,1218.47,508.62,75,16-05-2025,,16-03-2022
904,Roads & Highways,Ministry of Road Transport & Highways,National Highways Authority of India [NHAI],619072,Bangalore/TN border to Hoskote,1182,1297.76,773.47,93,14-02-2025,28-02-2026,14-02-2022
905,Roads & Highways,Ministry of Road Transport & Highways,National Highways Authority of India [NHAI],618533,Barwa Adda Km. 398.240 to Panagarh Km. 521.120,1560,1568.22,8.05,100,26-09-2016,,17-08-2010
906,Roads & Highways,Ministry of Road Transport & Highways,MoRTH,617887,Beawer Gomti 4LPS from km 58.245 to km 108.600 Pkg-I,379,0,179.08,98,13-10-2023,28-02-2026,02-12-2020
907,Roads & Highways,Ministry of Road Transport & Highways,National Highways Authority of India [NHAI],618799,Belakeri Port to Kumta - Sirsi road from km 0.00 - km 4.265 of Belekeri Port Road Link Rd. and km 4.965 - km 60.00 of SH-69,456,456.79,382.36,82,07-12-2022,31-12-2025,27-03-2018
908,Roads & Highways,Ministry of Road Transport & Highways,National Highways Authority of India [NHAI],619164,Belgaum-Khanapur Pkg I Km 0.000-Km 30.800 of NH-4A,1214,1195.74,169.83,70,02-09-2021,15-07-2025,04-03-2018
909,Roads & Highways,Ministry of Road Transport & Highways,National Highways Authority of India [NHAI],618664,Berkhedi to Godpehra on NH-44 Sagar link road,525,471.31,314.48,78,03-11-2024,01-08-2025,03-02-2022
910,Roads & Highways,Ministry of Road Transport & Highways,National Highways Authority of India [NHAI],618523,Bhadrak KM 136.500 to Baleshwar KM 199.141,845,1394.82,231.31,91,15-09-2021,,27-11-2014
911,Roads & Highways,Ministry of Road Transport & Highways,National Highways Authority of India [NHAI],618925,Bijnor-Kotawali,301,334.48,247.05,96,02-05-2023,02-02-2026,25-02-2021
912,Roads & Highways,Ministry of Road Transport & Highways,National Highways Authority of India [NHAI],618572,Binnaguri Bypass-Descoped portion of Ghoshpukur-Dhupguri Section of NH-31Dpkg-1,310,306.02,0.07,0,06-11-2027,,21-03-2025
913,Roads & Highways,Ministry of Road Transport & Highways,National Highways Authority of India [NHAI],618693,Bodhre - Dhule,1345,1292.7,767.73,97,27-07-2024,,03-02-2021
914,Roads & Highways,Ministry of Road Transport & Highways,National Highways Authority of India [NHAI],618825,Bridge over Ganga River at d/s of Farraka Barrage including Approaches connecting Farakka-Raiganj,622,646.1,339.46,95,18-12-2021,28-02-2025,09-08-2018
915,Roads & Highways,Ministry of Road Transport & Highways,National Highways Authority of India [NHAI],619150,BRT Tiger Reserve Boundary Km.287.500 to Bangalore Section Km.458.420 of NH-209 in Karnataka,2083,2859.93,144.35,99,20-08-2019,31-03-2024,
916,Roads & Highways,Ministry of Road Transport & Highways,National Highways Authority of India [NHAI],618619,Bypass on Western side of Gwalior City,999,0,11.21,0,12-01-2028,,30-03-2025
917,Roads & Highways,Ministry of Road Transport & Highways,National Highways Authority of India [NHAI],619086,Chengapalli km 102.035 to Neelambur Km144.680 and Madukkarai Km 170.880 to Walayar K183.010 Package No. NS-2/BOT/TN-08,852,285.55,0.32,100,07-03-2013,,
918,Roads & Highways,Ministry of Road Transport & Highways,National Highways Authority of India [NHAI],618904,Chhapra - Hajipur from km. 143.200 to km. 209.200,2128,2171.6,3.78,57,24-07-2013,,
919,Roads & Highways,Ministry of Road Transport & Highways,NHIDCL,618449,Construction & Upgradation of existing road to 2-lane with paved shoulder from km27.200 End of Rongli bypass to km37.600New Rolep Bridge of Rhenok-Menla spur NH-717B on EPC Mode under SARDP-NE Phase-A in Sikkim Pkg-II B,230,244.91,0,77,15-04-2023,07-02-2025,09-07-2020
920,Roads & Highways,Ministry of Road Transport & Highways,NHIDCL,618446,Construction & Upgradation of existing road to 2-lane with paved shoulder from New Rolep Bridge at km 37.600 to Chochenpheri at km 52.00 in the section of Rongli to Chochenpheri of NH 717B Pkg-II C,493,478.79,0,72,23-05-2024,11-02-2025,07-10-2020
921,Roads & Highways,Ministry of Road Transport & Highways,NHIDCL,618427,Construction & upgradation of existing road to 2-lane with paved shoulder including geometric improvement of Kafer- Lava More section from km 40.00 to km 61.100 of NH717-A on EPC under SARDP-NE A in state of West Bengal Pkg-VA,311,273.78,6.11,95,05-04-2023,09-10-2025,25-06-2020
922,Roads & Highways,Ministry of Road Transport & Highways,NHIDCL,618429,Construction & upgradation of existing road to 2-lane with paved shoulder including geometric improvement of sect. from Pedong bypass to Reshi Border km 79.700 to km 96.254 of NH-717A under SARDP-NE-A on EPC as part of Alternate connectivity to Gangtok Lava More-Reshi Border Pkg-VB,345,395.59,382.89,91,17-04-2022,04-04-2025,29-06-2020
923,Roads & Highways,Ministry of Road Transport & Highways,NHIDCL,618396,Construction & Upgradation to 2 lane with paved shoulder from Design Km. 31.449 Khellani Ex. Km 44.946 to Km 51.700 Prem Nagar Ex. Km 68617 of 20.251 Km length on Khellani - Kishtwar - Chattroo section of NH-244 in the UT of J&K on EPC Mode under NHO-Gen PKG- 1,486,0,0,0,27-09-2021,02-10-2024,02-02-2021
924,Roads & Highways,Ministry of Road Transport & Highways,NHIDCL,618395,"Construction & Upgradation to 2-lane with paved shoulder from Design Ch. Km 51700 at Premnagar km 66315 to Km 66535 New Thatri at Start of Km 83rd, Tunnel Km 82665 of 14.835 Km design length on Chenani-Sudhmahadev-Goha Khellani-Kishtwar-Vailoo Donipawa-Ashajipora section of NH-244 in the UT of J&K on EPC Mode under NHO-Gen Pkg - 2",512,0,0,0,24-02-2023,12-07-2025,30-03-2021
925,Roads & Highways,Ministry of Road Transport & Highways,NHIDCL,618400,Construction & Upgradation to 2-lane with paved shoulder from Design Km 67.805 at the end of Km 83rd Tunnel near Dhrabshalla Ex. Km 83905 to Km 80.675 start of Kishtwar Bypass - Dulhasti Ex. Km 970751 of 12.870 Km length on chenani-Sudhmahadev-Goha Khellani-Kishtwar-vailoo-Donipawa-Ashajipora seition of NH-244 in the UT of J&K on EPC Mode under NHO-Gen Pkg-3,399,0,97.53,98,31-12-2022,31-10-2024,30-03-2021
926,Roads & Highways,Ministry of Road Transport & Highways,MoRTH,617968,Construction & Widening Including Augustmuni Bypass Ch-16.545 to Ch - 19.890 to 2L/PS from Km 16.545-Km 33.130 & 45.980 -57.975 Augustmuni to Kund & Guptkashi to Sitapur on NH 109 in UK,419,0,178.35,95,16-02-2020,28-07-2021,20-03-2017
927,Roads & Highways,Ministry of Road Transport & Highways,NHIDCL,618289,Construction and up gradation to 4-Lane of existing two lane with paved shoulder from Hapachara to Tulungia road of NH-117 of existing Km 0.00 to km 14.050 and Design Km 0.000 to km 14.660 under BMP on EPC mode,225,0,204.19,97,26-12-2022,30-06-2024,17-03-2020
928,Roads & Highways,Ministry of Road Transport & Highways,NHIDCL,618393,"Construction for Mitigation Measures of 10 Nos. Landslides, 01 No. Sinking Zones and 1 No. of Minor Bridge in between at Ch. Km 368.00 to Km 433.00 on NH-07 on EPC Mode in Uttarakhand Package-1",217,0,94.73,94,05-12-2025,,07-12-2023
929,Roads & Highways,Ministry of Road Transport & Highways,NHIDCL,618391,"Construction for Mitigation Measures of 5 Nos. Landslides, 05 No. Sinking Zones and 01 No. Bridge from Ch. 450.00 to Ch. 468.00 18 Km. Length on NH-07 Package-III",250,0,0,66,05-12-2025,,07-12-2023
930,Roads & Highways,Ministry of Road Transport & Highways,NHIDCL,618392,"Construction for Mitigation Measures of 5 Nos. Landslides, 5 Nos. Sinking Zones in between Ch. 433.00 to 450.00 BANERPANI VILLAGE on NH-07 on EPC mode in the state of Uttarakhand Package-2",260,0,0,40,08-06-2026,,07-12-2023
931,Roads & Highways,Ministry of Road Transport & Highways,MoRTH,617923,Construction of Daspalla Bypass from km 195.250 To 200.635 of NH-57 including land acquisition in the state of Odisha on EPC mode under Annual Plan 2022-23.,156,0,2.65,15,16-05-2027,,28-02-2023
932,Roads & Highways,Ministry of Road Transport & Highways,NHIDCL,618356,Construction of 2 -Lane with paved shoulders road from Tamenglong to Mahur in the state of Manipur from km 31.430 at Old Tamenglong to km 43.480 ending near Phelong on EPC Mode Package-3,234,0,186.27,97,20-12-2022,03-12-2025,30-03-2021
933,Roads & Highways,Ministry of Road Transport & Highways,NHIDCL,618357,Construction of 2 -Lane with paved shoulders road from Tamenglong to Mahur NH-137 in Manipur starting from km 54.180 near Azuram to km 80.630 near Mandeu on EPC Mode Package 5,478,0,330.1,84,19-05-2023,06-04-2025,09-09-2021
934,Roads & Highways,Ministry of Road Transport & Highways,NHIDCL,618358,Construction of 2 -Lane with paved shoulders road from Tamenglong to Mahur NH-137 starting from km 80.630 near Mandeu to km 96.870 near Jiri River on EPC Mode Package-6,311,0,223.12,83,20-05-2023,09-07-2027,13-09-2021
935,Roads & Highways,Ministry of Road Transport & Highways,MoRTH,618034,Construction of 2 lane Barpeta Bypass from Km 77900Baradi to Km 86150 Deurikuchi Length8.25Km on NH-427 in the state of Assam under EPC ModeJob No.427/AS/2022-23/245,174,0,4.87,17,14-08-2026,,28-03-2023
936,Roads & Highways,Ministry of Road Transport & Highways,MoRTH,618160,"Construction of 2 lane Major Bridge including approaches over Brahmaputra between Majuli on North Bank and Jorhat on South Bank from km. 11.690 to km. 19.715 length of bridge 6,812.5m Package - II on NH-715K in the state of Assam Job no. 715/AS/2020-21/213",1019,0,0,0,10-12-2027,,29-03-2025
937,Roads & Highways,Ministry of Road Transport & Highways,MoRTH,618200,Construction of 2 lane with Paved Shoulder for Northern Bypass Phase-II of Kota city in the State of Rajasthan.,318,0,5.97,25,14-04-2025,02-06-2026,31-03-2022
938,Roads & Highways,Ministry of Road Transport & Highways,MoRTH,618011,Construction of 2 lane with paved shoulder for the work of Development of remaining sections of NH-325 Balotra to sanderao via Jalore to 2 lane with paved shoulder configuration by Construction of Byasses for town portions1 Asotra- Brahmdham bypass 2Siwana Bypass 3 Mokalsar Bypass 4 Major realignment at Kathadi 5 Major realignment at Bishangarh 6 Jalore Bypass 7 Ahore Town portion 8 Dujana Bypass in the state of Rajasthan on EPC Mode,411,0,66.63,83,11-05-2024,31-05-2026,07-12-2021
939,Roads & Highways,Ministry of Road Transport & Highways,MoRTH,618184,Construction of 2 Lane with paved shoulder from km 55.6 to km 90.7 existing chainages of NH-766C complete Realignment of 13.76 km with 2 major Bridges across Sharavathi Backwaters on EPC mode under Annual Plan 2022-23 in the state of Karnataka NH-766C-KNT-2022-23 dated 14.10.2022,314,0,0,42,12-02-2026,,12-01-2023
940,Roads & Highways,Ministry of Road Transport & Highways,MoRTH,617929,Construction of 2 lane with paved shoulder of Kund Bypass from Design Km 35.130 to Km 47.700 existing Km 33.130 to Km 41.260 of NH-109 in the State of Uttarakhand,247,0,0,73,06-05-2020,08-02-2021,26-02-2018
941,Roads & Highways,Ministry of Road Transport & Highways,NHIDCL,618420,"Construction of 2 lane with paved shoulder of Shillong Western Bypass starting from NH-06 near Ladumsaw existing km 60.900 of old NH-40 to NH-106 old NH-44E, Package-II km 12800 to km 24700 under SARDP-NE Phase A in the State of Meghalaya on EPC Mode",686,0,202.27,34,01-09-2026,,16-03-2023
942,Roads & Highways,Ministry of Road Transport & Highways,MoRTH,618202,Construction of 2 lane with paved shoulders Baramulla Bypass Greenfield bypass from existing Ch. Km 47020 to Km 56720 and Design Ch. From 48500 to 62600 Total length 14.100 km on road Srinagar Baramulla Uri NH-01 in the UT of Jammu & Kashmir under Project.Package-III,992,0,0,38,01-09-2026,,22-03-2023
943,Roads & Highways,Ministry of Road Transport & Highways,NHIDCL,618413,Construction of 2 laning with Hard shoulder of Peren-Dimapur section on NH 129A from Design Km 146.208 to Km 163.592 Length- 17.384 km in the state of Nagaland on EPC mode under NHO-TSP Package-III,178,199.02,0,76,06-06-2025,11-11-2025,11-02-2021
944,Roads & Highways,Ministry of Road Transport & Highways,MoRTH,618127,Construction of 2- Lane with paved shoulder from km 56.45 Dharampur More to 93.050 Pakur of NH-333A in the State of Jharkhand on EPC mode,256,0,0,2,03-05-2027,,27-03-2023
945,Roads & Highways,Ministry of Road Transport & Highways,NHIDCL,618324,Construction of 2-lane Aizawl Bypass from km 15.200 to km 34.500 Package-3 on Sairang - Phaibawk section of NH-6 in the State of Mizoram under Bharatmala Pariyojna on EPC Mode under NHO-NE,721,0,0,0,10-11-2028,,28-02-2023
946,Roads & Highways,Ministry of Road Transport & Highways,MoRTH,617892,Construction of 2-lane road of Potin to Pangin section of NH-13 from Km 163.59 to Km 206.66 Package-5 on EPC Mode in the State of Arunachal Pradesh under Arunachal Pradesh Package of Roads and Highways of SARDP-NE [Job No SARDP-NE/P-P/Pkg-A/NH-13/Ar.Pr./PWD/2018-19/116],451,0,303.39,96,18-11-2023,10-07-2024,01-03-2019
947,Roads & Highways,Ministry of Road Transport & Highways,NHIDCL,618297,Construction of 2-lane with hard shoulder of Kohima - Jessami road on NH-29 Old NH-150 from existing Km 30.474 Near Kidwema road Chakahabama to existing Km 53.220 Near Kikruma Village Design Km 29.60 to Km 51.50 Design length-21.90 Km in the state of Nagaland Under Bharatmala Pariyojna on EPC Mode under NHO Package-II -Balance work,356,0,0,29,04-01-2026,,11-03-2020
948,Roads & Highways,Ministry of Road Transport & Highways,NHIDCL,618423,Construction of 2-Lane with hard shoulders of Merangkong-Tamlu-Mon MTM Road from existing Km 20.456 to Km 41.065 Design Km. 20 to Km. 40.0 Design Length-20.000 Km in the State of Nagaland under SARDP-NE Phase-A Pkg-2 Balance work,216,0,25.25,95,21-08-2025,,22-03-2018
949,Roads & Highways,Ministry of Road Transport & Highways,NHIDCL,619059,Construction of 2-Lane with hard shoulders of Merangkong-Tamlu-Mon Road on EPC Basis from existing road Km. 76.640 to Km 98.065 Design chainage Km. 63.800 to Km. 86.835 Design Length-23.035 Km in the state of Nagaland under SARDP-NE PKG-IV Balance work,324,0,65.6,65,10-09-2025,,22-03-2018
950,Roads & Highways,Ministry of Road Transport & Highways,NHIDCL,618422,"Construction of 2-lane with hard shoulders of Merangkong-Tamlu-Mon road Wakching Twon portion on EPC basis from existing Chainage Km 59000 to Km 73640 [Design Km. 59000 to Km, 72450] Design length - 13.450 Km under SARDP-NE package-V Balance work",162,0,0,0,07-09-2025,,31-03-2021
951,Roads & Highways,Ministry of Road Transport & Highways,NHIDCL,618290,"Construction of 2-lane with Paved shoulder of Kohima- Bypass Road Connecting NH-39New NH-02, NH-150New NH-02, NH-61New NH-29, NH-39New NH-02 from Design Km 32.00 to Design Km 43.454Design Length-11.454 Km in the State of Nagaland under SARDP-NE on EPC Mode Package-IV",202,0,89.76,34,17-04-2022,02-05-2025,31-07-2020
952,Roads & Highways,Ministry of Road Transport & Highways,NHIDCL,618292,Construction of 2-Lane with paved shoulder of Kohima-Bypass Road connecting New NH-02 and New NH-29 from Design Km 10.500 to design Km 21.000 [Design Length- 10.500 km] including TUNNEL of 500m at Ch. 11.000 in the state of Nagaland Under SARDP-NE on EPC Mode Package-2,277,0,172.09,67,15-10-2022,09-01-2024,07-07-2020
953,Roads & Highways,Ministry of Road Transport & Highways,NHIDCL,618291,"Construction of 2-lane with Paved shoulder of Kohima-Bypass Road connecting NH- 39 New NH-02, NH150New NH-02, NH7-61 New NH-29 and NH-39 New NH-02 from Design km 21.000 to km 32.268 [Design length11.268 km] in the state of Nagaland Under SARDP-NE on EPC Mode Package- 3",160,342.29,74.36,35,15-06-2025,06-03-2025,31-07-2020
954,Roads & Highways,Ministry of Road Transport & Highways,NHIDCL,618293,"Construction of 2-Lane with paved shoulder of Kohima-Bypass Road connecting NH-39New NH-02, NH-150New NH-02, NH-61New NH-29 and NH-39New NH-02 from design Km 0.00 to Km 10.500 in the State of Nagaland under SARDP-NE on EPC Mode Package-1 -Balance work",232,350.88,0,22,08-11-2026,,07-07-2020
955,Roads & Highways,Ministry of Road Transport & Highways,NHIDCL,618421,"Construction of 2-Lane with paved shoulder of Shillong Western Bypass starting from NH-06 near Ladumsaw Existing km 60.900 of old NH-40 to NH106 old NH-44E, km 0000 to km 12800 Package-I under SARDP-NE PHASE A in the State of Meghalaya on EPC Mode Greenfield alignment",620,0,167.31,54,01-09-2026,,07-03-2023
956,Roads & Highways,Ministry of Road Transport & Highways,NHIDCL,618419,"Construction of 2-Lane with paved shoulders of Shillong Western Bypass starting from NH-06 near Ladumsaw existing Km 60.900 of old NH40 to NH106 old NH 44E Package-III, from km 24700 to km 38256 under SARDP-NE PHASE A in the state of Meghalaya on EPC Mode Greenfield alignment",562,0,57.57,42,01-09-2026,,13-03-2023
957,Roads & Highways,Ministry of Road Transport & Highways,NHIDCL,618363,Construction of 2-laning with hard shoulder configuration of Chhumkhum to Tlabung from Design Chainage Km 37.420 to Km 74.950 of NH-302 in Mizoram under Bharatmala Pariyojana on EPC mode [Pkg-B],741,0,381.94,61,09-01-2023,30-05-2025,28-06-2021
958,Roads & Highways,Ministry of Road Transport & Highways,NHIDCL,618362,Construction of 2-laning with hard shoulder of Lunglei to Chhumkhum from Design Chainage Km 0.000 to Km 37.420 of NH-302 [Lunglei-Tlabung] Package-A,698,0,512.11,64,30-12-2022,18-05-2025,30-03-2021
959,Roads & Highways,Ministry of Road Transport & Highways,NHIDCL,618387,Construction of 2-laning with Hard shoulder of Ukhrul Tolloi - Tadubi section of NH-102A from Design Chainage km 9450 to km 50850 in the State of Manipur on EPC mode under NHO-NE Package-2,579,0,234.11,77,01-03-2026,,07-03-2023
960,Roads & Highways,Ministry of Road Transport & Highways,NHIDCL,618388,Construction of 2-laning with Hard shoulder road of Ukhrul - Tolloi - Tadubi section of NH-102A from Design Chainage 50.850 km to 81.870 km in the State of Manipur on EPC mode under NHO-TSP Package -3,316,0,227.97,90,20-01-2025,09-03-2025,09-09-2021
961,Roads & Highways,Ministry of Road Transport & Highways,NHIDCL,618389,Construction of 2-laning with Hard shoulder road of Ukhrul - Tolloi - Tadubi section of NH-102A from Design Chainage 81.870 km to 105.825 km in the State of Manipur on EPC mode under NHO-TSP Package -4,311,0,247,96,28-02-2024,04-10-2025,07-09-2021
962,Roads & Highways,Ministry of Road Transport & Highways,NHIDCL,618424,Construction of 2-Laning with hard shoulders of Hayuliang Hawai bypass Road on EPC basis from design Km. 51.825 to Km. 63.131 Existing Km 45.050 of HayuliangHawai road to Hawai Town under SARDP-NE -Balance work Pkg - IV,257,216.76,0,93,02-05-2023,02-07-2026,25-01-2017
963,Roads & Highways,Ministry of Road Transport & Highways,NHIDCL,618448,Construction of 2-Laning with Paved Shoulder of New Greenfield Alignment From Chochenpheri at Km 52000 to Helipad near Menla at Km 82000 of Rhenock-Menla Spur NH-717B Package-IIIA on EPC Basis under SARDP-NE Phase 'A' in the State of Sikkim.,817,786.6,32.28,56,09-12-2023,11-09-2025,07-10-2020
964,Roads & Highways,Ministry of Road Transport & Highways,NHIDCL,618447,Construction of 2-Laning with Paved Shoulder of New Greenfield Alignment From Helipad near Menla at Km 82000 to Menla at Km 94030 of Rhenock-Menla Spur NH-717B Package-IIIB on EPC Basis under SARDP-NE Phase 'A' in the State of Sikkim.,411,379.3,0,79,24-02-2024,12-09-2025,18-01-2021
965,Roads & Highways,Ministry of Road Transport & Highways,MoRTH,617917,"Construction of 4 Lane Flyover at Nagpur RTO Chowk To Nagpur University Campus from Ch 2/250 to 5/100 and 4 lane flyover at wadi/midc junction from km 8/360 to km, 10/300 on NH 53 in state of Maharashtra.",479,490.52,0,95,01-03-2024,02-04-2025,31-03-2021
966,Roads & Highways,Ministry of Road Transport & Highways,MoRTH,617896,"Construction of 4 lane Gauripur Bypass Starting bfrom Km 852.56 of NH-31Dumardoha Pt-II and Terminating at Km 862.17 Baladmara via. Khudimari Pt.- II, Fulkumari, Charaldanga, Sajuakuti,Geramari Pt.-III and finally meeting at km 862.17 of NH-17New/ NH-31Old in the State of Assam under EPC Mode Job no. 31/AS/ 2023-24/265",421,0,0,10,24-10-2026,,15-03-2024
967,Roads & Highways,Ministry of Road Transport & Highways,MoRTH,618247,Construction of 4 lane Mirzapur bypass including bridge over river Ganga from km 0.000 to km 15.000 of NH 135A in the State of Uttar Pradesh on HAM Mode.,1709,0,0,0,17-01-2029,,07-03-2024
968,Roads & Highways,Ministry of Road Transport & Highways,MoRTH,617969,Construction of 4 Lane ROB and its approaches at the level crossing LC No 29 B of Km 29 Ekangarsarai at NH 110 New NH 33 & Railway Km 32.63 at Fatwa FUT Islampur IPR section in the state of Bihar on EPC mode.,201,0,0.01,39,19-07-2026,,11-03-2023
969,Roads & Highways,Ministry of Road Transport & Highways,MoRTH,617905,Construction of 4 lane ROB with approaches in lieu of LC No. RV-172 at km 176.00 of NH-201 present NH-26 at Kesinga including land acquisition in the state of Odisha on EPC mode under Annual Plan 2021-22,324,0,65.83,70,08-05-2025,,30-12-2021
970,Roads & Highways,Ministry of Road Transport & Highways,MoRTH,618205,"Construction of 4 lane with paved shoulder from Existing Ch. 14200 to 24320 Design Ch. 14200 to 24400, Ch. 33760 to 42780 Design Ch. 35300 to 44294 & Ch. 43440 to 47020 Design Ch. 44958 to 48500 Delina Flyover including construction of flyover length 1.704 km of total length 22.736 kms in AOR of 760 BRTF on road SRINAGAR BARAMULA URI NH-01 in the UT of Jammu & Kashmir under project BEACON, Border Roads Organization BRO Package-IJob No NH-1-J&K-2022-23-110",823,0,242.07,78,24-08-2025,,29-06-2022
971,Roads & Highways,Ministry of Road Transport & Highways,MoRTH,618203,"Construction of 4 lane with paved shoulder Pattan bypass Greenfield bypass from existing Ch. Km 24320 to Km 33760 and Design Ch. from Km 24400 to Km 35300, total length 10.900 km on road SrinagarBaramulla Uri NH-01 in the UT of Jammu & Kashmir under Project BEACON, Border Roads Organization BRO on EPC mode. Package-II",980,0,0,48,31-07-2026,,22-03-2023
972,Roads & Highways,Ministry of Road Transport & Highways,MoRTH,617919,Construction of 4 Nos Grade separtor between km. 281.000 to km. 307.600 km. 286.400 kumhari km. 299.000 Transport Nagar km. 302.000 Power House km. 304.000 Chandra Moura Chowk to km. 305.000 supeia of NH-53 old NH-06 Raipur -Durg 4 Lane on EPC mode in the state of chhattisgarh job NO. NH-53old NH-06 CG-2017-18-56,349,0,0,97,27-01-2021,27-01-2021,22-03-2018
973,Roads & Highways,Ministry of Road Transport & Highways,NHIDCL,619057,Construction of 4-Lane Badarpur Bypass from Design Chainage km 27300 at crossing with NH-6 Old NH-44 Near Siddeswar Pt.-I Village to Design Chainage km 38600 on NH-37 Old NH-44 at Kandigram Chaita Village on Silchar - Churaibari stretch in the State of Assam on EPC Mode under Bharatmala Pariyojana in Economic Corridors Silchar- Churaibari Pkg-3,574,0,277.82,63,09-08-2026,,28-02-2023
974,Roads & Highways,Ministry of Road Transport & Highways,NHIDCL,618373,"Construction of 4-Lane Bridge including approaches over River Brahmaputra between Dhubri on North Bank,Assam and Phulbari on south Bank,Meghalaya on NH-127B under JICA ODA Loan assistance Phase-III",4997,0,2556.61,70,12-09-2028,09-12-2028,06-05-2019
975,Roads & Highways,Ministry of Road Transport & Highways,National Highways Authority of India [NHAI],619142,Construction of 4-lane connectivity to Banbasa ICP at India Nepal border from NH-09 old NH-125 Sitarganj-Tanakpur at Km 40.00 near Jagbuda bridge under Bharatmala Priyojana of NH-109D on EPC mode in the State of Uttarakhand,217,237.01,152.15,74,01-09-2024,11-04-2027,17-06-2022
976,Roads & Highways,Ministry of Road Transport & Highways,MoRTH,618001,"Construction of 4-lane flyover at Amberpet-X road, Hyderabad on NH-202 in the State of Telangana",217,265.88,154.05,92,28-06-2023,06-04-2024,08-05-2018
977,Roads & Highways,Ministry of Road Transport & Highways,MoRTH,618166,Construction of 4-lane green field highway from Km. 35.000 to Km. 49.155 of NH-731A with paved shoulders on Hybrid Annuity Mode in the state of Uttar Pradesh,698,0,0.04,99,29-10-2025,,06-01-2022
978,Roads & Highways,Ministry of Road Transport & Highways,MoRTH,618165,Construction of 4-lane highway with paved shoulders from Km 49.155 to Km 74.700 of NH-731A on Hybrid Annuity Mode in the state of Uttar Pradesh,1157,0,0,92,31-01-2026,,08-01-2022
979,Roads & Highways,Ministry of Road Transport & Highways,NHIDCL,618308,Construction of 4-Lane Panchgram Bypass from Design Chainage km 15500 on NH-37 Old NH-53 at Kalinagar Pt.-I Village to Design Chainage km 27300 at crossing with NH-6 Old NH-44 Near Siddeswar Pt.-I Village on Silchar - Churaibari stretch in the State of Assam on EPC Mode under Bharatmala Pariyojana in Economic Corridors Silchar- Churaibari Package-2,676,728.97,0,46,09-02-2027,,16-03-2023
980,Roads & Highways,Ministry of Road Transport & Highways,NHIDCL,618417,"Construction of 4-Lane with paved shoulder Agartala bypass Western side, length 25.402 km connecting NH-8 near Amtali to NH-108B near Lembuchhera in the state of Tripura on EPC basis under NHO-NE",2026,0,0,0,09-03-2027,,22-03-2023
981,Roads & Highways,Ministry of Road Transport & Highways,NHIDCL,618320,Construction of 4-Laning of N. Kawnpui N. Mualvum Mualkhang via Khamrang Village section Package-7 of NH-6 from Existing Chainage km 127200 to km 142000 Design Chainage km 111850 to km 123400 on Silchar - Vairengte - Sairang road in the State of Mizoram on EPC mode,866,0,0,0,28-10-2028,,12-02-2024
982,Roads & Highways,Ministry of Road Transport & Highways,NHIDCL,618321,Construction of 4-Laning of West Serawlg-Sairang section of NH-6 from Existing Chainage km 142000 to km 158900 Design Chainage km 123400 to km 136260 on Silchar - Vairengte - Sairang road in the State of Mizoram under Bharatmala Pariyojna on EPC mode under NHO-NE Package-8,876,0,0,0,01-11-2028,,12-02-2024
983,Roads & Highways,Ministry of Road Transport & Highways,National Highways Authority of India [NHAI],618869,"Construction of 4/6 lane Highway of Southern Bareilly Bypass, starting at Ch. 237000 of NH 530 near Jhumka chauraha, Dhantiya village and ending at Ch. 267000 of NH 30 near Invertis University including Trumpet Interchange",1122,1869.59,51.98,0,23-06-2028,,18-12-2024
984,Roads & Highways,Ministry of Road Transport & Highways,NHIDCL,618330,Construction of 4/6 Laning from existing Km 159.400 of NH-36 to existing Km 102.500 of NH-39 and upto end point of Assam portion [Design Km 118.050 to design Km 132.375] Total New Alignment length of 14.325 Km of Daboka -Dimapur Section Dimapur Bypass in the state of Assam under SARDP-NE 'Phase-A' on EPC mode Assam Portion,511,0,647.2,100,25-11-2022,23-08-2024,09-03-2018
985,Roads & Highways,Ministry of Road Transport & Highways,NHIDCL,618329,Construction of 4/6 Laning from Km 132.375 to Km 153.058 Total New Alignment length of 20.683 Km of Daboka-Dimapur Section Dimapur Bypass Nagaland Portion of NH-36 & 39 in the State of Nagaland on EPC basis under PhaseA of SARDP-NE,819,0,0,0,04-09-2020,28-02-2023,16-02-2017
986,Roads & Highways,Ministry of Road Transport & Highways,National Highways Authority of India [NHAI],618500,Construction of 4L Connector from Delhi Meerut Expressway Km 50.000 of Pkg IV to Km 8.520 of NH-235 Pkg-5,1081,1116.19,402.75,76,29-03-2024,31-12-2025,06-09-2021
987,Roads & Highways,Ministry of Road Transport & Highways,MoRTH,617912,Construction of 6 lane flyover from Khapari ROB to Mihan Interchange design chainage km 8760 to 11450 L- 2.69 km and upgradation of existing 4L PS road to 6LPS with service road by flexible pavement design chainage km 11450 to 14500 L-3.05 [total project length 5.74 km] in section of Nagpur - Hyderabad NH-44 Old NH-7 in Nagpur district in the state of Maharashtra on HAM mode.,620,0,0,0,03-10-2027,,15-03-2024
988,Roads & Highways,Ministry of Road Transport & Highways,National Highways Authority of India [NHAI],618932,Construction of 6 lane Indore western bypass from km 0000 to Km 34000 Pkg -l in the State of Madhya Pradesh on Hybrid Annuity Mode under NHO,1535,1472.68,175.29,0,31-12-2027,,28-02-2024
989,Roads & Highways,Ministry of Road Transport & Highways,MoRTH,618233,Construction of 6-lane bridge on Ganga on NH-96 and its approaches in Phaphamau Allahabad on EPC mode,1948,1465.41,0,85,15-02-2024,08-07-2024,11-07-2018
990,Roads & Highways,Ministry of Road Transport & Highways,MoRTH,618250,Construction of 6-Lane Elevated / Extra Dose Cable Bridge on River Ganga parallel to & Western side of Digha-Sonepur Rail cum-Road Bridge of NH 139W in the State of Bihar,3064,0,0,8,02-11-2027,,05-01-2024
991,Roads & Highways,Ministry of Road Transport & Highways,National Highways Authority of India [NHAI],618627,Construction of 7 Nos of Standalone safety structures/works at different locations on various NHs,169,112.03,0.66,5,27-01-2027,,16-01-2025
992,Roads & Highways,Ministry of Road Transport & Highways,MoRTH,618228,construction of a new 4 lane Parallel to existing MG Setu with its approaces from km 0.00 to km 14.500 across river Ganga on NH-19 at Patna in the state of Bihar.,2926,0,0,66,22-09-2024,12-01-2025,12-02-2019
993,Roads & Highways,Ministry of Road Transport & Highways,MoRTH,618234,Construction of a new 4-lane major bridge across river Kosi at Phulaut including Rehabilitation and upgradation of existing Birpur and Bihpur section of NH-106 from km 106.000 to km 136.000 to 2-lane with paved shoulders in the State of Bihar on EPC mode,1478,0,753.21,87,06-06-2024,05-03-2026,20-09-2018
994,Roads & Highways,Ministry of Road Transport & Highways,National Highways Authority of India [NHAI],618882,Construction of additional 3-Lane Bridge over River Ganga for connection between Buxar and Bharauli on NH-922 in the State of Uttar Pradesh and Bihar on Hybrid Annuity Mode,532,444.92,0.94,6,19-02-2028,,15-03-2024
995,Roads & Highways,Ministry of Road Transport & Highways,MoRTH,617893,Construction of additional major Bridge with 4- lane configuration of length 1.48 km on NH-60 NH-14 over River Kangshabati from Km. 117.770 to Km 119.250 and additional major Bridge with 4- lane configuration of length 0.900 km on NH-60 NH-14 over River Shilabati from Km. 173.220 to Km 174.120 in the district of Paschim Medinipur of West Bengal under Annual Plan for FY 2023-24 on EPC mode. Job No 014-W8-2023-24/527.,305,0,0,0,15-05-2028,,16-11-2023
996,Roads & Highways,Ministry of Road Transport & Highways,NHIDCL,618430,Construction of alternative highway to Gangtok in Sikkim via Bagrakot -Chuikhim-Nimbong -Kafer-Bakhim-Algarah-Rhenock in the State of West Bengal and from Rhenok-Rorathang-Pakyong along with spur from Aritar-Rolep-Menla in the State of Sikkim from Km 0.00 to Km 13.00 of Bagrakot -Kafer section of NH 717A on EPC Mode under Phase-A of SARDP-NE in the State of West Bengal PKG- IVA,403,0,0,98,03-04-2022,09-06-2025,22-03-2018
997,Roads & Highways,Ministry of Road Transport & Highways,NHIDCL,618431,Construction of alternative highway to Gangtok in Sikkim via Bagrakot -Chuikhim-Nimbong -Kafer-Bakhim-Algarah-Rhenock in the State of West Bengal and from Rhenok-Rorathang-Pakyong along with spur from Aritar-Rolep-Menla in the State of Sikkim from Km 13.00 to Km 25.60 of Bagrakot -Kafer section of NH 717A on EPC Mode under Phase-A of SARDP-NE in the State of West Bengal PKG- IVB,296,0,0.39,96,05-04-2023,07-03-2025,22-03-2018
998,Roads & Highways,Ministry of Road Transport & Highways,MoRTH,618066,Construction of Amethi bypass Part-II at km.30.050 of NH-931 under EPC mode in the state of Uttar Pradesh,284,0,15.27,33,11-02-2027,,12-12-2022
999,Roads & Highways,Ministry of Road Transport & Highways,NHIDCL,618414,Construction of Balance work for 2-lane with hard shoulder of Peren- Dimapur section on NH-129A from Design Km 126.775 to Km 146.208 Length 19.433 Km in the state of Nagaland on EPC mode under NHO-TSP Package-II,259,0,47.41,81,09-09-2025,,18-01-2021
1000,Roads & Highways,Ministry of Road Transport & Highways,NHIDCL,618433,Construction of Balance work of 2-Lane with PS of Joram Koloriang Road from existing Km122.600 to km138.00 [Design Km108.724 to Km123.714] in Arunachal Pradesh on EPC Mode under SARDP-NE Pkg-7,185,0,0,98,02-04-2022,03-07-2023,15-02-2017
1001,Roads & Highways,Ministry of Road Transport & Highways,NHIDCL,618432,Construction of Balance work of 2-Lane with PS of Joram-Koloriang Road NH-713 on EPC basis from Design Km 44.989 to Km 61.547 Existing Km 50.050 to Km 70.000 in the state of Arunachal Pradesh under SARDP-NE Pkg-3,229,0,0,99,02-04-2022,03-07-2023,15-02-2017
1002,Roads & Highways,Ministry of Road Transport & Highways,NHIDCL,618437,"Construction of Balance Work of 4-Laning of NH-37 Section between End of Moran Bypass to Bogibeel junction near Lapetketa Km. 561.700-Km. 580.875 under SARDP-NE, Phase 'A' in the State of Assam on EPC mode Pkg-I Road works & Toll Plaza",274,0,0,100,31-08-2025,,12-01-2016
1003,Roads & Highways,Ministry of Road Transport & Highways,NHIDCL,618441,"Construction of Balance Work of 4-Laning of the Section from Jhanji to Demow of NH-37 Old from Km 490.800 to Km 501.800 11.000 Km, under SARDP- NE under EPC Mode in the state of Assam Pkg-I Road Works",468,476.5,72.13,0,28-09-2025,,04-01-2016
1004,Roads & Highways,Ministry of Road Transport & Highways,NHIDCL,618440,"Construction of Balance Work of 4-Laning of the Section from Jhanji to Demow of NH-37 Old from Km 490.800 to Km 534.800, under SARDP- NE on EPC Mode in the state of Assam Pkg- IV Structures & Toll Plaza",187,100.22,0,0,13-10-2025,,04-01-2016
1005,Roads & Highways,Ministry of Road Transport & Highways,NHIDCL,619013,"Construction of Balance Work of 4-Laning of the Section from Jhanji to Demow of NH-37 Old from Km 501.800 to Km 514.800 13.000 Km, under SARDP- NE under EPC Mode in the state of Assam Pkg-II Road Works",509,542.87,58.12,47,05-10-2025,,31-10-2014
1006,Roads & Highways,Ministry of Road Transport & Highways,NHIDCL,619060,"Construction of Balance Work of 4-Laning of the Section from Jhanji to Demow of NH-37 Old from Km 514.800 to Km 534.800 20.000 Km, under SARDP- NE under EPC Mode in the state of Assam Pkg-III Road Works",345,619.7,46.37,62,28-09-2025,,31-10-2014
1007,Roads & Highways,Ministry of Road Transport & Highways,NHIDCL,618439,"Construction of Balance Work of 4-Laning of the Section from Jorhat to Jhanji of NH-37 Old from Km 453000 to Km 463000 10.000 Km, under SARDP- NE under EPC Mode in the state of Assam Pkg-I Road Works",478,0,0,0,11-08-2024,,10-01-2024
1008,Roads & Highways,Ministry of Road Transport & Highways,NHIDCL,618444,"Construction of Balance Work of the 4-Laning of the Section from Jorhat to Jhanji of NH-37 Old from Km 453.000 to Km 490.800, under SARDP- NE , under EPC Mode in the state of Assam Pkg-IV Structures & Toll Plaza",279,0,0,94,11-08-2024,,10-01-2024
1009,Roads & Highways,Ministry of Road Transport & Highways,NHIDCL,618443,"Construction of Balance Work of the 4-Laning of the Section from Jorhat to Jhanji of NH-37 Old from Km 463.00 to Km 477.000 14.000 Km, under SARDP- NE under EPC Mode in the state of Assam Pkg-II Road Works",438,0,0,95,11-08-2024,,10-01-2024
1010,Roads & Highways,Ministry of Road Transport & Highways,NHIDCL,618442,"Construction of Balance Work of the 4-Laning of the Section from Jorhat to Jhanji of NH-37 Old from Km 477.000 to Km 490800 13.800 Km, under SARDP- NE under EPC Mode in the state of Assam Pkg-III Road Works",359,0,0,98,11-08-2024,,10-01-2024
1011,Roads & Highways,Ministry of Road Transport & Highways,MoRTH,618054,Construction of Balrampur bypass with 2L flexible pavement configuration from km.223.000 of NH-330 to km.328.300 of NH-730 under EPC mode,516,0,80.95,42,02-02-2026,,13-12-2022
1012,Roads & Highways,Ministry of Road Transport & Highways,MoRTH,618243,Construction of Basti Ring Road Phase-I with 4L configuration for Basti City in the state of Uttar Pradesh on HAM mode,1139,0,0,19,12-06-2027,,08-12-2022
1013,Roads & Highways,Ministry of Road Transport & Highways,MoRTH,618004,Construction of Bhabhua Bypass from Ch. 10800Design Ch. 10800 to Ch. 19860 Design Ch. 18150 and Chand Bypass from Ch. 38060 Design Ch. 36250 to Ch. 40460 Design Ch. 38650 and widening of existing road to 2 - lane with Paved shoulder from Ch. 40460 Design Ch. 38650 to Ch. 46860 Design Ch. 45050 of NH-219 Total length-16.150 Kmunder EPC mode in the state of Bihar,180,0,0,0,03-07-2026,,17-02-2022
1014,Roads & Highways,Ministry of Road Transport & Highways,MoRTH,619005,Construction of bypass around Chatra Town on NH-22 old NH-99 in the state of Jharkhand under EPC Mode,235,199.2,0,0,01-01-2028,05-01-2026,17-03-2023
1015,Roads & Highways,Ministry of Road Transport & Highways,MoRTH,617930,Construction of Bypass on NH-59 from Km 336/350 to 349/910 13.56 km near Berhampur town including 4-lane RoB in the state of Odisha.,197,0,30.46,35,11-12-2025,,31-03-2021
1016,Roads & Highways,Ministry of Road Transport & Highways,MoRTH,617990,Construction of bypass road to Adoni town connecting NH-167 Hagari - Jadcharla road from km.62/700 to 71/400 in Kurnool District in the State of Andhra Pradesh.,242,0,78.49,95,04-11-2025,,30-03-2023
1017,Roads & Highways,Ministry of Road Transport & Highways,MoRTH,617904,Construction of Bypass road to Balangir town from km 72/400 Desing km 0/0 to km 79/800 Design km 11/670 of NH-26 in the State of Odisha.,239,0,6.09,40,25-10-2025,,22-02-2022
1018,Roads & Highways,Ministry of Road Transport & Highways,MoRTH,617925,Construction of Bypass to Khordha town from Km 294/000 to 300/300 on NH-57 including LA in the State of Odisha on EPC mode.,157,0,33.61,60,02-11-2024,01-07-2025,09-02-2022
1019,Roads & Highways,Ministry of Road Transport & Highways,MoRTH,617962,"Construction of Bypass to Madurai Achambathu Viratipathu in between km 6/850 10/382 of NH 49 Extn New NH 85 including Land Acquisition on Engineering, Procurement & Construction EPC basis Contract under NH O Annual Plan 2021-22 in the state of Tamil Nadu job No.NH-49 Extn New NH 85 - TN-2021-22-997",239,260.07,85.64,72,23-08-2026,,21-03-2022
1020,Roads & Highways,Ministry of Road Transport & Highways,MoRTH,617924,Construction of bypass to Nayagarh town from km 235.469 to 252.482 of NH-57 including land acquisition in the state of Odisha.,300,0,78.14,90,30-04-2025,,20-01-2022
1021,Roads & Highways,Ministry of Road Transport & Highways,National Highways Authority of India [NHAI],618950,Construction of Bypass to NH-114A Connecting NH-333 and NH-133 Deoghar Bypass from design km 0.000 to design Km 49.000,1565,0,0,0,27-01-2028,,27-11-2024
1022,Roads & Highways,Ministry of Road Transport & Highways,MoRTH,617890,Construction of Champawat Bypass with two lane with paved shoulder configuration starting from existing chainage 121.700 to existing chainage 129.450 Design Length 9.847 of NH-125 in District-Champawat in the state of Uttrakhand on EPC mode.,221,0,0,0,31-12-2027,,20-02-2025
1023,Roads & Highways,Ministry of Road Transport & Highways,MoRTH,618262,Construction of Deoria Bypass from existing Km. 27.140 to existing Km. 46.780 Design Km. 49.109 on NH727A Design length 21.969 Km. to four lane with paved shoulder configuration under Hybrid Annuity Mode HAM in the State of Uttar Pradesh,1735,0,0,5,31-07-2027,,27-03-2023
1024,Roads & Highways,Ministry of Road Transport & Highways,MoRTH,619004,"Construction of Dubrajpur Bypass with 4-lane configuration of length 5.676 km on NH-60 new NH-14 from design chainage 0.00 existing km 316.135 on NH-60 to design chainage 5.676 existing km 320.980 on NH-60 in the district of Birbhum, West Bengal under Annual Plan 2022-23 in EPC Mode- reg. Job. No. 014-WB-2022-23/518.",561,0,0,0,18-12-2027,,29-03-2023
1025,Roads & Highways,Ministry of Road Transport & Highways,MoRTH,617935,"Construction of Elevated corridor from Km. 135.650 to 136.300 on 63, from Km. 249 to Km. 250.050 on old NH-4 and from Km. 192.910 to Km. 193.350 on NH-218 from decongestion of traffic in Ranichennamma circle in Hubli city in the state of Karnataka on EPC basis",298,349.49,141.25,52,04-06-2024,03-08-2025,31-08-2020
1026,Roads & Highways,Ministry of Road Transport & Highways,National Highways Authority of India [NHAI],618525,Construction of flyover at Gammon Junction at Km.903.265 on NH16 including vent at Diwancheruvu junction at Km.902.308 Blackspot ID No.AP03299 in Andhra Pradesh on EPC mode under NHO,327,223.29,5.34,4,20-10-2027,,07-03-2025
1027,Roads & Highways,Ministry of Road Transport & Highways,National Highways Authority of India [NHAI],619141,Construction of four lane access controlled highway from Chillakuru cross road to Turpu KanupurPart 1 of Package - II km 0.000 131.500 of NH - 16 to km 23.770 on New NH-516W including sixlane flyover and approaches on NH-16 length km 1.050 and six lane access controlled from TurpuKanupur to Port South Gate Part 2 of Package - II km 23.770 to km 35.015 on New NH-516W inthe state of Andhra Pradesh on HAM Mode under Bharatmala Pariyojana Phase I,864,844.39,259.02,46,06-12-2025,,10-08-2022
1028,Roads & Highways,Ministry of Road Transport & Highways,National Highways Authority of India [NHAI],618883,Construction of Four Lane Highway form Ghazipur- Ballia-UP/Bihar State Border Greenfield section of NH-31 Package I [from Hridaipur km 0.000 to Shahapur km 42.500] on EPC Mode in the state of Uttar Pradesh.,1706,1579.59,748.02,92,02-07-2025,29-12-2025,07-10-2022
1029,Roads & Highways,Ministry of Road Transport & Highways,National Highways Authority of India [NHAI],618884,Construction of Four Lane Highway from Ghazipur- Ballia-UP/Bihar State Border Greenfield section of NH-31 Package II [from Shahapur km 42.500 to Pindari km 78.150] on EPC Mode in the state of Uttar Pradesh.,1494,1311.44,636.34,82,26-10-2025,,14-10-2022
1030,Roads & Highways,Ministry of Road Transport & Highways,National Highways Authority of India [NHAI],619154,Construction of Four Lane Highway from Ghazipur- Ballia-UP/Bihar State Border Greenfield section of NH-31 Package III [from Pindari km 78.150 to Rawalganj Bypass Km 117.120] on EPC Mode in the state of Uttar Pradesh.,1494,1493.59,478.04,72,28-08-2025,31-05-2026,05-10-2022
1031,Roads & Highways,Ministry of Road Transport & Highways,National Highways Authority of India [NHAI],618885,Construction of Four Lane Highway from Ghazipur- Ballia-UP/Bihar State Border Greenfield section of NH-31 Package IV [from Buxur Spur of length km 17.270 on EPC Mode in the state of Uttar Pradesh.,618,549.02,218.99,80,14-06-2025,,12-10-2022
1032,Roads & Highways,Ministry of Road Transport & Highways,MoRTH,618164,Construction of four lane highway with paved shoulder from Km.74.700 to Km.112.950 of NH-731A i/c Yamuna Bridge on HAM in the state of Uttar Pradesh.,1142,1157.31,0,68,23-06-2026,,30-03-2022
1033,Roads & Highways,Ministry of Road Transport & Highways,MoRTH,618003,Construction of four lane ROB and its approaches in lieu of existing Level Crossing No. RV-71 at km 435 on NH-217 New NH-353 at Khariar including land acquisition under NHO in Annual Plan 2021-22 for the state of Odisha for F.Y. 2021-22 to F.Y 2033-34,154,0,22.32,45,26-12-2024,,15-11-2021
1034,Roads & Highways,Ministry of Road Transport & Highways,MoRTH,618059,Construction of four-lane Concrete Road from Police Headquarter Gondia City to Rawanwadi Village Birsi Airport Junction from design km 0.000 to km 15.781 existing km 39/720 of NH-753 to existing Km 8/400 of NH 543 on sections from Kohmara- Goregaon- Police HeadquarterKaranja - Collector Office Square - Balaghat T Point- Rawanwadi- Rajegaon of NH-753 and NH-543 in Gondia District in the state of Maharashtra. Total Length of the project 15.781 Km.,328,0,0,34,14-08-2025,,14-02-2023
1035,Roads & Highways,Ministry of Road Transport & Highways,MoRTH,618008,"Construction of four-lane elevated viaduct from km.4634 to km.6345 on NH-24A including Retaining wall, service lane, at grade road and improvement of junctions, on EPC mode",185,269.81,158.8,100,27-09-2023,24-03-2024,31-03-2021
1036,Roads & Highways,Ministry of Road Transport & Highways,MoRTH,618120,construction of Four-Lane of chausa-Buxar Bypass from Km 45.000 to Km 65.915 Package - 2 in the State of Bihar on EPC Mode.,1060,0,0,0,13-01-2028,,22-09-2022
1037,Roads & Highways,Ministry of Road Transport & Highways,National Highways Authority of India [NHAI],619068,Construction of Greenfield Connectivity to Jewar International Airport from DND-Faridabad-Ballabhgarh Bypass KMP Link - Spur to Delhi Mumbai Expressway,2921,3485.77,870.3,63,21-06-2025,18-03-2026,07-07-2022
1038,Roads & Highways,Ministry of Road Transport & Highways,NHIDCL,618412,Construction of i Connecting Road from Z-Morh Tunnel to Zojila Tunnel Road Length 18.475km and ii 14.150 Km long 2-L Bi-directional single tube Zoji-la Tunnel across Zojila Pass on Sonamarg - Kargil section from Km 82 to Km 118 of NH-01 under PMDP,6809,0,3147.58,66,30-09-2026,26-12-2027,18-01-2018
1039,Roads & Highways,Ministry of Road Transport & Highways,NHIDCL,618405,"Construction of Intermediate Lane of Pango to Jorging Road from 0000 to Design Km Design Km 40000 Design Length 40.00 Km, Pkg-l, Greenfield Alignment in the State of Arunachal Pradesh on EPC mode Pkg-1",898,0,0,27,16-07-2027,,15-01-2024
1040,Roads & Highways,Ministry of Road Transport & Highways,NHIDCL,618403,Construction of Intermediate Lane Road with hard shoulder from design Km 0.000 to Km 17.387 Total length 17.387 km of Hunli to Ithun Bridge section on NH-913 Frontier Highway in State of Arunachal Pradesh on EPC mode under NHO-NE,276,0,0,22,30-01-2027,,27-02-2024
1041,Roads & Highways,Ministry of Road Transport & Highways,NHIDCL,618402,"Construction of Intermediate Lane with Hard Shoulder of Hunli to Hayuliang from Design Km 0.000 to Km 53.000 Design Length 53.000 km, Greenfield Section of Frontier Highway NH-913 in the State of Arunachal Pradesh on EPC Mode Package-I",1262,0,171.26,10,29-02-2028,,27-02-2024
1042,Roads & Highways,Ministry of Road Transport & Highways,NHIDCL,618401,"Construction of Intermediate Lane with Hard Shoulder of Hunli to Hayuliang Package-III from design Km 60.000 to Km 121.500 Design Length 61.500 km, Greenfield Section of Frontier Highway NH-913 in the State of Arunachal Pradesh on EPC Mode Pkg-3",1419,0,0,1,17-07-2028,,27-02-2024
1043,Roads & Highways,Ministry of Road Transport & Highways,MoRTH,617957,Construction of Jasra Bypass with four lane paved shoulder configurationfrom Km 379.670 on NH-76New NH-35 to Km 18.00 on NH-27New NH-30 on EPC in the State of Uttar Pradesh.,274,0,0,91,15-09-2025,,15-02-2023
1044,Roads & Highways,Ministry of Road Transport & Highways,MoRTH,618068,"Construction of Kaithi-Padaria Kala bypass, Patna-Tamoli bypass, Jaso bypass and Nagod bypass total length 15.44 Km to 2-lane with paved shoulders flexible pavement on NH-943 in the State of Madhya Pradesh on EPC Mode.",158,0,0,50,06-10-2025,,04-03-2022
1045,Roads & Highways,Ministry of Road Transport & Highways,NHIDCL,618399,Construction of Kishtwar bypass with 2 lane with paved shoulder from Design Km. 80.675 Dulhasti to km 95.550 Bandarkoot of 14.88 km & a link road to Kishtwar town from 0000 to 1.871 of length1.871 Km on Khellani - Kishtwar - Chattroo section in UT of Jammu and Kashmir on EPC Mode Pkg-4,860,0,0,0,23-08-2023,08-11-2024,30-03-2021
1046,Roads & Highways,Ministry of Road Transport & Highways,National Highways Authority of India [NHAI],618554,Construction of left out portion of Agra Inner Ring Road connecting village Deori to NH-44 village Bad from Km. 0.000 to Km. 7.772,879,787.58,611.55,91,19-09-2024,,15-07-2022
1047,Roads & Highways,Ministry of Road Transport & Highways,MoRTH,618144,Construction of Major Bridge Across Sharavathi Backwaters and approches between Ambargodu and Kalasavalli Near Sigandhur in Sagar Taluk on NH 369E in the State of Karnataka on EPC mode.Job No. NH-369E-KNT-2018-19-895 dated 06.03.2019.,423,0,0,0,10-12-2022,,06-03-2019
1048,Roads & Highways,Ministry of Road Transport & Highways,MoRTH,617989,Construction of Major Bridge at Km.180.865 across river Krishna on NH 167 Hagari Jadcherla section,157,187.61,92.25,68,06-11-2021,15-10-2024,06-03-2019
1049,Roads & Highways,Ministry of Road Transport & Highways,MoRTH,617895,Construction of Mangaldoi Bypass NH-15 starting at Ch 26400 and terminating at Ch 41505 under Rangia NH Division L 15.105 Km in the State of Assam. Job No. 15/AS/2021-22/234,535,0,104.57,61,28-04-2025,,30-03-2022
1050,Roads & Highways,Ministry of Road Transport & Highways,MoRTH,618081,Construction of Mariahu Bypass with four lane paved shoulder configuration Km. 53.540 to Km.59.200 of NH-135A on EPC mode in the state of Uttar Pradesh,438,362.39,0,47,28-02-2026,,01-03-2023
1051,Roads & Highways,Ministry of Road Transport & Highways,MoRTH,618045,"Construction of Mihona bypass, Lahar bypass, Daboh bypass & Bhander Bypass total length 20.60 km to 2-lane with paved shoulder from on Mihona-Bhander-MP/UP border section of NH 552E in the State of Madhya Pradesh on EPC mode",179,0,71.77,67,19-12-2024,,30-03-2022
1052,Roads & Highways,Ministry of Road Transport & Highways,MoRTH,618156,"Construction of Morena bypass, Ambah bypass & Porsa bypass Totat length 27.16 km Section of NH-552 Ext. to TWo lane with paved shoulder configuration in the state of Madhya Pradesh on EPC mode",493,0,0,51,02-10-2026,,08-02-2023
1053,Roads & Highways,Ministry of Road Transport & Highways,MoRTH,618159,"Construction of new 2 Lane with paved shoulders of NH Standards from km 0.080 to km 11.690 L11.610 km in Majuli and from km 19.715 to km 27.484 L 7.769 km in Jorhat on the newly declared NH 715K and construction of 1.10 km flyover on NH-715 with its approaches and service roads L1.10 km, Total Length 20.479 km in the State of Assam Job No. 715K/AS/2023-24/256",382,0,19.45,0,28-03-2027,,23-02-2024
1054,Roads & Highways,Ministry of Road Transport & Highways,NHIDCL,618286,Construction of New 2-Lane Bridge with its approaches from km 0000 to Km 4385 across River Brahmaputra on NH-17 at Jogighopa in Assam on EPC mode,747,0,384.62,74,10-11-2024,12-06-2026,09-09-2021
1055,Roads & Highways,Ministry of Road Transport & Highways,MoRTH,617926,Construction of new 4 lane major bridge with approaches on Sabarmati River near Dharoi at Km. 82/00 to 86/00 Design length 3.300 km on NH-58 in the State of Gujarat on Hybrid Annuity Mode HAM,398,0,0,8,19-08-2027,25-11-2025,15-03-2024
1056,Roads & Highways,Ministry of Road Transport & Highways,MoRTH,618246,Construction of New 4-Lane Bridge Parallel to existing Vikramashila Setufrom km 8920 to Km 13375including approach road 35m Naugachhia side &53 m Bhagalpur sideacross River Ganga on newly declared NH-131B at Bhagalpur in the State of Bihar,1110,0,0,44,08-05-2027,,17-07-2020
1057,Roads & Highways,Ministry of Road Transport & Highways,National Highways Authority of India [NHAI],618801,Construction of New Double Tier 4-lane Elevated Corridor from Chennai Port to Maduravoyal in Chennai District from Km -0342 to Km 20223 Package 1 from Km -0342 to Km 4604,1389,1388.59,150.31,16,20-05-2026,,15-03-2023
1058,Roads & Highways,Ministry of Road Transport & Highways,National Highways Authority of India [NHAI],618800,Construction of New Double Tier 4L Elevated Corridor from Chennai Port to Maduravoyal in Chennai District from km -0.342 to Km 20.593 and Package II from Km 4.604 to Km 9.700,1617,1616.97,141.23,13,20-05-2026,,15-03-2023
1059,Roads & Highways,Ministry of Road Transport & Highways,National Highways Authority of India [NHAI],619139,Construction of New Double Tier 4L Elevated Corridor from Chennai Port to Maduravoyal in Chennai District from km -0.342 to Km 20.593 and Package III from Km 9.700 to Km 14.185,1299,1299.36,123.13,14,20-05-2026,,15-03-2023
1060,Roads & Highways,Ministry of Road Transport & Highways,MoRTH,617932,Construction of New Four Lane Bypass to Parbhani City Parwa to Asola Km 463/265 to Km 481/180 Design Ch. 19220 to Ch. 34434 Length-15.214 Km section of NH-61 on EPC mode in the State of Maharashtra.,497,0,0,62,15-10-2024,10-05-2025,29-03-2022
1061,Roads & Highways,Ministry of Road Transport & Highways,MoRTH,617960,Construction of new road at the missing link portion of NH-81 along approved alignment between Harishchandrapur and Eastern approach of Kalindri Bridge from Km 46.550 to Km 59.697 in the district of Malda.,271,291.2,7.4,84,01-11-2018,01-11-2021,12-08-2016
1062,Roads & Highways,Ministry of Road Transport & Highways,NHIDCL,618355,"Construction of of 2 -Lane with paved shoulders road from Tamenglong-Tousem-Lisang-Mahur Road NH-137 starting near Dialong Village from km 10.000 at Dialong to km 31.430 near Old Tamenglong , near Barak River on EPC Mode Package-2",484,0,351.99,92,16-03-2023,03-12-2025,20-07-2021
1063,Roads & Highways,Ministry of Road Transport & Highways,MoRTH,618254,Construction of Paderu bypass Km 0000 to Km 13000 of 2- lane with paved shoulder on NH-516E,244,0,2.14,3,08-07-2026,,29-03-2023
1064,Roads & Highways,Ministry of Road Transport & Highways,MoRTH,618055,Construction of Pratapgarh Bypass Extension connecting NH-31 to NH-330 on EPC mode in the State of Uttar Pradesh.,225,0,0,66,30-06-2025,,10-10-2022
1065,Roads & Highways,Ministry of Road Transport & Highways,MoRTH,617897,Construction of proposed 4Lane Revelgunj bypass NH-19 in the State of Bihar on EPC mode connecting NH 19 to 85 origin,295,0,33.07,79,09-07-2025,,31-03-2022
1066,Roads & Highways,Ministry of Road Transport & Highways,MoRTH,618244,Construction of Raebareli Ring Road Phase-2 with four Lane configuration for Raebareli City in the state of Uttar Pradesh on Hybrid Annuity Model HAM basis,1274,0,0,27,01-05-2027,,31-03-2022
1067,Roads & Highways,Ministry of Road Transport & Highways,MoRTH,618204,Construction of realignment between Pandrass- Pashkyun Total length 27.10 km on road Zozila-Kargil -Leh NH-1 to 2 lane specifications i.e. Drass alignment 9.30 km Kharboo realignment 6.30 km & Kargil alignment 11.50 km under project Vijayak BRO in the UT of Ladakh on EPC Mode,426,0,74.44,50,18-06-2025,,09-11-2021
1068,Roads & Highways,Ministry of Road Transport & Highways,National Highways Authority of India [NHAI],618540,Construction of Ring Road around Kanpur from Ch.23.325 to Ch.32.090 Chaudhariya to Transganga Package-IIA,1089,977.45,0.03,12,31-10-2027,,02-08-2024
1069,Roads & Highways,Ministry of Road Transport & Highways,National Highways Authority of India [NHAI],618536,Construction of Ring Road around Kanpur from Ch.68.650 to Ch.93.209 Jarkala to Pakari Package-IV in State of Uttar Pradesh.,1604,1192.16,105.18,17,29-06-2027,,10-02-2023
1070,Roads & Highways,Ministry of Road Transport & Highways,National Highways Authority of India [NHAI],618537,Construction of Ring Road around Kanpur from Km.000 to Km. 23.325 Chachendi Sachendi I to Maharajpur Package-I,1754,1311.7,330.5,50,06-06-2026,,01-01-2023
1071,Roads & Highways,Ministry of Road Transport & Highways,MoRTH,618260,"Construction of Salempur bypass to 4LPS from km 64.000 of NH-727A Km 171.00 of Sonauli Balia Marg, old SH-01, near Mahadahan Chauraha to km 61.500 of NH-727B Km 178.500 of Sonauli Balia Marg, old SH-01, near near Ahirauli Village under Hybrid Annuity Mode HAM in the State of Uttar Pradesh",1348,0,0,12,10-11-2027,,27-03-2022
1072,Roads & Highways,Ministry of Road Transport & Highways,MoRTH,618057,Construction of Shohratgarh Bypass on NH-730 under EPC mode in the State of Uttar Pradesh,189,0,0,43,23-05-2025,,10-10-2022
1073,Roads & Highways,Ministry of Road Transport & Highways,MoRTH,618038,Construction of Shopian Bypass on NH-444 taking off from existing chainage Km 36500 and re-joining at km 47588 of existing Chainage New Design Ch. From km 28000 to km 36925 as 2- lane with paved shoulder in the UT of Jammu & Kashmir on EPC mode.,224,0,0,0,11-01-2028,,11-03-2024
1074,Roads & Highways,Ministry of Road Transport & Highways,MoRTH,617980,Construction of six lane elevated corridor from km 7.950 Uppal to km 14.200 of NH-163 to De-Congest the urban limits of Hyderabad-Bhoopalapatnam section on EPC mode in the state of Telangana,627,0,13.91,50,01-07-2020,02-04-2026,27-03-2018
1075,Roads & Highways,Ministry of Road Transport & Highways,MoRTH,617942,Construction of Six lane Elevated Corridor from Km. 508.000 to Km. 513.150 including approaches on NH-66,641,0,0,71,15-04-2026,10-02-2026,25-04-2023
1076,Roads & Highways,Ministry of Road Transport & Highways,National Highways Authority of India [NHAI],618535,Construction of Six lane elevated flyover including reconstruction/rehabilitation of existing pavement from Km 406100 to Km 411150 Length 5.05 Km at Gobindpur area in the Barwa Adda Panagarh section of NH-19 from Km.398.240 to Km.521.120 including Panagarh Bypass in the State of Jharkhand on EPC Mode.,688,442.52,14.94,5,21-03-2028,,27-01-2025
1077,Roads & Highways,Ministry of Road Transport & Highways,MoRTH,619042,"Construction of six lane Flyover at Katraj junction at Km, 3/880 of NH 548-DD Vadgaon - Katraj - Kondhwa - Mantarwadi Chowk - Loni Kalbhor - Theur Phata - Lonikand Road in Pune Dist of the State of Maharashtra. On Engineering Procurement and construction EPC Basis mode L.1.326 Km,",164,0,0,0,24-02-2024,,23-02-2021
1078,Roads & Highways,Ministry of Road Transport & Highways,MoRTH,617950,Construction of Srinivasapura Bypass from existing Km 453.890 Design Ch. 0000 to existing Km 461.450 Design Ch 10080 on NH-69 in the State of Karnataka Under NH O in EPC mode under Annual Plan 2022-23 NH-69-KNT-2022-23-966 dated 22.11.2022,204,0,0,0,11-01-2027,,30-11-2022
1079,Roads & Highways,Ministry of Road Transport & Highways,National Highways Authority of India [NHAI],618939,Construction of Standalone Flyover cum ROB from Design Ch.66.600 to Design Ch.68.800 in Gadchandur Town on NH-353B,191,107.76,14.96,15,25-07-2027,,24-02-2025
1080,Roads & Highways,Ministry of Road Transport & Highways,National Highways Authority of India [NHAI],618546,Construction of Tunnels/Viaducts at identified sliding/slip zones at Km 130.550 to Km.130.750 Km. 131.170 to Km. 131.763 Km. 132.560 to Km. 133.168 Km. 133.590 to Km. 133.743 and Km. 147.877 to Km. 148.715 of Udhampur-Ramban section of NH-44,442,533.11,324.74,36,04-10-2023,30-06-2025,27-09-2021
1081,Roads & Highways,Ministry of Road Transport & Highways,National Highways Authority of India [NHAI],618549,Construction of twin tube tunnels on Jammu Kashmir Ring Road NH-244A Between Design Ch. 50600 to 51700 and design Ch. 53535 to 55700 on EPC mode under residual NHDP component of Bharatmala Pariyojna,243,731.59,637.62,82,07-06-2025,03-03-2026,28-11-2022
1082,Roads & Highways,Ministry of Road Transport & Highways,NHIDCL,618323,Construction of Twin Tube Uni-directional Aizawl Bypass Tunnel of 2.5 km and its approaches of 2.1 km from km 10.600 to km 15.200 on Sarrang - Phaibawk section of NH-6 in the State of Mizoram on EPC Mode under NHO-NE Package-2,1313,0,0,0,02-12-2028,,10-01-2024
1083,Roads & Highways,Ministry of Road Transport & Highways,MoRTH,617891,"Construction of Two lane with Paved Shoulder for Fatehpur Bypass Design Km 0.000 to Km 7.400 , Mandawa Bypass Design Km 20.925 to Km 27.300 & Jhunjhunu Bypass Design Km 41.625 to Km 54.689 of NH-11 on EPC Mode in the state of Rajasthan .",186,0,66.7,100,13-08-2024,31-01-2026,30-03-2022
1084,Roads & Highways,Ministry of Road Transport & Highways,MoRTH,618075,Construction of two lane with paved shoulder from existing Km.0.000 to Km.55.610 design km. 0.000 to km. 54.048 of NH-124D,841,773.58,134.9,57,08-02-2026,,22-12-2021
1085,Roads & Highways,Ministry of Road Transport & Highways,MoRTH,618071,Construction of two lane with paved shoulder Gangtok Bypass Road from Ranipool to Burtuk Ch 0.00 Km to 23.316 L23.316 Km in the State of Sikkim,385,342.89,0,78,22-05-2024,13-01-2025,18-10-2021
1086,Roads & Highways,Ministry of Road Transport & Highways,MoRTH,618169,Construction of Two Lane with paved shoulder highway from Design Ch.0.000 to Ch.49.2OO of NH-731B on EPC Mode,640,602.76,227.12,93,29-11-2025,,24-03-2022
1087,Roads & Highways,Ministry of Road Transport & Highways,National Highways Authority of India [NHAI],618843,Construction of two lane with paved shoulders bypass to Mungrabadshapur town starting from near Kodahu at Km 47/225 of NH-319D and ending near Nauwadandi at Km 219/720 of NH-31 under NHO in the state of Uttar Pradesh on EPC mode,198,165.28,21.14,0,21-03-2027,,13-02-2025
1088,Roads & Highways,Ministry of Road Transport & Highways,National Highways Authority of India [NHAI],618848,Construction of Underpass beneath airport runway on NH-31 old NH-56 for proposed expansion of runway of Babatpur Airport Varanasi,649,0,0.09,5,29-09-2027,,03-02-2025
1089,Roads & Highways,Ministry of Road Transport & Highways,NHIDCL,618390,"Construction, Operation & Maintenance of 2-L Bi-directional Silkyara Bend- Barkot Tunnel with escape passage including approaches Tunnel-4.531 & Approach road- 0.328 on Dharasu-Yamunotri section b/w Chainage 25.400km and 51.00km falling along NH-134 Old NH-94 on EPC mode",1384,0,658.7,69,08-07-2022,09-06-2026,09-03-2018
1090,Roads & Highways,Ministry of Road Transport & Highways,NHIDCL,619038,Construction/upgradation to 2-lane with paved shoulder from Design Km 95.55 Bandarkoot to Km. 111.06 Chattroo of 15.52 Km length on Khellani-Kishtwar-Chattroo section on NH-244 in UT of Jammu and Kashmir on EPC Mode Pkg-5,497,0,88.25,95,19-02-2023,06-06-2025,31-03-2021
1091,Roads & Highways,Ministry of Road Transport & Highways,National Highways Authority of India [NHAI],618849,Conversion of Partially Excavated Escape Tunnel to Uni-Directional 2L Tunnelincluding construction of cross passages and approach roads on either side of the tunnel from Km 12.732 to Km 14.568 of Kiratpur to Nerchowk Section of NH-21,444,412.88,394.57,100,15-03-2024,19-08-2025,08-05-2022
1092,Roads & Highways,Ministry of Road Transport & Highways,National Highways Authority of India [NHAI],618550,Corridor Efficiency Improvement including removal of black spots in Lakhanpur - Samba section of NH-44 from Chainage Km. 16.300 to Km. 74.100,856,215.68,176.54,70,11-06-2024,17-05-2025,16-06-2022
1093,Roads & Highways,Ministry of Road Transport & Highways,National Highways Authority of India [NHAI],619119,Cuttack-Angul Section of NH-42 New NH-55 from km 0.400 to km 60.200 Pkg-I in the State of Odisha,999,1178.31,16.03,99,16-07-2020,31-12-2024,25-10-2017
1094,Roads & Highways,Ministry of Road Transport & Highways,National Highways Authority of India [NHAI],618804,Dedicated Port road to Krishnapatnam Port Package-I from Km. 0.000 to Km. 18.000,349,341.36,59.91,75,19-12-2020,,27-03-2018
1095,Roads & Highways,Ministry of Road Transport & Highways,National Highways Authority of India [NHAI],618497,Delhi Amritsar Katra Expressway Phase-II Pkg XVIII Development and Upgradation of Four lane Access Control Expressway from Design Chainage KM 530.00 to KM 545.300 Sidhra to Domel Section of NH-44,975,975.38,434,54,19-11-2025,,20-12-2022
1096,Roads & Highways,Ministry of Road Transport & Highways,National Highways Authority of India [NHAI],618484,Delhi-Amritsar-Katra Expressway Phase-I Pkg-III from Junction with Jind-Panipat road NH-352A near Gangana village to Junction with Jind-Karnal road NH-709A near Alewa village Km 60800 to Km 91400,1606,1813.91,631.62,79,23-12-2023,21-05-2024,17-12-2020
1097,Roads & Highways,Ministry of Road Transport & Highways,National Highways Authority of India [NHAI],618485,Delhi-Amritsar-Katra Expressway Phase-I Pkg-IV from Junction with Jind-Karnal road NH-709A near Alewa village to Junction with Ambala-Kaithal-Hissar road NH-152 near Kharak Pandwa village Km 91400 to Km 120250,1307,1578.66,563.2,76,13-12-2023,28-03-2024,15-01-2021
1098,Roads & Highways,Ministry of Road Transport & Highways,National Highways Authority of India [NHAI],618489,Delhi-Amritsar-Katra Expressway Phase-I Pkg-IX from Junction with Ludhiana-Moga road NH-5 near Mullanpur Dakha to Junction with Jalandhar - Moga road NH-703 near Kang Sahibu village Km 260860 to km 303900,1851,2407.14,1329.18,70,16-07-2024,30-09-2025,23-12-2020
1099,Roads & Highways,Ministry of Road Transport & Highways,National Highways Authority of India [NHAI],618486,Delhi-Amritsar-Katra Expressway Phase-I Pkg-V from Junction with Ambala-Kaithal-Hissar road NH-152 near Kharak Pandwa village to Junction with Patiala-Samana-Patran road SH-10 near Ghagga village Km 120250 to Km 157920,1742,2281.02,872.6,98,22-05-2024,12-06-2025,28-01-2021
1100,Roads & Highways,Ministry of Road Transport & Highways,National Highways Authority of India [NHAI],618487,Delhi-Amritsar-Katra Expressway Phase-I Pkg-VII from Junction with Patiala-Bathinda road NH-7 near Bhawanigarh to Junction with Ludhiana-Malerhkotla SH-11 near Bhogiwal village Km 188830 to km 225770,1760,1774.32,1230.42,95,09-07-2024,,23-12-2020
1101,Roads & Highways,Ministry of Road Transport & Highways,National Highways Authority of India [NHAI],618488,Delhi-Amritsar-Katra Expressway Phase-I Pkg-VIII from Junction with Ludhiana-Malerkotla SH-11 near Bhogiwal village to Junction with Ludhiana-Moga road NH-5 near Mullanpur Dakha Km 225770 to km 260860,1896,2034.94,751.95,31,13-03-2025,,23-12-2020
1102,Roads & Highways,Ministry of Road Transport & Highways,National Highways Authority of India [NHAI],618490,Delhi-Amritsar-Katra Expressway Phase-I Pkg-X from Jn. with Jalandhar - Moga road NH-703 to Jn. with Jalandhar-Kapurthala road NH-703A and to Jn. with Kapurthala - Sultanpur Lodhi road NH-703A km 000 to km 24000 to Amritsar connectivity,2178,2062.74,1004.28,62,09-07-2024,30-09-2025,23-12-2020
1103,Roads & Highways,Ministry of Road Transport & Highways,National Highways Authority of India [NHAI],618491,Delhi-Amritsar-Katra Expressway Phase-I Pkg-XI from Junction with Jalandhar - Kapurthala road NH-703A near khojewal village to Junction with Amritsar-Mehta-SriHargobindpur-Tanda road NH-503A near SriHargobindpur Km 319400 to km 362420,2175,2206.71,941.19,43,14-11-2024,,04-03-2021
1104,Roads & Highways,Ministry of Road Transport & Highways,National Highways Authority of India [NHAI],618492,Delhi-Amritsar-Katra Expressway Phase-I Pkg-XII from Junction with Amritsar-Mehta-SriHargobindpur-Tanda road NH-503A near SriHargobindpur to Junction with Pathankot-Gurdaspur road NH-54 near Gurdaspur Km 362420 to km 397700,1734,1538.47,470.87,25,30-12-2025,,04-03-2021
1105,Roads & Highways,Ministry of Road Transport & Highways,National Highways Authority of India [NHAI],618493,Delhi-Amritsar-Katra Expressway Phase-I Spur-I from Jn. with Kapurthala - Sultanpur Lodhi Road NH-703A near Isharwal village to Jn. with Kapurthala - Tarn Taran road NH-703AA near Goinwal Sahib [Km 24000 to Km 41000 of Amritsar connectivity],2165,1519.6,344.21,28,16-04-2026,,13-12-2021
1106,Roads & Highways,Ministry of Road Transport & Highways,National Highways Authority of India [NHAI],619066,Delhi-Amritsar-Katra Expressway Phase-II Pkg-XIV from Junction with Pathankot-Gurdaspur road NH-54 near Balsua to Junction with Hiranagar Road near village Gurha Baildaran km 423500 to km 468100,3044,3707.91,1536.74,82,25-09-2024,14-03-2026,29-10-2021
1107,Roads & Highways,Ministry of Road Transport & Highways,National Highways Authority of India [NHAI],618494,Delhi-Amritsar-Katra Expressway Phase-II Pkg-XV [Junction with Hiranagar Road near village Gurha Baildaran to Junction with Jammu Ring Road NH-244A near Jakh village from Km 468100 to Km 503250],2715,3716.56,1607.97,88,25-09-2024,23-02-2026,07-10-2021
1108,Roads & Highways,Ministry of Road Transport & Highways,National Highways Authority of India [NHAI],618496,Delhi-Amritsar-Katra Expressway Phase-II Pkg-XVI Existing Jakh Vijaypur-Kunjwani section of NH-44 including spur Connectivity to Jammu Airport NH-144A [Km 503500 to km 514500],1822,2522.56,1154.46,92,26-09-2024,20-03-2026,03-09-2021
1109,Roads & Highways,Ministry of Road Transport & Highways,National Highways Authority of India [NHAI],618457,Delhi-Vadodara Greenfield Alignment NH-148N Pkg-10 Ch. 292.950 to Ch. 319.400 [End of Interchange on NH-166 near village Mui to Hardeoganj village near Indergarh],1273,1265.16,1080.16,94,21-05-2023,31-07-2024,25-11-2019
1110,Roads & Highways,Ministry of Road Transport & Highways,National Highways Authority of India [NHAI],618456,Delhi-Vadodara Greenfield Alignment NH-148N Pkg-14 Ch. 388.420 to Ch. 419.000 [Junction with NH- 76 to Junction with NH-12 near village Ummedpura],1119,1194.17,975.7,99,23-05-2023,05-03-2025,25-11-2019
1111,Roads & Highways,Ministry of Road Transport & Highways,National Highways Authority of India [NHAI],618458,Delhi-Vadodara Greenfield Alignment NH-148N Pkg-15 Ch. 419.000 to Ch.427.300 [Junction with NH-12 near village Ummedpura to Major bridge over Takli river near Nayagaon Jageer village],1855,1854.68,1322.23,90,04-01-2024,25-02-2026,03-07-2020
1112,Roads & Highways,Ministry of Road Transport & Highways,National Highways Authority of India [NHAI],618459,Delhi-Vadodara Greenfield Alignment NH-148N Pkg-26 Ch.696890 to Ch.726390,1555,1556.4,964.17,72,31-08-2024,,08-09-2020
1113,Roads & Highways,Ministry of Road Transport & Highways,National Highways Authority of India [NHAI],618460,Delhi-Vadodara Greenfield Alignment NH-148N Pkg-28 Ch.756052 to Ch.781282,1263,1266.98,864.08,96,15-11-2023,31-05-2025,08-09-2020
1114,Roads & Highways,Ministry of Road Transport & Highways,National Highways Authority of India [NHAI],618461,Delhi-Vadodara Greenfield Alignment NH-148N Pkg-30 Ch 803420 to Ch.824920 [Baletiya Village - Junction near Pratap Nagar Village],1801,1800.73,1090.06,99,07-09-2023,19-06-2024,25-11-2019
1115,Roads & Highways,Ministry of Road Transport & Highways,National Highways Authority of India [NHAI],618462,Delhi-Vadodara Greenfield Alignment NH-148N Pkg-31 Ch.824920 to Ch.844382 [Junction near Pratap nagar Village - Junction near Dodka Village],1645,1651.14,929.98,95,18-05-2023,,25-11-2019
1116,Roads & Highways,Ministry of Road Transport & Highways,National Highways Authority of India [NHAI],618612,Deogarh near Dhandhaniya-Rajasthan/Gujarat Border Phase-I AJ/DRGB-Package-6,847,740.62,666.78,100,11-08-2023,15-12-2024,01-10-2019
1117,Roads & Highways,Ministry of Road Transport & Highways,National Highways Authority of India [NHAI],618613,Deogarh near Dhandhaniya-Rajasthan/Gujarat Border Phase-I AJ/DRGB-Package-7,662,597.77,503.1,98,15-07-2023,31-12-2024,01-10-2019
1118,Roads & Highways,Ministry of Road Transport & Highways,National Highways Authority of India [NHAI],618803,Development of 4L Road from Samarlakota to Achampeta Junction as part of Kakinada Port Connectivity to NH-16 Rajanagaram Junction in East Godavari District,646,750.2,557.23,84,15-08-2025,,05-09-2022
1119,Roads & Highways,Ministry of Road Transport & Highways,National Highways Authority of India [NHAI],618552,Development of 6L Greenfield Jalandhar Bypass starting from Kahlwan NH-03 ending at Kang Sahbu NH-703 via Sarmastpur NH-44 - Madara NH-03 - Khajurla NH-44,1755,2167.39,797.22,42,14-01-2025,30-03-2026,31-03-2021
1120,Roads & Highways,Ministry of Road Transport & Highways,National Highways Authority of India [NHAI],618675,Development of 6L of Basanwahi Marangpuri Section from km 99.500 to km 124.661 of NH-130-CD,1307,1303.63,381.96,56,15-10-2025,17-07-2026,21-03-2022
1121,Roads & Highways,Ministry of Road Transport & Highways,National Highways Authority of India [NHAI],618673,Development of 6L of Jhanki Sargi Section Road from km 0.000 to km 42.800 of NH-130CD Pkg-CG-1,1368,1129.14,617.73,98,28-09-2024,,22-11-2021
1122,Roads & Highways,Ministry of Road Transport & Highways,National Highways Authority of India [NHAI],618674,Development of 6L Sargi Basanwahi Section from km 42.800 to km 99.500 of NH-130CD Pkg-CG-2,1471,1461.81,694.37,94,08-01-2025,09-09-2025,20-12-2021
1123,Roads & Highways,Ministry of Road Transport & Highways,National Highways Authority of India [NHAI],618509,Development of 6L UER II [Package - I] NH-1 Near Bakoli till Karala Kanjhawala Road from km. 0.70 to km.15.00,2090,2203.45,1796.13,99,27-10-2023,02-02-2025,03-07-2020
1124,Roads & Highways,Ministry of Road Transport & Highways,NHIDCL,618455,Development of External Trunk Connectivity and Internal Infrastructure Works at Multi Model Logistics ParkMMLP at Jogighopa in the State of Assam on EPC Mode Package-I Road and Utility Works,694,0,0,0,01-04-2022,31-10-2024,03-02-2020
1125,Roads & Highways,Ministry of Road Transport & Highways,MoRTH,618227,Development to 4/6-Lanning of NH-31 New NH-10 with both side service roads from 569.258 km to 581.030 km End of AH-02 on NH- 31 near Shivmandir to Sevoke Army Cantonment in districts of Darjeeling and Jalpaiguri in the state of West Bengal on EPC mode-reg.,995,1059.2,435.36,64,19-09-2025,,16-03-2022
1126,Roads & Highways,Ministry of Road Transport & Highways,National Highways Authority of India [NHAI],619100,Dhangaon - Borgaon section km 81.000 to km 139.000 [Indore - Edlabad Pkg IV],866,1185.04,525.2,99,03-08-2023,13-02-2025,03-01-2020
1127,Roads & Highways,Ministry of Road Transport & Highways,NHIDCL,618325,Dillai to Lahorijan Package-7,204,0,0,0,20-07-2024,04-12-2025,23-11-2021
1128,Roads & Highways,Ministry of Road Transport & Highways,National Highways Authority of India [NHAI],618710,DL/UP Border - EPE Crossing Pkg-02,2003,1889.78,1732.22,100,07-11-2023,15-08-2024,08-09-2020
1129,Roads & Highways,Ministry of Road Transport & Highways,MoRTH,618062,Dornala to Kunta Junction from Design Chainage Km 244000 to 267990 section of NH-765 Package-2,245,0,0,84,13-09-2025,,22-12-2022
1130,Roads & Highways,Ministry of Road Transport & Highways,National Highways Authority of India [NHAI],618589,Durg-Raipur Bypass Section Package - 1 from km. 0.00 to km. 44.50 near Tendesara to near Khatti Village,1828,1656.73,537,60,20-07-2025,,29-06-2022
1131,Roads & Highways,Ministry of Road Transport & Highways,National Highways Authority of India [NHAI],618590,Durg-Raipur-Arang Package - 2 from km. 44.50 to km. 92.23 near Khatti Village to near Aurang,1959,1561.97,406.66,40,28-05-2025,,29-06-2022
1132,Roads & Highways,Ministry of Road Transport & Highways,MoRTH,618192,Duttalur at NH-565 Junction to Kavali Joining on NH-16 Chainage Km. 36/400 to Km. 107/224 excluding the stretch from Km 101.880 to 105.300 67.404 Km of NH-167BG from in the State of Andhra Pradesh on EPC mode,424,0,0,81,03-07-2024,,31-03-2021
1133,Roads & Highways,Ministry of Road Transport & Highways,NHIDCL,618454,"Earthwork in Formation, Road Work, Construction of Bridges, Blanketing, P. Way Linking works including Supply of P. Way Fittings and Track Ballast in connection with Construction of Railway Siding from Jogighopa Railway Station to MMLP at Jogighopa from Ch. 00 to 3760 on Item Rate basis Package -3, Railway Siding from Jogighopa Railway Station to MMLP",694,0,0,0,01-06-2022,20-09-2024,03-02-2020
1134,Roads & Highways,Ministry of Road Transport & Highways,MoRTH,618146,Estimate for Improvement to two lane with paved shoulder from Ramnagar to Roseda from km 3.500 to 43.000 of NH 527 E on EPC mode in State of Bihar,495,0,0,0,11-04-2026,,11-01-2022
1135,Roads & Highways,Ministry of Road Transport & Highways,National Highways Authority of India [NHAI],618555,"Flyover at Km.544.650 including ROB, Service Roads ,Footpath for RCC drains on urban link to Nagpur -Raipur road Pardi octroi Naka to Itwari",1098,758.4,26.22,97,30-03-2019,30-03-2019,22-12-2015
1136,Roads & Highways,Ministry of Road Transport & Highways,National Highways Authority of India [NHAI],618866,"Four Lane Highway from Chandan Nagar Existing Km. 59.025 of NH 530B/Design Km. 179.5000 to Bareilly BypassStartExisting Km. 59.025 of NH 530B/Design Km. 218.000 Section of NH 530B, in the State of Uttar Pradesh on HAM Mode under NH0",2077,1112.44,67.78,3,18-11-2027,,09-12-2024
1137,Roads & Highways,Ministry of Road Transport & Highways,National Highways Authority of India [NHAI],619118,Four Laning of Angul to Sambalpur from Km.112.000 to Km.265.000,2510,2632.91,31.2,99,31-08-2019,31-10-2024,
1138,Roads & Highways,Ministry of Road Transport & Highways,National Highways Authority of India [NHAI],619131,Four Laning of Chettikulam to Natham section of NH-785,838,823.93,0.57,99,03-11-2020,,13-03-2018
1139,Roads & Highways,Ministry of Road Transport & Highways,National Highways Authority of India [NHAI],619145,Four Laning of Una to Kodinar from km. 180.478 to km. 221.610 Package-V,878,1126.66,114.11,100,08-08-2019,,
1140,Roads & Highways,Ministry of Road Transport & Highways,MoRTH,617961,Gaya-Hisua-Rajgir-Nalanda-Biharsharif section km0.00 to 92.935 NH-82,1409,2138.16,0,97,06-11-2019,03-07-2022,21-01-2014
1141,Roads & Highways,Ministry of Road Transport & Highways,National Highways Authority of India [NHAI],619096,Goa / Karnataka Km.93.700 to Kundapur Km.283.30,1645,1990.99,25.26,97,28-08-2016,31-03-2020,
1142,Roads & Highways,Ministry of Road Transport & Highways,National Highways Authority of India [NHAI],618580,Gohana - Sonipat PKG-2,1275,1957.44,457.95,97,24-07-2022,,25-01-2019
1143,Roads & Highways,Ministry of Road Transport & Highways,MoRTH,618052,Gorantla - Hindupur section from Km 120/300 to 165/000 of NH716G in the State of Andhra Pradesh,809,0,0,5,17-08-2027,,15-10-2024
1144,Roads & Highways,Ministry of Road Transport & Highways,National Highways Authority of India [NHAI],618737,Grade separated Interchanges at Km. 113.730 junction with Ranchi Hazaribagh Road & Km. 139.225 junction with Ranchi Jamshedpur road on 4L Ranchi Bypass of NH-33,304,5.58,0.73,0,25-12-2027,,29-01-2025
1145,Roads & Highways,Ministry of Road Transport & Highways,National Highways Authority of India [NHAI],618551,Greenfield connectivity from Govindsar village on Delhi Amritsar Katra Expressway to Talwara village on NH-44 Pathankot by-pass,667,690.47,35.34,18,15-07-2027,,08-11-2024
1146,Roads & Highways,Ministry of Road Transport & Highways,MoRTH,617984,"Gudivada Town 2 RoB, and Road improvement NH-165",317,0,0,67,21-05-2025,,16-03-2022
1147,Roads & Highways,Ministry of Road Transport & Highways,MoRTH,618097,Guhagar - Rampur - 2L-PS - km 0/00 Guhagar to 26/230 Rampur and 40/00 Mirjoli to 53/600 Sati on NH-166E,407,0,0,91,13-06-2019,25-09-2022,24-01-2017
1148,Roads & Highways,Ministry of Road Transport & Highways,National Highways Authority of India [NHAI],618934,Guwahati Ring Road in the State of Assam,5729,0,1.16,0,22-01-2030,,02-08-2024
1149,Roads & Highways,Ministry of Road Transport & Highways,National Highways Authority of India [NHAI],618951,Hariharganj to Parwa Mode section from km 23.284 to km 57.049 of NH-98,1126,1186.56,474.41,91,29-02-2024,,29-09-2020
1150,Roads & Highways,Ministry of Road Transport & Highways,National Highways Authority of India [NHAI],619117,Hassan km 184.912 to Maranahally km 230.060 of NH - 75 in Karnataka,1022,1091.4,62.84,97,07-03-2019,30-06-2025,
1151,Roads & Highways,Ministry of Road Transport & Highways,National Highways Authority of India [NHAI],619144,Hospet - Chitradurga from km. 299.00 to km. 418.750,1520,387.48,2.45,100,15-08-2018,,
1152,Roads & Highways,Ministry of Road Transport & Highways,National Highways Authority of India [NHAI],618581,Hosur to Dhamrapuri Pkg-1 [Neraluru - Thorapalli Agraharam],1757,1828.66,926.99,78,24-10-2024,31-08-2025,07-10-2021
1153,Roads & Highways,Ministry of Road Transport & Highways,National Highways Authority of India [NHAI],618663,i 4L Vidisha to Hinotiya from km 0.000 to Km 27.000 Vidisha Mehulwa-Talbehat Pkg-I Section of NH- 346 and ii 4L Vidisha to Morikori from Km 39.000 to 59.476 section of NH-146,1004,941.12,342.14,73,20-12-2025,30-05-2026,19-09-2022
1154,Roads & Highways,Ministry of Road Transport & Highways,National Highways Authority of India [NHAI],618928,"Improvement & Up-gradation of NH-734 Section of Moradabad-Thakurdwara Kashipur including Moradabad & Kashipur Bypasse Package-III Kashipur Bypass Length 14.490 Km., Starts from Ch. 38770 and ends at Ch. 53260 existing Ch. 05560",936,717.5,282.84,35,14-09-2025,13-06-2026,02-02-2023
1155,Roads & Highways,Ministry of Road Transport & Highways,NHIDCL,618350,Improvement & widening of existing NH-08 to 4-lane with Paved Shoulder from Champak Nagar to Khayerpur section design Km 242500 to Km 261610 in the state of Tripura on EPC basis under NHO-NE,921,0,0,41,28-09-2026,,21-12-2023
1156,Roads & Highways,Ministry of Road Transport & Highways,MoRTH,618251,"Improvement and Up gradation to four lane with Paved shoulder configuration from Existing Km 0000 to Km 39500 design km 0500 to Km 40342, Design length km of NH 227A near Mehrauna GhatUP Bihar Border to Siwan on the state of Bihar on Hybrid Annuity Model HAM basis",1661,0,0,1,05-03-2028,26-11-2025,09-03-2023
1157,Roads & Highways,Ministry of Road Transport & Highways,National Highways Authority of India [NHAI],618855,"Improvement and Up-Gradation of Existing Road to 2/4L PS from Km 40.000 to 88.750, start of Khutar bypass to start of Shahjahanpur bypass of NH 731Pkg-I",839,838.68,560.31,99,02-02-2025,09-09-2025,30-03-2022
1158,Roads & Highways,Ministry of Road Transport & Highways,National Highways Authority of India [NHAI],618856,"Improvement and Up-Gradation of Existing Road to 4L PS from Km 123.650 to 175.080, from Start of Shahabad Bypass to End of Hardoi bypass of NH 731 Pkg-2B",1102,1212.26,312.82,54,19-11-2025,26-04-2026,18-09-2022
1159,Roads & Highways,Ministry of Road Transport & Highways,National Highways Authority of India [NHAI],618859,"Improvement and Up-Gradation of Existing Road to 4L PS from Km 229.070 to 260.800, End of Hardoi District to Lucknow Ring road of NH 731 Pkg-4",576,553.61,371.31,99,23-10-2024,31-05-2025,17-09-2021
1160,Roads & Highways,Ministry of Road Transport & Highways,MoRTH,618112,"Improvement and up-gradation of NH-227B 84 Kosi Parikrama Marg Package I, from km 228.920 Jagarnathpur to Km 235.960/0.000 MakhaudaDham to Km 29.000 Sarpur in the State of Uttar Pradesh on EPC basis",912,0,0,2,27-11-2026,,31-03-2022
1161,Roads & Highways,Ministry of Road Transport & Highways,MoRTH,618113,"Improvement and up-gradation of NH-227B 84 Kosi Parikrama Marg Package III, from Km.47.800 Gosaiganj to Km.73.300 Bikapur in the State of Uttar Pradesh on EPC basis.",588,0,12.78,15,18-11-2026,,31-03-2022
1162,Roads & Highways,Ministry of Road Transport & Highways,MoRTH,618162,"Improvement and up-gradation to 2LPS of NH-227B 84-Kosi Parikrama Marg PackageVI, Design Km 160200 Bahuvan Madar Majha to Km 224040 Jagarnathpur under HAM",2009,0,0,0,15-01-2028,,23-05-2023
1163,Roads & Highways,Ministry of Road Transport & Highways,MoRTH,618056,Improvement and Up-gradation to two Lane with Paved Shoulder Configuration from existing km. 420.00 Shohrathgarh to km. 454.00 Uska Bazar of NH-730 in the state of Uttar Pradesh EPC basis,510,484.42,84.14,49,14-09-2025,02-04-2026,08-01-2022
1164,Roads & Highways,Ministry of Road Transport & Highways,MoRTH,618252,"Improvement and Up-gradation to two Lane with Paved Shoulder/Four Lane configuration from existing Km 130.000 to Km 191.000 design km 131.500 to Km 188.735, Design length 57.235 Km of NH-227A near Barhalganj to Mehrauna Ghat in the state of Uttar Pradesh on Hybrid Annuity Model HAM basis",974,1344.61,0.46,37,04-05-2027,,08-01-2022
1165,Roads & Highways,Ministry of Road Transport & Highways,MoRTH,618110,Improvement and upgradation to two lane with Paved Shoulder configuration from existing km 55.00 to km 90.00 Design length 34.76 of NH-227A near Chhapia Village to near Sikriganj in the State of UP on EPC Mode.,307,0,125.88,0,02-05-2024,05-07-2025,08-11-2021
1166,Roads & Highways,Ministry of Road Transport & Highways,MoRTH,618111,Improvement and upgradation to two lane with paved shoulder configuration from existing km 90.00 to 130.00 Design length 39.15 of NH-227A near Sikriganj to Barhalganj in the State of UP on EPC Mode.,403,345.34,0,87,10-06-2025,,08-08-2021
1167,Roads & Highways,Ministry of Road Transport & Highways,NHIDCL,618294,Improvement and Widening of National Highway No. 127B Darugiri - Songsak - Williamnagar Junction Section to two lane with paved shoulder from design Km 0000 to Km 36635 Design length 36.635 Km existing Km 112000 to Km 151060 of NH-1278 under Bharatmala Pariyojana Lot-1 Pkg-1B Meghalaya portion,801,0,20.95,10,26-09-2027,,31-03-2023
1168,Roads & Highways,Ministry of Road Transport & Highways,NHIDCL,618368,Improvement and Widening to 2-lane with paved shoulder of road from design Km 36.000 Rangamati to design Km 72.000 Pati Chhari Total length 36.000 Km on Teliamura to Harina section of NH 208 in the state of Tripura on EPC mode under JICA ODA Loan Phase VI Package-3,671,0,0,6,02-09-2026,,09-01-2024
1169,Roads & Highways,Ministry of Road Transport & Highways,NHIDCL,618367,Improvement and Widening to 2-lane with paved shoulder of road from design Km 72.000 Pati Chhari to design Km 107.654 Harina Total length 35.654 Km on Teliamura to Harina section of NH 208 in the state of Tripura on EPC mode under JICA ODA Loan Phase VI Package-4,727,0,169.64,6,20-12-2026,,09-01-2024
1170,Roads & Highways,Ministry of Road Transport & Highways,NHIDCL,618369,Improvement and Widening to 2-lane with paved shoulder of road from existing Km 438.170 Khowai Chowmuhani to existing Km 439.410 South Pulinpur of NH-08 and from design Km 0.000 South Pulinpur to design Km 36.00 near Rangamati of NH 208 on Khowai Teliamura- Harina section Total length 37.24 in the state of Tripura on EPC mode under JICA ODA Loan Phase VI Package-2,657,0,0,47,02-09-2026,,09-01-2024
1171,Roads & Highways,Ministry of Road Transport & Highways,NHIDCL,618370,Improvement and Widening to 2-lane with paved shoulder of road from Km 101.300 to km 127.319 Total Length 26.019 Km i.e. the Khowai Teliamura-Amarpur-Harina-Sabroom section of NH 208 in the state of Tripura on EPC under JICA ODA Loan Phase VI Package-1,432,0,0,0,17-07-2026,,09-01-2024
1172,Roads & Highways,Ministry of Road Transport & Highways,MoRTH,618076,Improvement and Widening two lannig with paved Shoulder of NH 127B from km 31.500 Goeragre to km 63.224 Package-II in state of Meghalaya,504,350.67,0,0,15-05-2027,,08-12-2023
1173,Roads & Highways,Ministry of Road Transport & Highways,NHIDCL,618416,"Improvement of existing road to 2 laning with Hard Shoulders of Maram -Peren section Package-1A, length- 22.340Km from Design Chainage 0.000 km to 22.340 km on NH-129A in the State of Manipur on EPC mode",226,0,177.31,74,22-12-2022,07-06-2025,11-02-2021
1174,Roads & Highways,Ministry of Road Transport & Highways,NHIDCL,618415,"Improvement of existing road to 2 laning with Hard Shoulders of Maram-Peren section Package-1B, length- 17.660 km from Design Chainage 22.340 km to 40.000 km on NH-129A in the State of Manipur on EPC mode",188,0,0,99,22-12-2022,10-08-2023,11-02-2021
1175,Roads & Highways,Ministry of Road Transport & Highways,National Highways Authority of India [NHAI],618558,Improvement of Geometrics of Kalkallu to Gundla Pochanpalli from Km 454.00 to Km 471.00 of NH-44,955,903.17,427.03,35,22-01-2025,30-07-2026,04-03-2022
1176,Roads & Highways,Ministry of Road Transport & Highways,National Highways Authority of India [NHAI],618560,Improvement of Geometrics of Thondupally to Kothur from Km 22.300 to Km 34.14 of NH-44,542,527.43,45.13,10,16-09-2024,,04-03-2022
1177,Roads & Highways,Ministry of Road Transport & Highways,MoRTH,618073,Improvement to Two lane with Paved Shoulder from Junction of NH22 near Hajipur to Junction of NH -122 at Bachhwara via Mahnar and Mohiuddin Nagar from Km 0.00 to Km 29.730 of NH 122 B in the State of Bihar.,226,0,0,0,28-02-2026,,27-02-2024
1178,Roads & Highways,Ministry of Road Transport & Highways,MoRTH,618080,Improvement to two lane with paved shoulders of BH WB Border Amdabad Manihari section from design Km 0.000 to Km 23.945 of NH 131 A Total length 23.945 Km under EPC mode in the state of Bihar,353,0,0,2,26-03-2026,,24-01-2022
1179,Roads & Highways,Ministry of Road Transport & Highways,MoRTH,618121,Improvement to two lane with paved shoulders of NH-319A from km 0 to km 45 in state of Bihar under EPC mode,427,0,176.32,92,19-12-2024,,09-02-2022
1180,Roads & Highways,Ministry of Road Transport & Highways,MoRTH,618216,"Improvement/construction of existing CL-5 Road to NH Intermediate lane specification with hard shoulder from Km 133.000 to 166.000 net Length 33.000 kms of NH-505 Sumdo-Kaza-Gramphoo road in the state of Himachal Pradesh on EPC mode under project Deepak, BRO",231,203.15,15.16,23,30-06-2026,,08-03-2021
1181,Roads & Highways,Ministry of Road Transport & Highways,MoRTH,618217,Improvement/construction of existing Class-5 Road to NH Intermediate lane specification with hard shoulder from existing Km 76/340 to 134/940 Design chainage from Km 76/300 to 133/000 net Length 56.700 kms of NH-505 Sumdo-Kaza-Gramphoo road in the state of Himachal Pradesh Package I,315,244.15,76.97,57,11-05-2026,,03-03-2021
1182,Roads & Highways,Ministry of Road Transport & Highways,NHIDCL,618300,Improvement/Up-gradation of existing 2-Lane Road to 4-Lane Divided Highway from Taphukuki to Daili section of Imphal-Kohima road NH-02 Design Chainage from Km 262175 to Km 274610 in the state of Manipur on EPC mode Pkg-4A,379,0,272.79,83,18-04-2022,12-07-2025,01-09-2020
1183,Roads & Highways,Ministry of Road Transport & Highways,NHIDCL,618295,Improvement/Widening of New NH-217 Dainadubi-Darugiri section to Two lane with paved shoulder in Meghalaya from design Km 0000 to Km 40840 existing Km 8600 to Km 53000 of Old NH-62 under BMP Lot-1 Pkg-1B Meghalaya portion,706,0,0,13,20-03-2027,,22-03-2023
1184,Roads & Highways,Ministry of Road Transport & Highways,NHIDCL,618374,Improvement/Widening to 2-L with Paved Shoulder/ 4-Laning of NH-40 section from Km 151330 to Km 163400 design Km 63.530 to Km 71.520 including Dawki Bridge of length 368 m between Shillong-Dawki under JICA ODA Loan assistance Phase-II Pkg-5 -Balance work,284,0,0,36,13-11-2026,02-11-2027,13-07-2020
1185,Roads & Highways,Ministry of Road Transport & Highways,NHIDCL,618377,Improvement/Widening to 2-L with Paved Shoulder/4-L from Km 81740 to Km 93490 design Km 0000 to Km 10670 of NH-40 New NH-106 & 206 section & 4-L from design Km 0.00 to Km 0.930 of NH-44 section between Shillong-Dawki under JICA ODA Loan assistance Phase-II -Balance Work Pkg-1,351,0,0,78,22-10-2025,,13-07-2020
1186,Roads & Highways,Ministry of Road Transport & Highways,NHIDCL,618376,Improvement/Widening to 2-Lane with Paved Shoulder between Shillong-Dawki road up to Bangladesh Border from design Km 10.670 to Km 37.550 under JICA ODA Loan assistance Phase-II -Balance Work-Pkg-2,526,0,0,46,07-08-2026,08-07-2026,13-07-2020
1187,Roads & Highways,Ministry of Road Transport & Highways,NHIDCL,618375,Improvement/Widening to 2-Lane with Paved Shoulder from design Km 45.760 to Km 63.530 between Shillong-Dawki under JICA ODA Loan assistance Phase-II -Balance work Pkg-4,446,0,34.61,45,19-04-2026,04-07-2026,13-07-2020
1188,Roads & Highways,Ministry of Road Transport & Highways,National Highways Authority of India [NHAI],618621,Indore - Edlabad Pkg-II [Tejajinagar to Balwara],1163,1530.82,485.15,83,15-01-2025,,11-03-2022
1189,Roads & Highways,Ministry of Road Transport & Highways,National Highways Authority of India [NHAI],618694,Indore - Harda Pkg-I [Indore to Raghav Garh from km. 0.25 to km. 26.903],1011,813.03,340.82,79,31-10-2024,31-07-2025,31-01-2022
1190,Roads & Highways,Ministry of Road Transport & Highways,National Highways Authority of India [NHAI],619114,Indore - Harda Pkg-II [Raghavgarh to Nanasa from km. 29.30 to km. 92.30],1082,1146.63,300.11,39,14-03-2026,,04-01-2023
1191,Roads & Highways,Ministry of Road Transport & Highways,National Highways Authority of India [NHAI],618695,Indore - Harda Pkg-III [Nanasa to Pidgaon Section from km 95.000 to km 142.445],1146,1240.64,566.31,93,06-10-2023,30-04-2026,01-01-2020
1192,Roads & Highways,Ministry of Road Transport & Highways,National Highways Authority of India [NHAI],618936,Jagadhari - Tajewala from Km -0.175 to 32.337 km of NH-344,1270,919.43,632.77,55,06-02-2025,03-03-2026,31-03-2022
1193,Roads & Highways,Ministry of Road Transport & Highways,NHIDCL,618407,Jammu-Akhnoor Road Pkg-I,245,0,68.85,68,09-01-2025,,14-03-2018
1194,Roads & Highways,Ministry of Road Transport & Highways,MoRTH,618007,Jaynagar-Narahia Section km 156.500 to km 219.945 Lot-III,553,706.39,0,99,11-11-2018,31-03-2021,01-02-2016
1195,Roads & Highways,Ministry of Road Transport & Highways,National Highways Authority of India [NHAI],619146,Kagvadar - Una Package-IV,751,955.78,41.54,97,16-09-2019,,
1196,Roads & Highways,Ministry of Road Transport & Highways,National Highways Authority of India [NHAI],618895,Kamalapuram to Oddanchatram from km. 0.00 to km. 35.822,1319,1319.42,332.7,90,20-01-2023,31-03-2026,22-01-2019
1197,Roads & Highways,Ministry of Road Transport & Highways,MoRTH,617948,Kante - Wakad section of NH-66 4L PS from Km.281/300 to 332/200,1118,2020.56,171.12,90,12-11-2019,31-03-2023,17-03-2016
1198,Roads & Highways,Ministry of Road Transport & Highways,National Highways Authority of India [NHAI],618521,Karaipettai to Walajapet from Km 71.015 to 107.091,767,766.51,427.31,93,09-02-2021,30-04-2025,08-08-2018
1199,Roads & Highways,Ministry of Road Transport & Highways,NHIDCL,618408,Kargil Zanskar Road,398,0,266,90,02-01-2023,08-03-2025,31-03-2021
1200,Roads & Highways,Ministry of Road Transport & Highways,MoRTH,617944,Kashedi ghat tunnel NH-66 [Bhogaon Khurd - Kashedi section] 4 lanes under NHDP on EPC mode,680,701.46,0,98,14-04-2021,14-04-2021,25-09-2018
1201,Roads & Highways,Ministry of Road Transport & Highways,MoRTH,617946,Kashedi to Parshuram Ghat section of NH-66 from Km 161/600 - Km 205/400 - 4L PS,1143,0,0,97,02-02-2020,30-12-2020,07-03-2016
1202,Roads & Highways,Ministry of Road Transport & Highways,National Highways Authority of India [NHAI],618746,Khammam-Devarapalle Pkg I [4L Access Controlled Greenfield from Thallampadu village to Somavaram village Design Chainage 0000 to 33604],797,1337.18,570.64,92,30-10-2024,31-01-2026,22-01-2021
1203,Roads & Highways,Ministry of Road Transport & Highways,National Highways Authority of India [NHAI],619128,Khammam-Devarapalle Pkg II [4L Access Controlled Greenfield from Somavaram village to Chintagudem village Design Chainage 33604 to 63117],616,981.64,363.66,98,12-09-2024,15-11-2025,22-01-2021
1204,Roads & Highways,Ministry of Road Transport & Highways,National Highways Authority of India [NHAI],618747,Khammam-Devarapalle Pkg III [4L Access Controlled Greenfield from Chintagudem village to Recherla village Design Chainage 63117 to 105236],830,1227.07,459.37,98,26-09-2024,24-09-2025,22-01-2021
1205,Roads & Highways,Ministry of Road Transport & Highways,National Highways Authority of India [NHAI],618748,Khammam-Devarapalle Pkg IV [4L Access Controlled Greenfield from Recherla village to Gurvaygudem village Design Chainage 105236 to 132664],569,752.02,322.23,100,25-09-2024,31-05-2025,23-11-2020
1206,Roads & Highways,Ministry of Road Transport & Highways,National Highways Authority of India [NHAI],618749,Khammam-Devarapalle Pkg V [4L Access Controlled Greenfield from Gurvaygudem village to Devarapalle village Design Chainage 132664 to 162126,712,926.48,376.2,95,25-09-2024,30-06-2025,07-12-2020
1207,Roads & Highways,Ministry of Road Transport & Highways,National Highways Authority of India [NHAI],618833,Kodinar - Veraval Package VI from km. 221.610 to km. 263.00 of NH-8E & km. 120.900 to km. 121.150 of NH-8D,894,1127.42,445.94,98,30-07-2020,31-10-2024,
1208,Roads & Highways,Ministry of Road Transport & Highways,MoRTH,617965,Kopargaon to Savali Vihir section,195,0,0,77,13-07-2024,04-09-2025,22-06-2022
1209,Roads & Highways,Ministry of Road Transport & Highways,National Highways Authority of India [NHAI],618607,Kottankulangara- Start of Kollam Bypass,2842,3680.49,773.77,73,07-10-2024,,08-06-2021
1210,Roads & Highways,Ministry of Road Transport & Highways,National Highways Authority of India [NHAI],619098,Kozhikode Bypass Calicut Bypass Vengalam Jn. to Ramanattukara Jn.,1425,2139.18,466.32,98,21-02-2023,25-12-2024,15-02-2018
1211,Roads & Highways,Ministry of Road Transport & Highways,MoRTH,617986,Kurnool/Kadapa Border-Jammalamadugu section of NH-167K i.e. Design Ch. Km 248010 to km 269900 to 2,293,0,0,40,17-12-2026,,14-03-2023
1212,Roads & Highways,Ministry of Road Transport & Highways,MoRTH,618116,lmprovement and Up-gradation from Km. 73.300 Bikapur to Km.140.960 Patranga of NH-227B 84 Kosi Parikrama Marg to 2LPS along with Parikrama Path,1680,0,0,0,27-01-2028,,09-11-2022
1213,Roads & Highways,Ministry of Road Transport & Highways,NHIDCL,618331,lmprovement to 4-Lane with Paved Shoulder from existing km 260000 Design Ch.4560 km to existing km Ch.233000 D. Ch.24560 of Silchar near Nutan Dayapur village - Budha Nagar Section Length-20.00 Km of NH-37 under Package Silchar-Jiribam Pkg-1 in the state of Assam on HAM Mode,958,0,126.21,36,15-01-2028,,24-01-2024
1214,Roads & Highways,Ministry of Road Transport & Highways,National Highways Authority of India [NHAI],619129,Mahabalipuram - Pondicherry Pkg-I [Mamallapuram to Mugaiyur],1361,1477.94,552.15,58,10-05-2024,31-08-2025,14-02-2019
1215,Roads & Highways,Ministry of Road Transport & Highways,National Highways Authority of India [NHAI],619130,Mahabalipuram - Pondicherry Pkg-II [Mugaiyur to Marakkanam],1116,1463.75,518.62,53,05-12-2025,,14-02-2019
1216,Roads & Highways,Ministry of Road Transport & Highways,National Highways Authority of India [NHAI],618903,Maheshkunt -Saharsa-Purnea Pkg II,1028,1244.09,814.45,89,11-12-2020,30-11-2025,
1217,Roads & Highways,Ministry of Road Transport & Highways,National Highways Authority of India [NHAI],618902,Maheshkunt-Saharsa-Purnea Pkg I km 0.00 to km. 90.00 of NH-107,662,1311.22,902.44,85,19-12-2021,31-08-2025,27-02-2017
1218,Roads & Highways,Ministry of Road Transport & Highways,National Highways Authority of India [NHAI],618797,Mayjilar Jaisalmer with Jaisalmer Bypass Link Road Section of NH-11 Part of BM-7 & Sundra Myajilar Ambsingh ki Dhani Road part of Munabao Tanot project NH-70,1238,927.02,0.53,3,18-12-2027,,26-03-2025
1219,Roads & Highways,Ministry of Road Transport & Highways,NHIDCL,618411,Melaghar-Srimantapur section on NH-08 Spur from Km 23 to Km 34.500 11.5 Km and overlay from Km 20.30 to Km 22.00 1.7 Km Total Length 13.2 Km,196,0,68.88,61,27-11-2024,12-11-2025,05-01-2023
1220,Roads & Highways,Ministry of Road Transport & Highways,National Highways Authority of India [NHAI],618756,Melur - Pilayarpatti - Karaikudi from km 99.920 of NH 38 to km 12.9 of NH 383 Ext.,1104,1085.41,157.65,90,15-03-2022,31-05-2025,20-12-2018
1221,Roads & Highways,Ministry of Road Transport & Highways,MoRTH,618152,Mhaswad to Tembhurni section of NH-548C - 2L PS,489,0,0,96,31-07-2019,31-07-2019,25-01-2017
1222,Roads & Highways,Ministry of Road Transport & Highways,National Highways Authority of India [NHAI],618764,Moga - Bagha Purana - Bajakhana from km. 0.00 to km. 43.32,1033,1264.17,625.94,75,30-12-2024,26-08-2025,11-05-2020
1223,Roads & Highways,Ministry of Road Transport & Highways,MoRTH,618053,Muddanur to B. Kothapalli section of NH-716G from Km. 0/000 to Km. 56/500 56.500 Km in the State of Andhra Pradesh on EPC mode Job no. 741,1020,0,0,0,10-08-2027,,15-10-2024
1224,Roads & Highways,Ministry of Road Transport & Highways,MoRTH,617987,Nandyala-Kurnool/Kadapa Border section of NH-167K i.e. Km 186/000 to Km 250/000Design Ch.186000 to 248010 to 2LPS,692,0,0,14,04-09-2027,,15-10-2024
1225,Roads & Highways,Ministry of Road Transport & Highways,MoRTH,617934,Nasratpur to Barasgaon section of NH-61 2L / 4L PS from Km.514/00 to 558/200,407,0,0,95,07-09-2019,31-12-2020,05-07-2017
1226,Roads & Highways,Ministry of Road Transport & Highways,National Highways Authority of India [NHAI],618850,Nerchowk km 190.000 to Pandoh including Pandoh bypass km221.305,1464,1651.67,841.02,100,11-07-2020,30-07-2025,31-03-2016
1227,Roads & Highways,Ministry of Road Transport & Highways,National Highways Authority of India [NHAI],619120,Nidagatta-Mysore Pkg II,2920,4113.89,711.44,99,07-06-2022,01-09-2023,27-02-2018
1228,Roads & Highways,Ministry of Road Transport & Highways,National Highways Authority of India [NHAI],618688,Outer Ring Road of Jabalpur Town from Amjhar Road including Airport Connectivity to barela Pkg-V,795,539.9,25.11,6,11-10-2027,,28-10-2024
1229,Roads & Highways,Ministry of Road Transport & Highways,National Highways Authority of India [NHAI],618687,Outer Ring Road of Jabalpur Town from Barela to Manegaon Pkg-1,652,651.88,444.81,80,05-03-2025,,01-09-2022
1230,Roads & Highways,Ministry of Road Transport & Highways,MoRTH,618172,Paithan - Shirur section 2LPS Km 0.0 to 55.00,342,0,0,80,02-06-2019,31-03-2022,01-03-2017
1231,Roads & Highways,Ministry of Road Transport & Highways,MoRTH,618177,Pal Phata Phulambri - Khultabad 2LPS,227,0,0,99,29-12-2019,09-06-2021,27-03-2018
1232,Roads & Highways,Ministry of Road Transport & Highways,National Highways Authority of India [NHAI],618606,Paravoor-Kottankulangara,3274,3200.24,1157.14,71,23-02-2025,,22-12-2021
1233,Roads & Highways,Ministry of Road Transport & Highways,MoRTH,618094,Pen to Khopoli 2LPS,369,0,143.65,86,21-12-2019,30-10-2022,20-03-2018
1234,Roads & Highways,Ministry of Road Transport & Highways,National Highways Authority of India [NHAI],618571,Permanent rectification of 3 nos. of black spots in project Highway NH-27 of U.P border - Dewapur - Kotwa section from Km.360.915 to km.440.000 Total Length of 79.085 Km of NH-27& Permanent rectification of 5 nos. of black spots of project Highway NH-27 of Kotwa - Mehsi - Muzaffarpur Section from km.440.000 to km.520.000 Total length 80.00Km,227,321.23,192.72,73,11-12-2025,,12-04-2022
1235,Roads & Highways,Ministry of Road Transport & Highways,MoRTH,618074,Pre construction activity of NH 122B from km 0 to 72.348 and Improvement to two lane with paved shoulders of NH 122B from km 29.730 to km 72.348 in state of Bihar under EPC mode,624,0,153.21,90,11-11-2024,,09-02-2022
1236,Roads & Highways,Ministry of Road Transport & Highways,National Highways Authority of India [NHAI],618845,Puducherry Km.29.000 to Poondiyankuppam Km.67.000,1588,1415.9,283.48,98,14-11-2023,31-03-2024,01-03-2018
1237,Roads & Highways,Ministry of Road Transport & Highways,MoRTH,618180,Pune raigarh District Border To Mangaon Ch 69000 to 103775 NH-753F,223,0,0,89,30-12-2019,,15-03-2018
1238,Roads & Highways,Ministry of Road Transport & Highways,MoRTH,618220,Reconstruction and widening to 2 lane with paved shoulder from existing chainage km 102000 to km 134950 Design chainage km 90150 to km 116980 including construction of Naushera Tunnel Total length of tunnel 0.700 km under 31 TF on Akhnoor-Poonch road NH-144A in the UT of Jammu & Kashmir under Project Sampark BRO on EPC mode Package-V Job no NH-144A-J&K-2020-21-104,642,572.51,0,98,18-07-2024,,03-03-2021
1239,Roads & Highways,Ministry of Road Transport & Highways,MoRTH,617970,Reconstruction of existing 2 L/IL to 2L with paved shoulder from existing km 52.200 to 92.880 of NH-,282,0,156.65,100,18-06-2019,16-03-2021,26-10-2016
1240,Roads & Highways,Ministry of Road Transport & Highways,MoRTH,618025,Rehabiitation and upgradation from km 121/000 to 154/000 Nakrekal to Mallampally section of NH-365 to 2 lane with paved shoulders in the state of Telangana in the EPC mode,193,0,0,96,08-12-2019,,13-03-2018
1241,Roads & Highways,Ministry of Road Transport & Highways,MoRTH,618067,"Rehabilitation & Up-gradation from design Km. 0.000 to Km. 69.280 of NH-931 Pratapgarh - Amethi - Gauriganj -Musafirkhana to two lane with paved shoulder on Engineering, Procurement & Construction EpC mode in the State of Uttar Pradesh",1086,0,0,0,09-11-2027,,17-05-2023
1242,Roads & Highways,Ministry of Road Transport & Highways,MoRTH,618089,Rehabilitation & Up-gradation of Mudkhed to Nanded section from Km. 372000 to Km 388400 of NH 161A i.e. Nanded-Bhokar-Himayatnagar-Kinwat-Mahur-Arani Road Design chainage from Km 372000 Mudkhed to Km 387650 Nanded of NH 161A Length 15.65 Km to 2/4Lane with paved shoulders configuration in the State of Maharashtra on EPC mode.,207,0,0,63,02-04-2025,02-04-2025,24-03-2022
1243,Roads & Highways,Ministry of Road Transport & Highways,MoRTH,618046,Rehabilitation & Up-gradation of Sabalkhed to Ashti Section from Km 37900 to Km 55100 & Chinchpur to Jamkhed Section from km 70000 to km 72922 of NH-561 to Two lane with Paved shoulder/ Four lane configuration in the State of Maharashtra on EPC Mode Length20.122km.,213,0,0,95,24-09-2024,,29-03-2022
1244,Roads & Highways,Ministry of Road Transport & Highways,NHIDCL,618450,Rehabilitation & Upgradation of existing road to 2-lane with paved shoulder including geometric improvement of section from start of Rabangla km33.600 to km58.840 under SARDP-NE Phase A Pkg- IV,293,0,1.91,62,01-05-2022,11-04-2025,09-07-2020
1245,Roads & Highways,Ministry of Road Transport & Highways,MoRTH,618154,"Rehabilitation & upgradation of Jamkhed to Sautada Section of NH548 D from km 195.375 to km 208.774, Length 13.399 Km to 2L PS /4L configuration with rigid pavement in the state of Maharashtra on EPC mode.",158,0,0,62,14-07-2024,,22-03-2022
1246,Roads & Highways,Ministry of Road Transport & Highways,MoRTH,618020,"Rehabilitation & Upgradation of KurwaiMungaoliChanderi Road section of NH-346, from Design Chainge 0.000 to 81.300 Km Total length 83.1 km to Two lane with paved shoulder configuration along with One time improvement in 07 nos of bypassed built-up areas in a total length of 22.615 km in the state of Madhya Pradesh on EPC mode.",386,0,160.38,63,03-02-2025,12-07-2025,23-03-2022
1247,Roads & Highways,Ministry of Road Transport & Highways,MoRTH,617992,Rehabilitation & upgradation of NH - 167 from design km 187.723 to 234.434 Miryalaguda to Kodad section to two lane with paved shoulder on EPC mode in the state of Telangana,323,322.81,43.78,98,03-09-2020,,14-03-2018
1248,Roads & Highways,Ministry of Road Transport & Highways,MoRTH,618167,Rehabilitation & Upgradation of NH-731A from Km.0.00 to Km.35.00 to 2-lane with paved shoulder under EPC mode,265,0,0,90,30-08-2023,,31-03-2021
1249,Roads & Highways,Ministry of Road Transport & Highways,NHIDCL,618386,Rehabilitation & Upgradation of Road from Km 0.00 to Km 18.600 Total length-18.600 km of Kumarghat-Kailashahar section on NH-208 to 2-lane with Paved shoulder on EPC bais under NHO,278,302.03,0,0,13-01-2022,15-10-2024,20-02-2020
1250,Roads & Highways,Ministry of Road Transport & Highways,MoRTH,617959,Rehabilitation & Widening work for 2 Lane with Paved Shoulder of Existing NH-80 from km 70.15 to Km 121.025 of Munger-Suttanganj -BhagatpurMirzachowki section on EPC Mode in the State of Bihar.,478,0,311.39,95,31-01-2025,,31-03-2021
1251,Roads & Highways,Ministry of Road Transport & Highways,MoRTH,618181,Rehabilitation / Upgradation to 4 Lane with Paved shoulder of Existing Section in Sillod Town with Design Ch. Km54500 to Km 60679 [Length6.179 km] section of NH 753F Aurangabad-Jalgaon road on EPC Mode in the State of Maharashtra,154,0,0,93,30-07-2025,,30-03-2023
1252,Roads & Highways,Ministry of Road Transport & Highways,MoRTH,618134,Rehabilitation /Upgradation from Lagam to Alapalli section Desing Km. 199/400 to km 227/400 Length 28.0 Km to 2 lane with Paved Shoulders/ 4 lane configuration section of NH-353 C Sakoli-Wadsa-Armori-Gadchiroli-Ashti-Alapalli Sironcha in Gadchiroli District on EPC mode in the state of Maharashtra.,459,0,0,55,08-09-2026,,14-02-2023
1253,Roads & Highways,Ministry of Road Transport & Highways,National Highways Authority of India [NHAI],618821,Rehabilitation and Up gradation from 4 to 8 laning of Chandikhole Paradip Section of NH-53 Old NH 5A from Km 18.00 to Km 39.00 in the State of Odisha on HAM mode Package-2,920,950.4,366.33,90,14-12-2025,,27-03-2023
1254,Roads & Highways,Ministry of Road Transport & Highways,National Highways Authority of India [NHAI],618820,Rehabilitation and Up gradation from 4 to 8 laning of Chandikhole Paradip Section of NH-53 Old NH 5A from Km.39.000 to Km.60.00 Package-3,862,938.55,344.27,85,14-12-2025,,27-03-2023
1255,Roads & Highways,Ministry of Road Transport & Highways,NHIDCL,618418,Rehabilitation and up gradation of Nongstoin-Rambrai-Kyrshai road up to Meghalaya-Assam border from Km 0.335 to km 34.039 to 2-Lane under NHO - NE in the State of Meghalaya Package-1,360,0,171.55,74,25-05-2024,03-06-2025,21-09-2021
1256,Roads & Highways,Ministry of Road Transport & Highways,NHIDCL,618343,"Rehabilitation and Up gradation to 2-lane with paved shoulder of Keifang Section Economic Corridor of NH-06 from Existing Chainage Km 30050 Keifang to Km 50360 Keifang, Design Chainage Km 27400 to Km 45040 PkgIII in the State of Mizoram under Bharatmala Pariyojna on EPC Mode Seling-Dulte - III",292,0,0,0,30-06-2022,02-12-2024,18-03-2020
1257,Roads & Highways,Ministry of Road Transport & Highways,MoRTH,617907,Rehabilitation and Up-gradation from Km 170700 Bhadrachalam to Km 234567 Konta on NH-30 to Two lane with Paved Shoulder in the State of Andra Pradesh on EPC mode.,436,0,207.05,89,24-09-2024,,22-12-2021
1258,Roads & Highways,Ministry of Road Transport & Highways,MoRTH,618163,"Rehabilitation and Up-gradation from km. 0000 to km.40390 of NH-730S MaharajganjNichloulThuthibari to two lane with paved shoulders in the State of U.P. on Engineering, Procurement & Construction EPC Basis.",809,603.19,0,53,06-12-2025,,01-03-2023
1259,Roads & Highways,Ministry of Road Transport & Highways,MoRTH,618037,Rehabilitation and Up-gradation of existin of road from 2-lane to 2-lane with paved shoulders from km. 0.00 to km 53.590 total length-53.590 km of Raychoti to Vempalli section of NH-440 in the State of Andhra Pradesh on EPC mode.,440,359.52,121.22,0,02-05-2024,,28-12-2021
1260,Roads & Highways,Ministry of Road Transport & Highways,National Highways Authority of India [NHAI],618888,Rehabilitation and Up-gradation of existing road to 2L PS from End of Hamirpur Bypass near Chilbahal to Bhangbar section from Km. 138.295 to Km.175.270 of NH-88 Pkg-IV,1146,1358.62,270.48,84,27-04-2025,,11-03-2022
1261,Roads & Highways,Ministry of Road Transport & Highways,MoRTH,617991,"Rehabilitation and up-gradation of NH-167 from Km 14/900 to Km70/000 Design Ch. 14/900 to 69/700 Chintakunta to Adoni section to two lane with paved shoulders in the State of Andhra Pradesh under Corridor Approach through Engineering, Procurement",290,0,36.42,92,30-05-2019,30-11-2020,02-11-2016
1262,Roads & Highways,Ministry of Road Transport & Highways,MoRTH,617885,Rehabilitation and Up-gradation of Nongstoin Wahkaji section of Project Road Km 0000 to Km 43060 to Intermediate Lane with earthern shoulder under SARDP-NE Phase-A in the State of Meghalaya on EPC mode. Job No- SARDP-NE/Nong-Don-Maw/MG/2020-21/294,303,0,182.58,98,10-08-2023,03-07-2024,13-08-2020
1263,Roads & Highways,Ministry of Road Transport & Highways,MoRTH,618237,Rehabilitation and Up-gradation of Pasarlapudi to Dhindi section from Km 105/170 to Km 126/510 of NH -214 New NH -216 to two lane with paved shoulder in the state of Andhra Pradesh under NHDP-IV,263,0,151.56,98,26-09-2019,31-05-2024,22-03-2017
1264,Roads & Highways,Ministry of Road Transport & Highways,NHIDCL,618385,Rehabilitation and up-gradation of road from design km 25.250 to km 36.460 Total lengh 11.210 km of Kailashahar-Kurti Bridge section on NH-208A to 2-lane with paved shoulder on EPC basis under NHO Package-III- Balance Work,174,0,0,0,04-09-2025,,26-02-2020
1265,Roads & Highways,Ministry of Road Transport & Highways,NHIDCL,618307,Rehabilitation and up-gradation of road from km 16.077 to km 43.935 total length 27.858 km of Lalchara-Kanchanpur section via Shivbari on NH-44A to 2 lane with paved shoulder in the state of Tripura on EPC Mode Pkg-2 under BharatMala Pariyojana Manu-Simlung -2,457,0,0,0,09-01-2025,05-04-2025,24-02-2022
1266,Roads & Highways,Ministry of Road Transport & Highways,MoRTH,618238,Rehabilitation and Up-gradation of Thimmapuram to Gurajanapalli section from Km 26/150 to Km 41/161 of NH - 214 New NH - 216 to two lane with paved shoulder in the state of Andhra Pradesh under NHDP-IV,351,432.91,233.92,98,08-07-2018,03-06-2025,10-08-2016
1267,Roads & Highways,Ministry of Road Transport & Highways,MoRTH,618186,"Rehabilitation and Up-gradation of Valigonda to Thorrur Section to Two Lane with Paved Shoulders from Km 39.180 to Km 108.300 of NH-930P in the State of Telangana on Engineering, Procurement and Construction EPC Basis",549,0,280.02,82,28-12-2024,07-04-2025,05-01-2022
1268,Roads & Highways,Ministry of Road Transport & Highways,MoRTH,618188,Rehabilitation and Up-gradation to 2 lane with paved shoulder configuration of Mahud Sangola road NH 965 G 159400 to 161900and 162400 to 183960 Design Chainage from km. 32/300 to km. 34/800 and km. 35/800 to km. 56/860 Rigid Pavement on EPC mode in the State of Maharashtra.,254,0,0,99,22-05-2025,,16-02-2023
1269,Roads & Highways,Ministry of Road Transport & Highways,MoRTH,618225,Rehabilitation and up-gradation to 2 lane with paved shoulder from existing chainage km 134950 to km 166100 Design chainage km 116980 to km 146700 under 31 TF on Akhnoor-Poonch road NH-144A in the UT of Jammu & Kashmir under Project Sampark BRO on EPC mode Package-VI Job no NH-144A-J&K-2021-22-106,395,0,136.9,84,27-07-2024,,02-07-2021
1270,Roads & Highways,Ministry of Road Transport & Highways,MoRTH,618224,Rehabilitation and up-gradation to 2 lane with paved shoulder from existing chainage km 49150 to km 64535 Design chainage km 46.450 to km 55.800 including construction of Sungal Tunnel Total length of Tunnel 2.79 km under 13 TF on Akhnoor-Poonch road NH-144A under Project Sampark BRO in the UT of Jammu & Kashmir on EPC mode Package-II Job no NH-144A-J&K-2019-20-78,797,0,419.4,90,20-08-2024,,20-03-2020
1271,Roads & Highways,Ministry of Road Transport & Highways,MoRTH,618223,Rehabilitation and up-gradation to 2 lane with paved shoulder from existing chainage km 64535 to km 85385 Design chainage km 55800 to km 74350 under 13 TF on Akhnoor-Poonch road NH-144A under Project Sampark BRO in the UT of Jammu & Kashmir on EPC mode Package-III Job no NH-144A-J&K-2019-20-79,153,0,66.69,85,28-09-2023,,19-03-2020
1272,Roads & Highways,Ministry of Road Transport & Highways,MoRTH,618263,"Rehabilitation and Up-gradation to 2LPS from Km. 0.000 to Km. 7.800 and Km. 35.400 to Km. 52.345 Design length 24.745 Km., except Bihar portion of NH-727B Tamkuhiraj to Bihar Border and Bihar Border to Majhauli on EPC mode in the State of Uttar Pradesh",701,0,0,80,31-07-2026,,24-03-2023
1273,Roads & Highways,Ministry of Road Transport & Highways,MoRTH,618176,Rehabilitation and upgradation from ch km 50/200 to 56/800 and km 62/600 to 100/403 of Kolde to Visarwadi Near Junction with NH-6 section of NH 752G total length 44.40 to two-lane with paved shoulder / four lanes in the State of Maharashtra on EPC mode.,349,0,0,0,02-01-2028,07-01-2026,27-03-2025
1274,Roads & Highways,Ministry of Road Transport & Highways,MoRTH,618124,Rehabilitation and upgradation from km 51.600 to km 75.700 of NH-321G Nuhkhas to Etah section to two lane with paved shoulder configuration under EPC mode in the State of Uttar Pradesh,344,0,53.25,49,28-08-2025,,08-01-2022
1275,Roads & Highways,Ministry of Road Transport & Highways,National Highways Authority of India [NHAI],619136,Rehabilitation and Upgradation of Chorma - Bairgania Section of National Highway No 227F to 2 lane with paved shoulders from Design Ch.0.000 to Ch. 34.566,611,628.65,299.57,97,31-01-2026,,30-06-2022
1276,Roads & Highways,Ministry of Road Transport & Highways,MoRTH,617974,Rehabilitation and upgradation of 2 lane with paved shoulder from existing km. 195.175 to km. 220.000 Design Chainage km71.300 to Km. 95.947 Excluding existing chainage Km 200.300 to Km 202.400 Design chainage Km 76.400 to Km 78.400 on Dharasu to Yamunotri Road of NH- 134 Old NH-94,345,0,0,11,02-04-2028,,16-05-2025
1277,Roads & Highways,Ministry of Road Transport & Highways,MoRTH,617940,"Rehabilitation and Upgradation of LB-Nagar to Malkapur section to 6-Lane main carriageway with service roads, drains cum footpath, including VUPs and widening of Minor bridge & road safety provisions from Km. 15/00 to Km 40/00 of NH-65 Old NH-9 under NH O for the year 2020-21 in the state of Telangana on EPC Mode.",545,0,258.75,60,22-07-2024,07-09-2025,26-03-2021
1278,Roads & Highways,Ministry of Road Transport & Highways,MoRTH,618194,Rehabilitation and upgradation of New NH 544DD from design Chainage Km. 56/000 to 102/20 of Kalyandrg - Molakalmuru Section,294,285.29,287.94,98,07-02-2020,06-11-2021,20-03-2018
1279,Roads & Highways,Ministry of Road Transport & Highways,MoRTH,618125,Rehabilitation and upgradation of NH 326A from km 0/0 to 41/979 excluding km 2/255 to 3/372 and km 36/820 to 38/275 Odisha border to Narasamapeta to two lane with paved Shoulders in the State of Andhra Pradesh under NHO on EPC Mode,228,0,70.6,100,27-03-2020,07-03-2021,13-03-2018
1280,Roads & Highways,Ministry of Road Transport & Highways,MoRTH,617994,Rehabilitation and upgradation of NH-167 from design km 113.900 to 154.479 Mallepally Haliya section to two lane with paved shoulders on EPC mode in the stte of Telangana,294,257.61,3.16,88,28-11-2019,,26-02-2018
1281,Roads & Highways,Ministry of Road Transport & Highways,MoRTH,618191,"Rehabilitation and upgradation of NH-167AD from Macherla to Dachepalli via Paluvai Junction, Rentachinthala, Gurazala from Km.0.000 to 43.659 to two lane with paved shoulders in the state of Andhra Pradesh job-729",403,0,220.99,97,26-01-2025,,27-01-2022
1282,Roads & Highways,Ministry of Road Transport & Highways,MoRTH,618187,"Rehabilitation and upgradation of Salon - Jais - Jagdishpur Road section of NH-931A, from design Chainage km 0.000 to km 5.740 to four lane divided carriageway and from design Chainage km 5.740 to km 53.500 to two lane with paved Total length km 53.500 along with One time improvement in 04 no's of realigned/bypassed built-up areas in a total length of 9.732 km in the state of Uttar Pradesh on EPC mode",947,0,0,9,26-10-2027,,16-05-2023
1283,Roads & Highways,Ministry of Road Transport & Highways,MoRTH,618175,Rehabilitation and Upgradation of Satana to Mangrul Chandwad Section of NH752 G Design Ch Km 64.000 to Ch Km 101.140 two lane with paved shoulder/four lane configuration in the state of Maharashtra on EPC mode.,429,0,0,62,14-05-2025,,22-03-2022
1284,Roads & Highways,Ministry of Road Transport & Highways,MoRTH,617975,Rehabilitation and upgradation to 2 lane with paved shoulder configuration from km 122.00 Dharasu Bend to km 147.230 Silkyara Bend of NH-94 in the state of Uttarakhand,238,0,50.38,100,28-11-2019,31-10-2021,28-03-2017
1285,Roads & Highways,Ministry of Road Transport & Highways,MoRTH,618221,Rehabilitation and upgradation to 2 lane with paved shoulder from existing chainage Km 166.100 to Km 192.98 design chainage Km 146.700 to Km 162.800 including construction of Bhimber Gali Tunnel Total Length of Tunnel 1.100 Km under 31 BRTF on Akhnoor-Poonch Roads on EPC mode NH-144A Package-VII,735,0,0,30,30-07-2026,,14-09-2021
1286,Roads & Highways,Ministry of Road Transport & Highways,MoRTH,618226,Rehabilitation and upgradation to 2 lane with paved shoulder from existing chainage Km 30.053 to Km 49.150 design chainage Km 30.000 to Km 46.450 including Kandi Tunnel under 31 BRTF on Akhnoor-Poonch Road NH-144A Under Project Sampark in the UT of Jammu & Kashmir EPC modePackage-I Job no NH-144A-J&K-2020-21-83.,272,0,156.36,93,28-11-2024,,08-07-2020
1287,Roads & Highways,Ministry of Road Transport & Highways,NHIDCL,618342,Rehabilitation and upgradation to 2 Lane with Paved shoulder of Economic corridor of NH-6 from Design chaiange Km 0.000 to Km 13.510 Package-1 in the state of Mizoram under Bharatmala Pariyojana on EPC mode,207,0,0,0,30-06-2022,30-06-2024,18-03-2020
1288,Roads & Highways,Ministry of Road Transport & Highways,MoRTH,618231,Rehabilitation and Upgradation to 2-lane configuration of Hamirpur-Karnohal Section km 141.00 to 181.00 of NH-70 in the State of Himachal Pradesh under Green National Highways Corridor Project GNHCP with the loan assistance of World Bank on EPC mode.Package-1,372,0,185.24,85,20-12-2024,,11-08-2020
1289,Roads & Highways,Ministry of Road Transport & Highways,MoRTH,618230,Rehabilitation and Upgradation to 2-lane configuration of Kalwahn-Mandi Section km 208.950 to 250.592 of NH-70 in the State of Himachal Pradesh under Green National Highways Corridor Project GNHCP with the loan assistance of World Bank on EPC mode.Package-3,314,0,0,56,12-04-2025,,14-08-2020
1290,Roads & Highways,Ministry of Road Transport & Highways,MoRTH,618266,Rehabilitation and upgradation to 2-lane with paved sholuders configuration of Bewar- Allahaganj- section of NH-730CKm.0.000 to Km 52.770pakage-I in state of Uttar Pradesh undergreen national Highway Corridor ProjectGNHCP with the loan assistance of world Bank on EPC mode.,325,340.16,0,98,23-11-2024,,18-04-2020
1291,Roads & Highways,Ministry of Road Transport & Highways,MoRTH,618240,Rehabilitation and upgradation to 2-lane with paved sholuders configuration of Bewar-naer Karri village section Km0.00 to Km30.00 Pakage-I of NH-92 in state of Uttar Pradesh undergreen national Highway Corridor ProjectGNHCP with the loan assistance of world Bank on EPC mode.,236,0,0,90,15-03-2024,07-05-2024,18-04-2020
1292,Roads & Highways,Ministry of Road Transport & Highways,MoRTH,618265,Rehabilitation and upgradation to 2-lane with paved sholuders configuration of Miranpur Katra to radhaita section of NH-730CKm.114.000 to Km 137.250pakage-III in state of Uttar Pradesh undergreen national Highway Corridor ProjectGNHCP with the loan assistance of world Bank on EPC mode.,172,169.56,0,86,27-07-2024,03-12-2025,18-04-2020
1293,Roads & Highways,Ministry of Road Transport & Highways,MoRTH,618229,Rehabilitation and upgradation to 2-lane with paved sholuders configuration of Near Karri village-Etawah section Km30.000 to Km 57.346 Pakage-II of NH-92 in state of Uttar Pradesh undergreen national Highway Corridor ProjectGNHCP with the loan assistance of world Bank on EPC mode.,211,206.56,0,100,17-02-2024,09-02-2025,18-04-2020
1294,Roads & Highways,Ministry of Road Transport & Highways,MoRTH,618256,"Rehabilitation and Upgradation to 2-lane with paved should ders Sir, configuration of Chaprathipalem to Lambasingi section Km 165500 to Km 205000 of NH-516E in the State of Andhra Pradesh under Green National Highways Corridor Project GNHCP with the loan assistance of World Bank on EPC mode",311,0,172.01,76,10-10-2024,,10-08-2020
1295,Roads & Highways,Ministry of Road Transport & Highways,MoRTH,618257,Rehabilitation and Upgradation to 2-lane with paved shoulders configuration of Koyyuru to Chaprathipalem section Km 120000 to Km 165500 of NH-516E in the State of Andhra Pradesh under Green National Highways Corridor Project GNHCP with the loan assistance of World Bank on EPC mode,349,0,221.52,86,07-07-2024,06-10-2025,11-08-2020
1296,Roads & Highways,Ministry of Road Transport & Highways,MoRTH,618050,Rehabilitation and Upgradation to 2-lane/Intermediate lane configuration of Ashyari-Shri Kyari Section km 50.000 to km 75.000 of NH-707 in the state of Himachal Pradesh under Green National Highways Corridor Project GNHCP with the loan assistance of World Bank on EPC mode.,346,359.56,146.64,98,23-09-2023,02-11-2024,24-08-2020
1297,Roads & Highways,Ministry of Road Transport & Highways,National Highways Authority of India [NHAI],618878,Rehabilitation and Upgradation to 4L configuration & Strengthening of Sihuni to Rajol from Km 51.000 to Km 72.000 of NH-154 Package-IIA,697,776.59,288.21,91,26-09-2025,,17-03-2022
1298,Roads & Highways,Ministry of Road Transport & Highways,MoRTH,617963,Rehabilitation and upgradation to four lane road from km 70.500 to km 78.600 of NH-92 under EPC mode in the State of Uttar Pradesh,296,351.78,0,20,07-01-2027,,06-01-2022
1299,Roads & Highways,Ministry of Road Transport & Highways,MoRTH,617938,Rehabilitation And Upgradation to four lane with paved shoulder configuration from km 24350 to km 61875 Jawale - Borgaon Kale of NH-63 in the State of Maharashtra on EPC mode under Annual Plan 2024-25 Total length - 37.525 Km.,574,0,0.04,1,19-03-2027,,20-12-2024
1300,Roads & Highways,Ministry of Road Transport & Highways,MoRTH,618026,Rehabilitation and upgradation to two lane with paved shoulders from Km 0/000 to 72/6 of NH-365 Nakrekal to Tanamcherla section under NHDP IV in the state of Telangana under EPC mode,605,0,0,99,31-10-2019,,28-06-2017
1301,Roads & Highways,Ministry of Road Transport & Highways,MoRTH,617911,Rehabilitation and upgradation Umaria to Shahdol section of NH-78 from Existing Km. 68/4 to Km. 142/2 to 2LPS including construction of Birshinghpur and Shahdol Bypass on EPC mode under NHDP-IVA,512,613.16,0,94,31-07-2017,12-07-2023,02-03-2015
1302,Roads & Highways,Ministry of Road Transport & Highways,MoRTH,618051,Rehabilitation and Upgrading of NH-707 OLD 72-B Package - 2 Hewna to Ashyari,243,220.95,74.87,98,23-03-2023,07-03-2023,17-04-2020
1303,Roads & Highways,Ministry of Road Transport & Highways,MoRTH,617966,Rehabilitation and Upgrading to 2 lanes/2-lane with paved shoulders configuration and strengthening of of Birpur and Bihpur Section from km 0.0 to Km 106 of NH 106 under phase I of National Highways Interconnectivity Improvement Projects NHIIP ICB No. NHIIP-BR-106-7 [NHIIP-BR-106-7],781,961.33,0,99,02-10-2019,06-06-2022,02-01-2014
1304,Roads & Highways,Ministry of Road Transport & Highways,MoRTH,618041,Rehabilitation and upgrading to two lanes with paved shoulders and Strengthening of Kotdwar-Pauri-Srinagar road section from Km 232.00 to 274.470 on NH-119 New 534 Paidul to Srinagar in the State of Uttarakhand on EPC Mode under NHO Annual Plan 2021-22.,299,0,0,0,29-12-2027,,10-02-2022
1305,Roads & Highways,Ministry of Road Transport & Highways,MoRTH,618199,"Rehabilitation, Upgradation & Widening of existing Highway to Rigid Pavement 2 Lane with Paved Shoulder of NH 965DD from Lonand Shirval-Bhor Mandangad-Pchral Section ShindewadiPhata to Varandah Ghat Dist Border from Km 33/550 to 92/550 in the state of Maharashtra on EPC mode.",723,0,0,34,31-07-2026,,20-02-2023
1306,Roads & Highways,Ministry of Road Transport & Highways,MoRTH,618042,"Rehabilitation/ Upgradation of existing Highway to four lane standards in Kurkheda town from km.413257 to km 410775, Two lane in Shankarpur Gurnuli km 42400 to km 43100 section and Reconstruction of Major Bridge at Ch. 448558 Bhuti Nallah and Ch. 411695 Sati River bridge, Minor Bridge at Ch. 411477 and Ch. 405800 Lendhari Bridge of NH 543 Bhamhapuri-wadsa-kurkheda-korchi-Deori-Amgaon road on EPC mode in the State of Maharashtra",164,0,0,34,01-05-2025,,25-03-2022
1307,Roads & Highways,Ministry of Road Transport & Highways,MoRTH,618065,"Rehabilitation/Upgradation of existing Highway to 2LPS/4 lane of Dhawali to Rajoli from Design Km.149476 to 163476 existing Km.150000 to 164000, Pandhasala to Mohadongri from design Km.170476 to 181476 existing Km.171000 to 182000, Ambeshivni Fata to Bodli from design Km.183476 to 185476 existing Km.184000 to 186000 and Made Tukum to Gadchiroli from design Km.188476 to 189476 existing Km.188000 to 18900 having length 28 km of NH-930 of Dhawali to Gadchroli road in the",316,0,0,27,04-09-2025,,25-03-2022
1308,Roads & Highways,Ministry of Road Transport & Highways,National Highways Authority of India [NHAI],618700,Renigunta - Poyya - Naidupeta km 124.60 to km 183.4 of NH 71,1863,2510.14,1336.5,98,31-01-2024,31-10-2024,18-03-2020
1309,Roads & Highways,Ministry of Road Transport & Highways,National Highways Authority of India [NHAI],618886,Road Safety Improvement of Critical Junctions on MuzaffarnagarHaridwar Section of NH-334 from Km 143000 to Km 196000,239,0.1,2.58,3,03-10-2027,,11-04-2025
1310,Roads & Highways,Ministry of Road Transport & Highways,NHIDCL,618434,Roing-Hunli Road Greenfield Alignment Project,1719,0,0,77,04-03-2022,06-04-2025,15-02-2017
1311,Roads & Highways,Ministry of Road Transport & Highways,National Highways Authority of India [NHAI],618943,Salem - Ulundurpet section from km 0.313 to km 136.670 of NH-68,861,1019.85,18.25,100,14-01-2011,,
1312,Roads & Highways,Ministry of Road Transport & Highways,National Highways Authority of India [NHAI],618614,Sanchore - Santalpur from km 67.000 - km 99.000 of NH-754K AJ-RGBS-Package-3,752,765.25,560.81,99,09-08-2023,31-01-2024,18-02-2020
1313,Roads & Highways,Ministry of Road Transport & Highways,National Highways Authority of India [NHAI],618615,Sanchore - Santalpur from km 99.000 - km 130.073 of NH-754K AJ-RGBS-Package-4,778,835.55,663.36,99,09-03-2023,31-12-2024,18-02-2020
1314,Roads & Highways,Ministry of Road Transport & Highways,MoRTH,617988,Sangameswaram - Atmakuru section from Km 96 to Km 124 & Velegodu- Nandyal section including Nandyal Bypass from Km 143/6 to 185/9 NH-167K,776,644.14,0,3,30-07-2027,,15-10-2024
1315,Roads & Highways,Ministry of Road Transport & Highways,MoRTH,618090,Sarsam - Kothari of NH-161A - 2L PS from Km.33/00 to 90/00,546,0,0,97,27-06-2019,31-10-2022,20-02-2017
1316,Roads & Highways,Ministry of Road Transport & Highways,National Highways Authority of India [NHAI],619069,Satara Km 725.000 to Pune Km 865.350 of NH - 4 New NH - 48 in Maharashtra,362,425.51,47.18,99,04-05-2022,,
1317,Roads & Highways,Ministry of Road Transport & Highways,MoRTH,618153,Satara to Mhaswad,653,0,0,98,01-08-2019,,25-01-2017
1318,Roads & Highways,Ministry of Road Transport & Highways,National Highways Authority of India [NHAI],618847,Sattanathapuram to Nagapattinam from Km 123.800 to Km 179.555,2900,2899.77,1201.2,77,04-10-2022,31-05-2026,01-03-2018
1319,Roads & Highways,Ministry of Road Transport & Highways,MoRTH,618005,Sheohar-Sitamarhi Section km 40.000 to 79.400 km Lot-I,179,278.53,0,98,03-05-2018,30-06-2021,01-02-2016
1320,Roads & Highways,Ministry of Road Transport & Highways,MoRTH,618173,Shirur-Kharda section from 55937 km to 114486 km to 2LPS/4L,382,0,0,83,16-06-2019,16-03-2022,17-02-2017
1321,Roads & Highways,Ministry of Road Transport & Highways,National Highways Authority of India [NHAI],618840,Simaria Km. 206.050 to Khagaria Km. 266.282,664,891.64,340.08,97,03-04-2019,31-03-2025,
1322,Roads & Highways,Ministry of Road Transport & Highways,MoRTH,618006,Sitamarhi-Jaynagar Section km 79.400 to km 156.500 Lot-II,370,503.28,0,98,29-12-2018,06-06-2021,01-02-2016
1323,Roads & Highways,Ministry of Road Transport & Highways,National Highways Authority of India [NHAI],619078,Six Laning of Bihar - Jharkhand Border Chordaha - Gorhar section of NH-2 from km 249.525 to km 320.810,1773,1689.17,253.22,78,26-11-2021,28-02-2026,26-12-2017
1324,Roads & Highways,Ministry of Road Transport & Highways,National Highways Authority of India [NHAI],618530,Six Laning of Varanasi to Aurangabad from km. 786.00 to km. 978.40 of Old NH-2,3242,3241.56,1167.54,94,10-03-2014,30-06-2025,
1325,Roads & Highways,Ministry of Road Transport & Highways,National Highways Authority of India [NHAI],619076,Six Laning of Vijayawada Bypass from Chinna Avutapalli to Gollapudi in Vijayawada - Gundugolanu Section from km. 0.00 to km. 30.00 Pkg-III,1581,1883.71,580.31,98,17-02-2023,20-03-2024,20-01-2020
1326,Roads & Highways,Ministry of Road Transport & Highways,National Highways Authority of India [NHAI],618527,Six Laning of Vijayawada Bypass from Gollapudi to Chinnakakani in Vijayawada - Gundugolanu Section from km. 30.00 to km. 47.881 Pkg-IV,1195,1757.82,683.12,98,04-01-2024,,20-01-2020
1327,Roads & Highways,Ministry of Road Transport & Highways,National Highways Authority of India [NHAI],618966,Six laning with both sides Service Road of Ayodhya Bypass from Design Km 0000 near Ashram Tiraha on NH-46 to Km 16439 end at Ratnagiri Tiraha on Nh-146,1123,1103.22,12.56,5,11-08-2027,,28-02-2024
1328,Roads & Highways,Ministry of Road Transport & Highways,National Highways Authority of India [NHAI],619003,Solan - Kaithlighat Section of NH-22 Now NH-5 from Km. 106.139 to Km.129.05,882,1519.53,565.49,90,06-05-2021,01-02-2024,28-03-2018
1329,Roads & Highways,Ministry of Road Transport & Highways,MoRTH,618212,"STABILIZATION OF LAND SLIDE AND SLOPE PROTECTION AT KM 11.00 TO KM 11.08, 29,730 KM TO 30,060 KM, 30,400 KM TO 31,060 KM, 34,750 KM TO 35,300 KM, 38,950 KM TO 39,030 KM & 39,460 KM TO 39,540 KM TWO LOC CLUBBED, KM 40,400 TO KM 40,650, KM 43,500 KM 43,680, 52,460 RISHIKESH - DHARASU ROAD NH-94 ON EPC MODE IN THE STATE OF UTTARAKHAND. NOSE OF LAND SLIDE - 12 NOS",197,0,0,0,18-04-2027,,31-01-2024
1330,Roads & Highways,Ministry of Road Transport & Highways,National Highways Authority of India [NHAI],618548,Stand-alone Ring road/bypass around Jammu City from Raya Morh km. -0.687 to Jagti km. 57.568,2024,2117.63,54.24,99,07-01-2021,03-10-2023,20-12-2017
1331,Roads & Highways,Ministry of Road Transport & Highways,National Highways Authority of India [NHAI],619084,Start of Karur Bypass - Dindigul from km. 292.600 to km. 305.600 Contract Package No. NS2/BOT/TN-4,462,515.03,0.29,100,16-04-2009,,
1332,Roads & Highways,Ministry of Road Transport & Highways,MoRTH,617973,Strengthening and widening of existing 2 lane road to two lane paved shoulder from km 7.750 to 26.542 & km. 32.093 to 45.786 of NH-130 on EPC mode in the state of chhattisgarh.job No. 130-CG-2017-18-348,189,0,1.06,97,24-11-2020,,08-11-2017
1333,Roads & Highways,Ministry of Road Transport & Highways,MoRTH,618133,Strengthening and Widening of road Sakoli- Wadsa-Armori-Gadchiroli-Ashti- Allapalli -Sironcha National highway NH 353C in Km 262/00 to 321/00 including 16 minor Bridges and 2 Major Bridge Total length 59 Km section from repanpalli to sironcha in Gadchiroli Dist in the State of Maharashtra.,281,0,0,55,31-05-2024,05-07-2025,31-03-2021
1334,Roads & Highways,Ministry of Road Transport & Highways,NHAI,618565,Strengthening of existing 4L Ayodhya Bypass Section from design Km. 121 600 to Km. 144020 of NH 28 New NH 27Pkg-3,526,281.13,259.66,81,08-03-2025,27-08-2025,24-03-2023
1335,Roads & Highways,Ministry of Road Transport & Highways,MoRTH,618061,"Strengthening, Widening & Up-gradation of newly declared NH-761 from NH-61Junction-BelheAlkutiDevibhoyareNighojShirur, from Design chainage Km 0.000 to Km 37.970 from Single/Intermediate/2L to 2LPS in the State of Maharashtra on EPC Mode Length 37.970 Km",386,0,24.63,0,27-09-2026,,15-03-2024
1336,Roads & Highways,Ministry of Road Transport & Highways,MoRTH,617949,Tadipatri Bypass Km 0000 to Km 6285 of 4-Lane on NH-67 in Anantapuramu district of AP state under NHO on EPC Mode under Annual Plan 2022-23,160,0,32.57,69,12-03-2026,,30-03-2023
1337,Roads & Highways,Ministry of Road Transport & Highways,National Highways Authority of India [NHAI],618796,Tanot -Ramgarh-Bhadasar-Jaisalmer NH-68 and BhadasarMokal-Sarkaritala up to Pakisthan Border NH-968 Pkg-BM/5,829,830.37,227.05,100,21-04-2021,,23-02-2018
1338,Roads & Highways,Ministry of Road Transport & Highways,National Highways Authority of India [NHAI],619097,Thalassery Mahe Bypass Km 170.600 to Km 189.200 of NH-17New NH-66 in Kerala,1181,1573.18,4.81,100,31-05-2020,11-06-2023,09-09-2017
1339,Roads & Highways,Ministry of Road Transport & Highways,National Highways Authority of India [NHAI],619165,Thanamcherla-Jamandlapally 2LPS,177,18.65,3.61,100,07-02-2023,,
1340,Roads & Highways,Ministry of Road Transport & Highways,National Highways Authority of India [NHAI],619094,Thorapalli - Agraharam - Jittandahalli Section from km 23.350 to km 60.100 [Hosur to Dhamrapuri Pkg-2],1244,1272.11,509.9,82,06-12-2023,31-03-2025,14-02-2019
1341,Roads & Highways,Ministry of Road Transport & Highways,National Highways Authority of India [NHAI],619083,Thumbipadi-Namakkal from km. 180.00 to km. 248.625 Package No. NS-2/BOT/TN-02,256,395.43,15.29,100,14-02-2009,,
1342,Roads & Highways,Ministry of Road Transport & Highways,National Highways Authority of India [NHAI],618605,Thuravoor Thekku-Paravoor,2879,2638.67,1953.89,68,12-09-2024,31-03-2026,06-09-2021
1343,Roads & Highways,Ministry of Road Transport & Highways,National Highways Authority of India [NHAI],619071,Tumkur - Nelamangala 6L,2032,1664.2,502.42,58,25-08-2025,31-03-2027,04-03-2021
1344,Roads & Highways,Ministry of Road Transport & Highways,National Highways Authority of India [NHAI],619070,Tumkur-Chitradurga,839,47.44,0.65,100,01-12-2013,,
1345,Roads & Highways,Ministry of Road Transport & Highways,National Highways Authority of India [NHAI],618512,Tunnel at Khambataki Ghat Section and its approaches from existing Km. 771.730 to existing Km. 782.000,907,816.12,523.21,86,27-02-2022,30-08-2025,07-11-2017
1346,Roads & Highways,Ministry of Road Transport & Highways,MoRTH,618258,Two laning with paved shoulders of Gondiguda to Araku uptoBhallaguda section of NH 516E,297,289.11,237.52,91,07-09-2023,09-04-2024,24-08-2020
1347,Roads & Highways,Ministry of Road Transport & Highways,MoRTH,618255,Two laning with paved shoulders of Lambasingi to Paderusection of NH 516E,361,358.05,77.68,23,02-11-2025,,17-04-2020
1348,Roads & Highways,Ministry of Road Transport & Highways,MoRTH,618259,Two laning with paved shoulders of Paderu to GundigudaSection of NH 516E,223,0,122.52,100,30-03-2023,24-03-2024,24-08-2020
1349,Roads & Highways,Ministry of Road Transport & Highways,NHAI,618953,Umagaon-Saharsa Package-IV Koshi Bridge & approach Road - Bheja-Bakaur,1200,1223.94,864.12,87,11-08-2023,,01-02-2019
1350,Roads & Highways,Ministry of Road Transport & Highways,NHAI,619166,Umagaon-Saharsa Package-V Bakaur-Parsarma-Bangaon-Bariyahi & Spur to Mahishi,768,968.42,383.04,98,14-12-2025,,07-10-2022
1351,Roads & Highways,Ministry of Road Transport & Highways,MoRTH,618108,Up-gradation and strengthening to 2lanePS from Km 95/500 to km 129/775 of Nh 168G Idar-Bhiloda-Samlaji in the state of Gujarat Length 34.275 km,237,0,0,47,06-12-2025,,30-09-2022
1352,Roads & Highways,Ministry of Road Transport & Highways,MoRTH,617906,Up-gradation of Dhoraji-Jamkandorna-Kalavad Section of NH-927D from Design Chainage km 0/00 to km 58/115 to Two lane with PS configuration in the State of Gujarat on EPC,247,291.19,0,21,24-01-2027,,14-10-2022
1353,Roads & Highways,Ministry of Road Transport & Highways,MoRTH,618078,Up-gradation of NH-130C Abhanpur to Paund from NH Km. 0000 to KM 40380 to two lane with paved shoulders in the State of Chhattisgarh on EPC mode.,193,0,56.27,85,24-09-2023,,22-12-2020
1354,Roads & Highways,Ministry of Road Transport & Highways,MoRTH,618064,Up-gradation of NH-930 Sherpar to Kohka from Km.67880 to Km.114860 to 2LPS in Chhattisgarh under EPC mode,279,0,201.05,90,25-05-2024,,12-03-2020
1355,Roads & Highways,Ministry of Road Transport & Highways,MoRTH,618021,Up-gradation of Pichhore- Dinara section of NH-346 from Km 292.750 to 334.550 to two lane with paved shoulders in the state of Madhya Pradesh on EPC mode,426,0,0,0,01-07-2025,,01-02-2024
1356,Roads & Highways,Ministry of Road Transport & Highways,MoRTH,618093,Up-gradation to 2 lane with Paved shoulder from Charbhuja at Design km 0.00 existing km 150.00 to Neechli Oden Nathdwara at Design ch. Km 88.800 existing km 55.950 of NH-162E on EPC mode.,838,0,55.04,0,26-09-2025,,07-02-2022
1357,Roads & Highways,Ministry of Road Transport & Highways,MoRTH,618092,Up-gradation to 2 lane with paved shoulder from Neechli Oden Nathdwara at Design Km 88.800 existing km 55.95 to Bhatewar at Design Km 142.028 existing km 0.00 of NH-162E in the State of Rajasthan on EPC mode.,607,0,437.05,34,04-10-2026,,27-02-2023
1358,Roads & Highways,Ministry of Road Transport & Highways,NHIDCL,619010,Up-gradation to 2 lane with paved shoutders of Pawlrang - Rulchawm section- of NH-102B of Aizawl - Imphal Economic Corridor from Existing Chainage km 72.030 to km 104.129 including 2.459 km re-alignment section from Tuivai River to Rulchawm connecting km 48.150 of NH-6 [Design Chainage km 68.170 to km 98.579] in the State of Mizoram under Bharatmala Pariyojna on EPC mode under NHO-NE Package-3 Keifang- Tuivai Pkg-3,501,0,305.45,75,08-05-2025,12-07-2025,13-12-2021
1359,Roads & Highways,Ministry of Road Transport & Highways,NHIDCL,618394,Up-gradation to 2-lane with Paved Shoulder from Km 12.850 to Km20.300 of 7.450Km length on Goha-Khellani section and a link road to Goha village of 2.016 km on NH-244 in UT of Jammu and Kashmir on EPC Mode Pkg-1,228,225.37,159.56,90,01-04-2022,04-06-2025,14-07-2020
1360,Roads & Highways,Ministry of Road Transport & Highways,NHIDCL,618398,Up-gradation to 2-lane with Paved Shoulder from Km 20.300 to Km 29.030 of 8.730 Km length on Goha-Khellani section on NH-244 in UT of Jammu and Kashmir on EPC Mode Package II,211,0,172.27,94,01-04-2022,04-06-2025,14-07-2020
1361,Roads & Highways,Ministry of Road Transport & Highways,NHIDCL,618341,Up-gradation to 2-lane with paved shoulders of Ngopa - Pawlrang section of NH 102B of Aizawl - Imphal Economic Corridor from Existing Chainage km 32.796 to km 72.030 [Design Chainage km 31.280 to km 68.170] in the State of Mizoram under Bharatmala Pariyojna on EPC mode under NHO-NE Package-2 Keifang- Tuivai Pkg-2,524,0,394.29,95,22-02-2025,01-06-2026,21-09-2021
1362,Roads & Highways,Ministry of Road Transport & Highways,NHIDCL,618406,Up-gradation to 4-lane with Paved Shoulder of Jammu-Akhnoor road section of NH-144A from Ganesh Vihar Km 6.000 to Khati Chowk Km 26.350 in UT of Jammu and Kashmir on EPC basis Pkg-3A,322,0,0,0,11-07-2021,04-05-2022,14-03-2018
1363,Roads & Highways,Ministry of Road Transport & Highways,MoRTH,617933,Up-gradation to four lane/ Two lane with paved shoulders configuration of Kalyan - Murbad - Malshej Ghat - Nirmal Road NH- 61 km 15/200 to Km 38/00 and from Km. 58/00 to Km 84/00 Design length 48.58 km of NH-61 on EPC Mode in Thane District in the state of Maharashtra,984,0,0,88,31-08-2026,,14-02-2023
1364,Roads & Highways,Ministry of Road Transport & Highways,MoRTH,618024,Up-gradation to two lane with paved shoulder configuration of NH-354 Section Arifkes-Ferozepur-Muktsar-Malaut from Km 201.500 to Km 212.500 & Km 229.690 to Km 269.960 and strengthening of existing pavement from Km 212.500 to Km 229.690 excluding Km 218.500 to 223.690 of NH-354 on EPC Mode in the State of Punjab. Job No. NH-354-PB-2020-21-532,263,0,0,72,15-04-2025,,12-03-2021
1365,Roads & Highways,Ministry of Road Transport & Highways,MoRTH,617971,Up-gradation to Two/Four lane with paved shoulder Configuration of Kondagaon- Narayanpur from design ch. 0.00 - 48.693 Design Length 47.493 Km. 1.20 Km. retained on NH-130D under EPC mode in the State Chhattisgarh.,322,0,1.1,20,16-03-2027,,29-12-2022
1366,Roads & Highways,Ministry of Road Transport & Highways,MoRTH,618136,Upgradatiobn and Rehabilitation of Section of NH 361 F from Parli 00/000 to Gangakhed 30/400 to Two Lanes with paved shoulder / Four lane configurations on EPC mode in the State of Maharashtra.,224,0,0,87,16-09-2023,10-08-2024,31-03-2021
1367,Roads & Highways,Ministry of Road Transport & Highways,MoRTH,618019,Upgradation & widening of Jharkheda- Berasia - Dholkhedi from design km 0000 to km 87900 Design length 87.90km of NH-346 including 3 nos. bypasses of 13.10 Km in the State of Madhya Pradesh under EPC mode.,365,0,0,88,19-05-2025,,15-03-2022
1368,Roads & Highways,Ministry of Road Transport & Highways,National Highways Authority of India [NHAI],619155,Upgradation and 4L of Haridwar Bypass from Km 0.000 Km 188.100 of NH-58 to Km. 15.100 Km 5.100 of NH 74 PKg-1,1603,1423.89,538.24,71,29-10-2024,01-04-2026,22-11-2021
1369,Roads & Highways,Ministry of Road Transport & Highways,MoRTH,617914,Upgradation and reconstruction of Shahpura-Dindori Section of NH 45 from Km 103.700 Design to Km 164.580 Design including 3 bypasses Total length 60.88km to Two lane with paved shoulder configuration along with One time improvement in 03 nos of bypassed built-up areas in a total length of 12.341 km in the State of Madhya Pradesh on EPC mode,241,250.09,0,0,11-12-2025,,14-03-2022
1370,Roads & Highways,Ministry of Road Transport & Highways,National Highways Authority of India [NHAI],618967,Upgradation and Strengthening of Chenani to Nashri Section via Patnitop of NH244 from Km 0.000 to Km 39.100,295,295.06,101.52,41,05-08-2026,,06-03-2024
1371,Roads & Highways,Ministry of Road Transport & Highways,MoRTH,617915,Upgradation of Dindori-Sagartola-kabichabutra MP-CG border section of NH -45 from km 000Design to km 77.00 Design to Two lane with paved shoulder configration along with one time improvement in 04 nos. of bypaased built-up areas in a total length of 9.1 km in the state of Madhya Pradesh on EPC mode.,329,319.09,0,93,18-09-2025,,12-01-2022
1372,Roads & Highways,Ministry of Road Transport & Highways,MoRTH,618098,"Upgradation of exhisting 2 lane flexible pavement to 2 lane paved shoulders rigid pavement from design chainage Km 66.00 to Design Km 82.440 Start of Kolhapur Municipal corporation near Phulewadi to kale, design length 16.440 Km section on Talere Gaganbawada-Kolhapur road NH 166G in the state of Maharashtra on EPC mode",168,0,0,93,13-05-2024,01-05-2025,31-03-2021
1373,Roads & Highways,Ministry of Road Transport & Highways,MoRTH,618107,Upgradation of Mehsana-Visnagar-vadnagar-Kheralu-Idar section from km 0/00 to 81/300 of NH 168G Mehsana to Idar in the State of GujaratTotal Length 81.300 Km on Hybrid Annuity Mode HAM,1155,0,0.91,2,17-06-2028,,26-02-2024
1374,Roads & Highways,Ministry of Road Transport & Highways,MoRTH,618085,Upgradation of Nasrullagani-Rehti-Budhni Scction to 2-lane with paved shoulder from Km 0150 to Km 50500 of NH-146B in the state of Madhya Pradesh on EPC mode.,305,293.74,0,70,25-10-2024,09-02-2025,06-12-2021
1375,Roads & Highways,Ministry of Road Transport & Highways,MoRTH,618118,Upgradation of two lane paved shoulder from Shahpura existing km. 0.00 Design Ch. 000 to Thanagazi existing Km.37352 Design Ch. 36810 of NH-248A on EPC mode in the State of Rajasthan.,174,0,63.51,90,31-07-2024,31-01-2026,08-03-2022
1376,Roads & Highways,Ministry of Road Transport & Highways,National Highways Authority of India [NHAI],618787,"Upgradation to 4L PS from Bhimasar, Junction of NH-41 to Anjar- Bhuj upto Airport Junction from Km 0.000 to Km 65.478 of NH-341",1373,1687.25,751.31,96,29-06-2025,,11-03-2022
1377,Roads & Highways,Ministry of Road Transport & Highways,MoRTH,617900,Upgradation to Two Lane Paved Shoulder in km 33/0 to 126/520 of NH-23 Old NH-11B Kothun-Lalsot-Karoli-Dholpur road in the state of Rajasthan under EPC mode Length-93.52 Km.,150,0,12.2,97,01-09-2024,31-01-2026,24-12-2021
1378,Roads & Highways,Ministry of Road Transport & Highways,MoRTH,618022,Upgradation to two lane with paved Shulder Configuaration from Km. 0/00 to 47/000 of NH 351 Mahuva to Badhada section in the State of Gujarat,173,219.08,17.42,50,22-08-2025,,06-12-2022
1379,Roads & Highways,Ministry of Road Transport & Highways,MoRTH,618069,Upgradation to Two-lane with paved shoulder of Hanumangarh to Kenchiyan section from Km 0.000existing chainage-Km 23.200 to Km 49.605existing chainage-Km 74.645 of NH-54 in the State of Rajasthan on EPC mode.,335,0,0,66,03-10-2026,,24-03-2022
1380,Roads & Highways,Ministry of Road Transport & Highways,National Highways Authority of India [NHAI],618465,Vadodara Mumbai Expressway Gandeva to Ena Phase IB - Pkg VII [Km 190.00 to Km 217.500],1710,3392.21,2152.35,97,09-11-2023,31-03-2025,30-07-2020
1381,Roads & Highways,Ministry of Road Transport & Highways,National Highways Authority of India [NHAI],618463,Vadodara Mumbai Expressway Kim to Ankleshwar Phase IA - Pkg V,1325,2807.48,1240.62,91,31-10-2021,23-04-2025,19-02-2018
1382,Roads & Highways,Ministry of Road Transport & Highways,National Highways Authority of India [NHAI],618468,Vadodara Mumbai Expressway Phase II - Pkg XI [Km. 77.000 to Km. 103.400] Ganjad - Talsari,1525,1913.95,813.23,99,17-05-2024,06-01-2025,19-06-2020
1383,Roads & Highways,Ministry of Road Transport & Highways,National Highways Authority of India [NHAI],618469,Vadodara Mumbai Expressway Phase II - Pkg XIII [Km. 26.582 to Km. 50.700] Shirsad - Masvan,3537,4679.54,1786.01,90,08-02-2024,10-06-2025,06-06-2020
1384,Roads & Highways,Ministry of Road Transport & Highways,National Highways Authority of India [NHAI],618470,Vadodara Mumbai Expressway Phase II - Pkg XIV [Km. 3.000 to Km. 20.200 of Spur] Shirsad - Akloli,2059,2324.72,576.7,86,11-05-2024,30-06-2025,27-05-2021
1385,Roads & Highways,Ministry of Road Transport & Highways,National Highways Authority of India [NHAI],618471,Vadodara Mumbai Expressway Phase II - Pkg XV [Km. 20.200 to Km. 43.000 of Spur] Akloli - Amne,2611,2918.39,596.09,91,11-05-2024,30-11-2025,18-05-2021
1386,Roads & Highways,Ministry of Road Transport & Highways,National Highways Authority of India [NHAI],618472,Vadodara Mumbai Expressway Phase II - Pkg XVI [Km. 43.000 to Km. 69.800 of Spur] Amne - Bhoj,4052,4315.56,824.5,90,31-10-2024,23-06-2025,24-06-2021
1387,Roads & Highways,Ministry of Road Transport & Highways,National Highways Authority of India [NHAI],618473,Vadodara Mumbai Expressway Phase II - Pkg XVII [Km. 69.800 to Km. 79.783 of Spur] Bhoj - Morbe,2209,2463.02,807.09,84,17-07-2025,,03-09-2021
1388,Roads & Highways,Ministry of Road Transport & Highways,National Highways Authority of India [NHAI],619064,Vadodara Mumbai Expressway Talsari to Karvad Phase IB - Pkg X [Km 103.400 to Km 128.000],1910,2652.24,521.59,36,21-03-2024,30-06-2025,07-10-2020
1389,Roads & Highways,Ministry of Road Transport & Highways,National Highways Authority of India [NHAI],618529,Varanasi Ring Road Pkg-II connecting Sandaha Village km 11.70 / NH-29 with Revasa Village km 818.80 / NH-2,1992,1832.66,989.09,93,13-02-2022,30-06-2025,26-12-2017
1390,Roads & Highways,Ministry of Road Transport & Highways,National Highways Authority of India [NHAI],618769,Walajahpet/Ranipet to TN/AP Border Section of from Km.106.800 to Km.133.36 NH-4,1338,1214.7,68.84,8,29-09-2027,,06-12-2024
1391,Roads & Highways,Ministry of Road Transport & Highways,NHIDCL,618354,Wideinig & Upgradation to 2-lanes with paved shoulders road from Tamenglong to Mahur NH-137 in the State of Assam starting from km 96.870 near Jiri River to km 116.550 near Hangrum Package-7 on EPC mode Package7,847,0,0,71,04-03-2026,,11-12-2023
1392,Roads & Highways,Ministry of Road Transport & Highways,MoRTH,618063,Widening & Strenghteningof section from Bharthana chowk to Kodarkoot km.0.00 to km.40.00 of NH-91-A on EPC mode,262,343.77,112.46,90,18-09-2024,03-08-2025,30-03-2020
1393,Roads & Highways,Ministry of Road Transport & Highways,MoRTH,617983,Widening & Strengthening of Existing 2LPS to 4 lane PS from Km 150000 to Km 159000 and Km 165400 to Km 186000 of NH-163 old NH-202 under NH O for the year 2020-21 on EPC Mode in the state of Telangana.,317,300.56,168.8,82,16-07-2024,07-04-2025,30-03-2021
1394,Roads & Highways,Ministry of Road Transport & Highways,MoRTH,618132,Widening & strengthening of existing carriageway in 2 lane with paved shoulders from km 25/0 to 59/2 design Ch km 25.467 to 59.200 of NH - 353C on EPC mode in the state of Telangana,206,0,152.77,98,03-06-2020,,26-02-2018
1395,Roads & Highways,Ministry of Road Transport & Highways,MoRTH,618012,"Widening & strengthenlng to 2LPS from km 0,000 to 40.000 Dhaugaon- Podamari section of NH 326 in the State of Odisha under Annual Plan 2021.22.",187,0,42.7,60,04-02-2026,,31-03-2022
1396,Roads & Highways,Ministry of Road Transport & Highways,MoRTH,617958,Widening & Strenthening from km132.895 to km 190.15 NH-80,566,0,221.6,79,03-11-2024,,31-03-2021
1397,Roads & Highways,Ministry of Road Transport & Highways,NHIDCL,618410,Widening & Up-gradation to 2 lane with paved shoulder of NH-301 Kargil- Zanskar Road from Design Km .30.040 Ex. Km. 30.000 to Design Km 57.000 Ex. Km. 57.905 of 26.960 Km length Pkg-II,405,0,287.3,75,02-01-2023,02-12-2026,31-03-2021
1398,Roads & Highways,Ministry of Road Transport & Highways,NHIDCL,618409,Widening & Up-gradation to 2 lane with Paved shoulder of NH-301 Kargil- Zanskar Road from Design km 57.000 Ex. Km. 57.905 to Km 87.000 Ex. Km. 88.2491 of 30.000 Km length Pkg-lll,381,0,208.95,82,02-01-2023,04-02-2025,31-03-2021
1399,Roads & Highways,Ministry of Road Transport & Highways,NHIDCL,618352,Widening & Upgradation to 2 lanes with paved shoulders road from Tamenglong to Mahur NH-137 in the State of Assam starting from km 136.500 near Hejaichak to km 156.489 near P. Leikul Package-9 on EPC mode under NHO-NE Package-9,860,614.43,470.53,85,29-08-2025,,31-03-2023
1400,Roads & Highways,Ministry of Road Transport & Highways,NHIDCL,618351,Widening & Upgradation to 2 lanes with paved shoulders road from Tamenglong to Mahur NH-137 in the State of Assam starting from km 156.489 near P. Leikul to km 176.410 near Borowapu on EPC mode under NHO-NE Assam portion Package-10,890,693.15,528.84,79,29-08-2025,,31-03-2023
1401,Roads & Highways,Ministry of Road Transport & Highways,NHIDCL,618353,Widening & Upgradation to 2-lanes with paved shoulders road from Tamenglong to Mahur NH-137 in the State of Assam starting from km 116.480 near Hangrum to km 136.500 near Hejaichak Package-8 on EPC mode under NHO-NE Package 8,904,0,470.46,82,29-08-2025,,29-03-2023
1402,Roads & Highways,Ministry of Road Transport & Highways,MoRTH,618082,Widening & Upgradation to four lane configuration from Km.34.900 Bhadohi to km.73.134 Jaunpur of NH-135A on EPC mode,396,392.03,0,86,14-05-2024,,31-03-2021
1403,Roads & Highways,Ministry of Road Transport & Highways,NHIDCL,618372,"Widening / Improvement to 4-Lane with Paved Shoulder configuration of existing single lane road from Kachukhana Harichara Paglagaunj to Dhubri - Phulbari Bridge approach Package-II of Srirampur - Dhubri Section of NH-127B from existing Km 28.050 to Km 55.060 Design Km 27.650 to Km 54.154, Design Length26.504 Km under JICA ODA Loan assistance Phase-V [Srirampur - Dhubri Pkg-2]",909,0,0,100,01-01-2025,,11-03-2022
1404,Roads & Highways,Ministry of Road Transport & Highways,MoRTH,617928,"Widening 2 lane to 4-lane from KM 92/320 to Km 115/320 Vav Chokdi-Satlasana to to Vrundavan Chokdi, Kheralu on NH-58 in the State of Gujarat.",151,171.27,0,92,14-03-2026,,16-03-2022
1405,Roads & Highways,Ministry of Road Transport & Highways,MoRTH,618141,Widening and Improvement of existing carriage way to 2 lane with paved shoulders from Km. 86/160 to 131/730 of Jangaon-Duddeda section of NH-365B in the State of Telangana on EPC Mode,423,423.48,159.94,75,18-12-2024,07-06-2025,05-01-2022
1406,Roads & Highways,Ministry of Road Transport & Highways,MoRTH,618161,Widening and Reconstruction of existing road to four lane from Km.56400 to Km 120300 i.e. from B.Kothapalli Junction to Gorantla excluding Kadiri Bypass from Km 70200 to Km 77105 of NH 716G in the State of Andhra Pradesh on EPC mode Job no. 742,840,0,360.45,99,31-12-2025,,31-03-2022
1407,Roads & Highways,Ministry of Road Transport & Highways,MoRTH,617982,Widening and strengthening of existing 2-lane to 2- lane with paved shoulders from km 159/0 to 165/4 and 186/0 to 215/0 of NH-163 on EPC mode int the state of Telangana,230,0,0,0,30-11-2019,03-12-2020,19-01-2018
1408,Roads & Highways,Ministry of Road Transport & Highways,MoRTH,618060,Widening and Strengthening of existing paveemnt to two lane with paved shoulders from km 116.00 to km 176.355 of NH-75E in the State of Jharkhand on EPC mode.,315,0,129.49,87,16-07-2024,,21-01-2022
1409,Roads & Highways,Ministry of Road Transport & Highways,MoRTH,618106,Widening and Strengthening to 2/4 lane with paved shoulders of Mahabubnagar Chincholi section from Km 0/0 to Km 60/255 of NH-167N in the state of Telangana under Annual plan 2021-22 on EPC modepackage-I under NHO Job No.167N-TS-2021-22-75,704,0,252.3,90,18-01-2025,,24-01-2022
1410,Roads & Highways,Ministry of Road Transport & Highways,MoRTH,617921,Widening and strengthening to 2LPS including LA of Kandarpur-Balikuda from km 277/500 to 318/970 of NH-55 in the State of Odisha under Annual Plan 2021-22.,500,0,99.63,50,04-06-2025,,24-03-2022
1411,Roads & Highways,Ministry of Road Transport & Highways,MoRTH,618105,Widening and strengthening to 4 lane / 2-lane with paved shoulders of Mahabubnagar - Chincholi section from km 60/255 to Km 102/834 of NH-167N in the State of Telangana on EPC mode.,631,0,71.91,30,08-10-2025,,07-03-2022
1412,Roads & Highways,Ministry of Road Transport & Highways,MoRTH,617899,Widening and Strengthening to 4LPS/2LPS from km 0.000 to 35.800 Kuakhia - Mangalpur section of NH 20 in the state of Odisha on Annual Plan 2021-22,636,0,47.79,46,06-02-2026,,31-03-2022
1413,Roads & Highways,Ministry of Road Transport & Highways,MoRTH,618264,"Widening and Strengthening to two Lane with Paved Shoulder/Four Lane with paved shoulder configuration from km. 61.500 of NH-727B near Nawalpur km 178.500 of Sonauli Balia Marg, Old SH-01 i.e. end point of Salempur Bypass to km. 106.495 of NH-727B near Sikanderpur under EPC mode",2062,0,0,14,30-05-2028,,17-05-2023
1414,Roads & Highways,Ministry of Road Transport & Highways,MoRTH,618222,Widening and Strengthening up gradation to 2 lane with paved shoulder from existing chainage Km 192.98 to Km 229.820 design chainage Km 162.800 to Km 198.18 under 31 BRTF on Akhnoor-Poonch Road NH-144A in the UT of Jammu and Kashmir under Project Sampark Border Roads Organisation BRO on EPC Mode Package-VIII Job No NH-144A-J&K-2022-2023-111,562,0,127.43,65,04-01-2026,,06-10-2022
1415,Roads & Highways,Ministry of Road Transport & Highways,MoRTH,618123,Widening and Strengthening/Reconstruction to Two Lane with Paved Shoulder/ Two Lane with paved shoulders with service road from km 0000 to km 42250 excluding design Ch. 03220 to 04200 & 28350 to 29060 of NH-320G in the state of Jharkhand under EPC mode,423,0,4.11,0,24-08-2025,,17-03-2022
1416,Roads & Highways,Ministry of Road Transport & Highways,NHIDCL,618380,Widening and Up-gradation to 2- Lane with Paved Shoulder Configuration and geometric improvement from Km. 125. 000 to Km 166 Package-3 on Aizawl Tuipang Section of NH-54 in the State of Mizoram Package-3,867,0,159.47,97,24-04-2023,19-11-2024,30-09-2019
1417,Roads & Highways,Ministry of Road Transport & Highways,NHIDCL,618384,Widening and Up-gradation to 2- Lane with Paved Shoulder Configuration and geometric improvement from Km. 166. 000 to Km 208.000 Package-4 on Aizawl Tuipang Section of NH-54 in the State of Mizoram Package-4,899,0,191.59,99,24-04-2023,23-09-2024,30-09-2019
1418,Roads & Highways,Ministry of Road Transport & Highways,NHIDCL,618379,Widening and Up-gradation to 2- Lane with Paved Shoulder Configuration and geometric improvement from Km. 208. 000 to Km 250.000 Package-5 on Aizawl Tuipang Section of NH-54 in the State of Mizoram Package-5,753,0,125.62,95,24-04-2023,,30-09-2019
1419,Roads & Highways,Ministry of Road Transport & Highways,NHIDCL,618381,Widening and up-gradation to 2-lane with paved shoulder configuration and geometric improvements from km 250.00 Lunglei to km 298.00 on Aizawl-Tuipang section under JICA ODA Loan assistance Phase-I Package-6,769,0,168.78,98,16-06-2023,31-03-2025,30-09-2019
1420,Roads & Highways,Ministry of Road Transport & Highways,NHIDCL,618382,Widening and up-gradation to 2-lane with paved shoulder configuration and geometric improvements from km 298.00 to km 339.00 on Aizawl-Tuipang section under JICA ODA Loan assistance Phase-I Package-7,606,750.32,0.01,100,01-04-2024,29-03-2025,30-09-2019
1421,Roads & Highways,Ministry of Road Transport & Highways,NHIDCL,618383,Widening and up-gradation to 2-lane with paved shoulder configuration and geometric improvements from km 339.00 to km 380.00 Siaha on Aizawl-Tuipang section under JICA ODA Loan assistance Phase-I Package-8,637,0,101.89,99,15-09-2023,31-05-2025,30-09-2019
1422,Roads & Highways,Ministry of Road Transport & Highways,MoRTH,617886,Widening of existing Single lane / Intermediate lane road to 2 lane from Km 101 to Km 125 of NH 61,252,0,0,41,17-06-2026,,23-06-2020
1423,Roads & Highways,Ministry of Road Transport & Highways,MoRTH,618002,Widening of existing single lane to intermediate lane road from Mokokchung to Chare via Dikhu in the state of Nagaland on EPC mode,193,0,99.65,0,18-06-2025,,19-02-2021
1424,Roads & Highways,Ministry of Road Transport & Highways,MoRTH,617901,Widening of Pachpadra-Bagundi Section to 4 Lane from Km 73/60 to 95/70 of NH-25 on EPC mode in the state of Rajasthan.,195,0,48.47,85,11-12-2024,15-02-2026,13-01-2022
1425,Roads & Highways,Ministry of Road Transport & Highways,NHIDCL,618337,Widening to 2 -Lane with Paved shoulder of Imphal to Jiribam section of NH-37 from Design Chainage 33.000 km to 66.390 Km Existing Chainage from km 33.395 to km 67.496 on EPC Mode in Manipur PKG-3,467,0,552.2,82,19-03-2023,03-07-2025,31-03-2021
1426,Roads & Highways,Ministry of Road Transport & Highways,NHIDCL,618336,Widening to 2 -Lane with Paved shoulder of Imphal to Jiribam section of NH-37 from Design Chainage 66.110 km to 101.280 Km Existing Chainage km 67.496 to km 103.557 on EPC Mode in Manipur PKG-4,580,0,355.94,79,29-12-2023,07-08-2025,02-09-2021
1427,Roads & Highways,Ministry of Road Transport & Highways,MoRTH,618039,Widening to 2 Lane from Existing Chainage Km 74.700 Km 100.660 Design Chainage Km 53.365 to Km 78.785 on NH- 507 in the State of Uttarakhand.,347,0,0,14,23-04-2028,,25-01-2024
1428,Roads & Highways,Ministry of Road Transport & Highways,NHIDCL,618364,"Widening to 2 Lane with Hard shoulder of Akegwo-Avangkhu section of NH-202K for Package-I Design Chainage 0000 Km to 34795 Km, in the State of Nagaland on EPC mode under NH O-NE",430,0,0,78,23-02-2026,,16-12-2022
1429,Roads & Highways,Ministry of Road Transport & Highways,NHIDCL,618366,Widening to 2 Lane with Hard shoulder of Akegwo-Avangkhu section of NH-202K for Package-II Design Chainage 34795 Km to 69875 Km in the State of Nagaland on EPC mode under NHO-NE,443,0,0,38,23-02-2026,,16-12-2022
1430,Roads & Highways,Ministry of Road Transport & Highways,NHIDCL,618365,Widening to 2 Lane with Hard shoulder of Akegwo-Avangkhu section of NH-202K for Package-III Design Chainage 69875 Km to 106816 Km in the State of Nagaland on EPC mode under NHO-NE,497,0,0,80,25-02-2026,,16-12-2022
1431,Roads & Highways,Ministry of Road Transport & Highways,MoRTH,618030,Widening to 2 lane with paved shoulder from Km. 103.225 Pattadakal to Km. 133.00 Shirur cross of NH-367 in the state of Karnataka on EPC Mode.Job No. NH-367-KNT-2021-22-934,264,0,3.58,0,27-05-2024,,09-02-2022
1432,Roads & Highways,Ministry of Road Transport & Highways,NHIDCL,618335,Widening to 2 Lane with Paved shoulder of lmphal to Jiribam section of NH-37 from Design Ch. from Km 101280 Near Khongsang Village to Km 131280 near Puilon Kambiron Village on EPC Mode in Manipur PKG-5,411,0,309.93,82,12-05-2024,01-02-2026,03-12-2021
1433,Roads & Highways,Ministry of Road Transport & Highways,NHIDCL,618334,Widening to 2 Lane with Paved shoulder of lmphal to Jiribam section of NH-37 from Design Ch. from km 131.280 to km 169.570 on EPC mode in Manipur under NHO-TSP PKG-6,505,0,269.89,87,06-02-2025,09-05-2025,13-12-2021
1434,Roads & Highways,Ministry of Road Transport & Highways,NHIDCL,618333,Widening to 2 lane with Paved shoulder of lmphal to Jiribam section of NH-37 from Design Ch. from km 169570 Near Nungkao vlllage under Tamenglong District to km 205974 near Jiribam Bridge under Jiribam district under NHO-NE PKG-7,760,0,365.34,83,28-12-2025,,03-01-2023
1435,Roads & Highways,Ministry of Road Transport & Highways,MoRTH,618196,Widening to 2 lane with Paved Shoulders of Siddipet-Elkathurthy section from Km 69/978 to km 133/619 of NH-765DG in the State of Telangana under Annual plan 2021-22 on EPC mode,579,0,0,85,21-12-2024,08-01-2025,18-01-2022
1436,Roads & Highways,Ministry of Road Transport & Highways,MoRTH,618197,Widening to 2 lane with Paved Shoulders of Medak - Siddipet section from Km 0/0 to km 69/978 of NH-765DG in the State of Telangana under Annual plan 2021-22 on EPC mode,882,0,347.42,73,30-01-2025,12-07-2025,20-01-2022
1437,Roads & Highways,Ministry of Road Transport & Highways,MoRTH,618070,Widening to 2 Lanes with paved shoulders from Km.87/000 to 133/720 Nattukal to Thanau Jn. in Palakkad of NH-966 Old NH-213 on EPC mode Basis under NHO Annual Plan 2016-17 in the state of Kerala,294,315.63,0,98,22-08-2019,05-06-2025,10-02-2017
1438,Roads & Highways,Ministry of Road Transport & Highways,NHIDCL,618345,Widening to 2-lane with Hard shoulder of Churachandpur to Tuivai Section from Km 48.587 to Km 69.875 in the State of Manipur on EPC mode under NHO Package-2B,366,0,168.23,83,04-08-2022,05-02-2023,18-06-2020
1439,Roads & Highways,Ministry of Road Transport & Highways,NHIDCL,618344,Widening to 2-lane with Hard shoulder of Churachandpur to Tuivai Section of NH-102B from Design Chainage 69.875 Km to 121.769 Km in the State of Manipur on EPC mode Package-3,673,0,480.59,81,24-08-2023,06-04-2025,31-03-2021
1440,Roads & Highways,Ministry of Road Transport & Highways,NHIDCL,618347,Widening to 2-lane with Hard shoulder of Churachandpur to Tuivai Section of NH-102B from km 13.747 to km 32.835 in the State of Manipur on EPC mode under NHO Package-1B,242,0,138.96,96,30-06-2022,06-04-2025,27-04-2020
1441,Roads & Highways,Ministry of Road Transport & Highways,NHIDCL,618346,Widening to 2-lane with Hard shoulder of Churachandpur to Tuivai Section of NH-102B from km 32.835 to km 48.587 in the State of Manipur on EPC mode under NHO Package-2A,233,0,127.15,92,30-06-2022,05-02-2023,27-04-2020
1442,Roads & Highways,Ministry of Road Transport & Highways,MoRTH,618084,Widening to 2-lane with paved shoulder from km 0.00 to 44.00 Kuru-Ghaghra section of NH-143A including re-construction of culverts and bridges.,153,133.67,77,93,08-08-2023,11-11-2023,14-02-2020
1443,Roads & Highways,Ministry of Road Transport & Highways,NHIDCL,618338,Widening to 2-Lane with Paved shoulder of Imphal to Jiribam section of NH-37 from Design Chainage 15.940 km to 33.120 Km Existing Chainage Km 15.946 to Km 33.395 Total length17.180 Km in the State of Manipur on EPC mode PKG-2 - Balance Works & Rectification works,195,0,0,55,18-03-2026,,31-03-2021
1444,Roads & Highways,Ministry of Road Transport & Highways,MoRTH,618000,Widening to 2-Lane with Paved Shoulders from Km 116.800 to 149.070Design Changes on Hosadurga - Holalkere Section of NH-173 in the State of Karnataka on EPC mode under Annual Plan 2021-22 Job no. NH-173-KNT-2021-22-946,170,147.39,60.21,92,24-02-2024,,30-03-2022
1445,Roads & Highways,Ministry of Road Transport & Highways,MoRTH,617996,Widening to 2/4 Lane with paved shoulders from Km 182.120 to Km 227.600 of NH 167 on Haggari-Jadcherla Road on EPC mode under NHO in the state of Telangana,298,0,228.09,95,20-02-2019,07-07-2023,06-10-2016
1446,Roads & Highways,Ministry of Road Transport & Highways,MoRTH,617927,Widening to 2LPS between Km 0/0 to 56/0 Khokhara Gujarat Border Vijayanagar Antrasuba Mathasur road of NH 58 in the State of Gujarat,699,0,0,10,30-08-2026,,15-03-2024
1447,Roads & Highways,Ministry of Road Transport & Highways,MoRTH,618185,Widening to 2LPS from Km 0.000 to 37.850 Except Ex. Km 24.45 to 27.20 of NH-766c Byndoor-Ranebennur Section in the state of Karnataka on EPC Mode under Annual Plan 2022-23 NH-766C-KNT-2022-23-969 dated 30.12.2022,395,0,0,0,07-08-2027,,30-12-2022
1448,Roads & Highways,Ministry of Road Transport & Highways,MoRTH,618109,Widening to 4 lane from Km 51.60 to 76.20 Hebri to Parkala and from Km 85.20 to 88.90 Karavali junction to Malpe of Thirthahalli-Udupi-Malpe Section of NH-169A in the State of Karnataka on EPC Mode under Annual plan 2021-22 Job No. NH-169A-KNT-2021-22-927,356,0,170.76,76,26-12-2024,,12-01-2022
1449,Roads & Highways,Ministry of Road Transport & Highways,MoRTH,618249,Widening to 4 lane from km. 108.50 to km 139.00 of NH-135A Pkg-II Jaunpur Akbarpur section on Hybrid Annuity Mode in the state of Uttar Pradesh,1512,0,0,25,29-03-2027,,29-03-2023
1450,Roads & Highways,Ministry of Road Transport & Highways,MoRTH,618029,Widening to 4 lane from Km. 133.00 to 158.04 design Chainage Km. 130.88 to 155.145 Shirur Cross to Gaddankeri of NH-367 in the State of Karnataka on EPC mode. Job No. NH-367-KNT-2021-22-930,351,312.06,195.06,78,17-01-2025,,24-01-2022
1451,Roads & Highways,Ministry of Road Transport & Highways,MoRTH,618248,Widening to 4 lane from km. 139.00 to km 179.20 of NH-135A Pkg-III Jaunpur Akbarpur section and Akbarpur bypass on Hybrid Annuity Mode in the state of Uttar Pradesh.,1653,0,0,0,15-01-2028,,31-05-2023
1452,Roads & Highways,Ministry of Road Transport & Highways,National Highways Authority of India [NHAI],619087,Widening to 6L of Existing 4L Jetpur - Gondal - Rajkot Section from Km. 117.600 to Km. 185.00 on NH-27,2070,1390.29,748.65,56,26-09-2025,31-01-2027,21-03-2022
1453,Roads & Highways,Ministry of Road Transport & Highways,MoRTH,617998,Widening to existing 2 lane with paved Shoulder to 4 Lane with paved shoulder from design Km 153.00 to 168.27 Mala Gate to Karkala of NH -169 on Shimoga - Mangalore section in the state of Karnataka on EPC mode under Annula Plan 2021-22 Job No. NH-169-KNT-2021-22-949,178,0,94.59,75,13-02-2025,,30-03-2022
1454,Roads & Highways,Ministry of Road Transport & Highways,MoRTH,618072,Widening to Existing single lane /intermediate lane to 2 lane from Km185.00 to Km 220.00 of NH-61 New NH-02 in the state of Nagaland.,297,0,128.97,85,20-07-2024,22-03-2025,31-03-2021
1455,Roads & Highways,Ministry of Road Transport & Highways,MoRTH,617964,"Widening to Four Lane rigid pavement configuration from Km 90.00 to Km 100.800 on NH-96 Km 42.0 to Km 53.300 as per new NH-330,design length of 11.300 km under EPC mode in the state of Uttar Pradesh.",310,0,24.81,22,10-11-2026,,01-12-2022
1456,Roads & Highways,Ministry of Road Transport & Highways,MoRTH,618168,Widening to four lane with paved shoulder from Design Km.49.200 to Km.89.285 of NH-731B on EPC mode in the state of Uttar Pradesh,918,965.3,116.91,50,14-01-2026,,31-03-2022
1457,Roads & Highways,Ministry of Road Transport & Highways,MoRTH,618087,Widening to intermediate/two lane to 2 lane with paved shoulder from Existing chanages Km 112.750 to 142.00 Liingasur to Mudabal cross & from Km. 147.070 to Km. 149.070 Maski city limit of Jewargi Chamrajnagar setion of NH-150A in the state of Karnataka on EPC mode. Job No. NH-150A-KNT-2021-22-951,256,0,175.75,93,17-07-2024,,30-03-2022
1458,Roads & Highways,Ministry of Road Transport & Highways,MoRTH,618145,Widening to two lane with paved shoulder of Rampachodavaram - Koyyuru section of NH 516E from Km 43700 to Km 113820 in the State of Andhra Pradesh on EPC mode Job No. 737,568,0,289.47,92,01-01-2025,,23-03-2022
1459,Roads & Highways,Ministry of Road Transport & Highways,MoRTH,618086,"Widening to Two Lane with Paved Shoulders from KB Cross to Chunchanahalli ie., Design Ch. 485240 Km Existing Km 494.000 to Design Ch. 523393 Km Existing km 533.152 & From Design Ch. 530393 Existing Km 540.175 to Design Ch. 534476 Existing Km 544.200 at Nelligere of NH-150A on EPC mode under Annual Plan 2022-23 NH-150A-KNT-2022-23-977 dated 08.03.2023",617,0,0.75,10,13-01-2027,,08-03-2023
1460,Roads & Highways,Ministry of Road Transport & Highways,MoRTH,617985,Widening to two lane with paved shoulders from Km 0/0 to 64/020 Pamarru to Akiveedu,530,588.65,0,67,16-11-2023,07-02-2024,31-03-2020
1461,Roads & Highways,Ministry of Road Transport & Highways,MoRTH,618104,Widening to two lane with paved shoulders from Km 0/000 to Km 79/300 of Kalwakurthy - Kollapur section of NH-167K in the state of Telangana under annual plan 2021-22 on EPC mode under NHO.,887,0,557.4,78,11-07-2025,,31-03-2022
1462,Roads & Highways,Ministry of Road Transport & Highways,MoRTH,617955,Widening to two lane with paved Shoulders from Km 40.00 to Km 75.00 Existing chainages of Mangalore - Tumkur section of NH-73 in the State of Karnataka on EPC Mode under Annual Plan 2021-22 Job No NH-73-KNT-2021-22-945,719,0,260.03,72,26-03-2025,,31-03-2022
1463,Roads & Highways,Ministry of Road Transport & Highways,MoRTH,617995,Widening to Two Lane with Paved Shoulders from Km 67.000 to Km 114.425 of Kalwakurthy- Mallapally Section of NH 167 Erstwhile section of SH 18 in the State of Telangana on EPC mode under NH O Annual Plan 2016-17,300,0,2.08,99,04-05-2019,07-07-2021,20-01-2017
1464,Roads & Highways,Ministry of Road Transport & Highways,MoRTH,618143,widening to two lane with Paved shoulders from Km.0/970 to Km.40/410 of Jangaon - Thirumal giriof NH- 365B in the state of Telanganaon EPC mode under NHO Annual Plan 2016-17,197,0,0,92,31-10-2019,31-10-2019,30-03-2017
1465,Roads & Highways,Ministry of Road Transport & Highways,MoRTH,618142,Widening to Two lane with Paved shoulders from km.40/410 to 84/037 of Thirumanlagiri-- Suryapet Section of NH-365B earstwhile section of SH-16,245,0,0,99,08-05-2019,08-05-2019,20-01-2017
1466,Roads & Highways,Ministry of Road Transport & Highways,MoRTH,618190,Widening to two lane with paved shoulders of 'Bodhan Basar Bhainsa ' section from Km 38/900 to 95/300 of NH-161BB in the state of Telangana under Annual Plan 2021-22 on EPC Mode under NH O.,644,0,348.93,98,16-03-2025,,03-03-2022
1467,Roads & Highways,Ministry of Road Transport & Highways,MoRTH,617936,Widening to two/four lane with paved shoulder from Km.180.600 to Km.223.000 of NH-63 on Nizamabad-Jagadalpur road on EPC mode under NHO in the state of Telangana.,254,183.26,0,100,28-03-2019,,06-10-2016
1468,Roads & Highways,Ministry of Road Transport & Highways,National Highways Authority of India [NHAI],618708,Widening/Development of Existing NH-85 from Km 0.000 to Km 124.636 section to 2L/LPS section in the state of Kerala on EPC Mode under Bharatmala Pariyojana,1187,1265.47,576.14,52,25-06-2025,,12-09-2022
1469,Roads & Highways,Ministry of Road Transport & Highways,NHIDCL,618298,Widening/Improvement of existing 2-Lane road to 4-Lane Divided Highway from Sekmai to Nilakuthi section of Imphal-Kohima Road Design Chainage from Km 297700 to Km 308729 of NH-39 New NH-02 in state of Manipur on EPC mode Pkg-5B,212,0,209.48,78,21-01-2023,08-06-2025,30-03-2021
1470,Roads & Highways,Ministry of Road Transport & Highways,NHIDCL,618306,"Widening/Improvement to 2 lane with earthen shoulder of Choithar to Marrem Khullen section of NH-202 of Imphal Ukhrul Jessami Economic Corridor from Design Chainage km 53.110 to km 95.700 in the State of Manipur on EPC mode under Bharatmala Pariyojana, under NHO-NE Package-5",564,0,0,4,31-03-2027,,31-03-2023
1471,Roads & Highways,Ministry of Road Transport & Highways,NHIDCL,618304,"Widening/Improvement to 2 Lane with earthen shoulder of Jessami to Laynen bridge Nagaland border section of NH-29 of Imphal -Ukhrul - Jessami Economic Corridor from km 0.000 to km 11.009 in the State of Manipur on EPC mode under Bharatmala Pariyojana, under NHO-NE Package-7",165,0,119.17,17,26-06-2026,,31-03-2023
1472,Roads & Highways,Ministry of Road Transport & Highways,NHIDCL,618305,Widening/Improvement to 2 lane with earthen shoulder of Marrem Khullen to Jessami section of NH-202 of Imphal - Ukhrul - Jessami Economic Corridor from Design Chainage km 95.700 to km 140.180 in the State of Manipur on EPC mode under Bharatmala Pariyojana under NHO-NE Package-6,555,0,187.19,19,07-12-2026,,29-03-2023
1473,Roads & Highways,Ministry of Road Transport & Highways,NHIDCL,618339,Widening/Improvement to 2-Lane Lane with Paved Shoulder from km 16900 Bogapani to km 27150 Golai Goan on existing Dibrugarh to Ledo section with proposed Digboi Bypass Green Field and Brownfield 2-LanePS of NH-315 OLD NH-38 in Tinsukia District under NHO- NE Package-4,357,0,0,20,06-12-2026,,04-01-2023
1474,Roads & Highways,Ministry of Road Transport & Highways,NHIDCL,618303,Widening/Improvement to 2-lane with earthen shoulder of Yaingangpokpi - Finch corner road section of NH-202 from Km 0.000 to Km 16.900 of NH-202 in the state of Manipur on EPC mode Package-1,223,0,0,37,30-06-2022,05-04-2025,13-03-2020
1475,Roads & Highways,Ministry of Road Transport & Highways,NHIDCL,618302,Widening/Improvement to 2-lane with earthen shoulder of Yaingangpokpi - Finch corner road section of NH-202 from Km 16.900 to Km 30.970 of NH-202 in the state of Manipur on EPC mode Package-2,256,0,0,88,30-06-2022,04-12-2025,13-03-2020
1476,Roads & Highways,Ministry of Road Transport & Highways,NHIDCL,618285,Widening/Improvement to 4 -Lane with Paved Shoulder from Ch. 88.000km to Ch.99.930 km Design Ch.84.100km to Ch.96.000 km of Sagunbashi forest near Nichinta to starting of Krishnai Bypass Section of Bilasipura Guwahati road NH 17 on EPC Package-7,287,0,178.97,100,25-10-2025,,30-03-2021
1477,Roads & Highways,Ministry of Road Transport & Highways,NHIDCL,618371,"Widening/Improvement to 4-Lane with Paved Shoulder configuration of existing single lane road from Srirampur near Bhairiguri Village to Kachukhana Harichara Paglagaunj Package-I of Srirampur - Dhubri Section of NH-127B from existing Km 0.000 to Km 28.050 Design Km 0.000 to Km 27.650, Design Length27.650 Km under JICA ODA Loan assistance Phase-V -Balance work",614,0,172.31,56,25-11-2026,,11-03-2022
1478,Roads & Highways,Ministry of Road Transport & Highways,NHIDCL,618287,"Widening/Improvement to 4-Lane with paved Shoulder from Ch. 25.633 Km to Ch. 52.470 Km Design Ch. 21.850 Km to Ch.48.670 Km for Package-2 of Bilasipura- Guwahati road NH-17 Section Near Mowatari, before Chapar Bypass to Tulungia junction with NH-17 in the state of Assam on HAM mode under NHO-NE Package-2",1339,0,0,8,03-06-2027,,30-11-2023
1479,Roads & Highways,Ministry of Road Transport & Highways,NHIDCL,618327,Widening/Improvement to 4-Lane with Paved Shoulder from KM 113300 to Km 146230 Design Chainage 113830 to 145712 of Kwaram Taro Village - Dillai Section in Assam on EPC Package-6,626,0,0,0,12-07-2024,31-03-2025,09-09-2021
1480,Roads & Highways,Ministry of Road Transport & Highways,NHIDCL,618326,Widening/Improvement to 4-Lane with Paved Shoulder from KM 38500 to Km 51246 Design Chainage 38500 to 50959 with proposed Daboka Bypass of Daboka-Parokhaowa of NH 29 on EPC under NHO-NE Package-1,517,0,0,92,29-11-2025,,05-01-2023
1481,Roads & Highways,Ministry of Road Transport & Highways,NHIDCL,618359,Widening/Improvement to 4-Lane with Paved Shoulder from km 55000 Nagabang Gamsuk to km 82514 Oyan in the State of Assam and Arunachal Pradesh on EPC mode under Bharatmala Pariyojna of Length 27.514 Km Package-3,665,0,0,54,17-03-2027,,31-03-2023
1482,Roads & Highways,Ministry of Road Transport & Highways,NHIDCL,618340,Widening/Improvement to 4-Lane with Paved Shoulder from km 626030 Nalani hulla Gaon to km 650450 Chotahapjan on existing Tinsukhia -Makum Bypass of NH-15 OLD NH-37 and Strengthening of existing NH-315 OLD NH-38 from Km 0000 Chotahapjan to Km 16900 Bogapani section 2-Lane PS in Assam on EPCMode under NHO-NE Package-3,459,0,0,68,17-05-2025,,03-01-2023
1483,Roads & Highways,Ministry of Road Transport & Highways,NHIDCL,618284,Widening/Improvement to 4-Lane with paved shoulder from Km 99930 to Km 143680 Design Chainage 96000 to 139750 of Paikan to Dhupdhara Sahar of Bilasipura-Guwahati Road on NH-17 in the state of Assam on EPC mode under Bharatmala Pariyojana in Economic Corridors Project Length 43.750km under NHO-NE Package-8,1458,0,706.76,71,26-12-2026,,07-03-2023
1484,Roads & Highways,Ministry of Road Transport & Highways,NHIDCL,618313,Widening/lmprovement of Existing 2 lane to 4-Laning of Karimganj-Silchar section of NH-37 from Design Ch 0.000 near Silchar ISBT to Design Ch 15.970 near Kalinagar Pt I on NH-37 in Assam on HAM Mode Pkg-1,1182,0,0,0,17-09-2027,,11-03-2024
1485,Roads & Highways,Ministry of Road Transport & Highways,NHIDCL,618288,"Widening/lmprovement to 4-Lane with Paved Shoulder from Ch.5.580 Km to Ch.25.633 Km Design Ch.0.000 Km to Ch.17.737km Km 901.100 to Km 921.145 of old NH-31 of Bilasipara- Guwahati road NH-17 Section Near Chirakuta to near Mowatari, before Chapar Bypass in the state ol Assam on HAM mode Package-1",1081,0,0,11,04-08-2027,,07-02-2024
1486,Roads & Highways,Ministry of Road Transport & Highways,NHIDCL,618312,Widening/lmprovement to 4-Lane with Paved Shoulder from existing road and Greenfield alignment form Design Ch. 62.800 start of proposed Nilambazar/Cheragi Bypass to Design Ch. 87.700 near Chandkhira Village of NH-8 on Silchar-Churaibari in the state of Assam on HAM Mode Package-5,1258,0,0,6,23-10-2027,,27-02-2024
1487,Roads & Highways,Ministry of Road Transport & Highways,NHIDCL,618309,Widening/lmprovement to 4-Laning and Greenfield alignment with Paved shoulder of Silchar-Badarpur Churaibari section of NH-37 & NH-8 from Design chainage 38.600 End point of proposed Badarpur Bypass to Km. 62.800 Start point of proposed Nilambazar/Cheragi Bypass in the state of Assam on HAM Mode Package-4,1320,0,0,0,18-08-2027,,28-02-2024
1488,Roads & Highways,Ministry of Road Transport & Highways,MoRTH,617916,Work of 6 laning/Construction of elevated corridor from km 0/0 to 10/170 Narol Junction to Sarkhej junction including 4 lane Shastri Bridge on Sabarmati river on NH 47 in the State of Gujarat on HAM mode,1295,0,0,5,15-02-2028,,11-03-2024
1489,Roads & Highways,Ministry of Road Transport & Highways,MoRTH,617976,Work of development and construction of elevated corridorfrom km 38/660 to km 42/690 Iscon junction to start point of approach of sanand flyover of NH-147 in the sate of Gujarat,530,0,28.67,55,18-06-2026,,27-03-2023
1490,Roads & Highways,Ministry of Road Transport & Highways,MoRTH,618023,Work of Widening/upgradation of 2-Lane with paved shoulder of Sri Muktsar Sahib to Malout road from Km 279.400 to Km 307.060 section of NH-354 in the State of Punjab on EPC mode. Job No. NH-354-PB-2021-22-555,153,0,0,96,15-04-2025,,31-03-2022
1491,Roads & Highways,Ministry of Road Transport & Highways,National Highways Authority of India [NHAI],619138,Yekkambi-Haveri,310,309.9,36.83,18,07-03-2024,31-03-2027,30-09-2021
1492,Shipping,"Ministry of Ports, Shipping and Waterways","Haldia Dock Complex, Syama Prasad Mookerjee Port Authority",701576,Berth No. 2 [previously Berth 3] of HDC Mechanization Project,298,298.26,480,100,30-09-2025,13-01-2026,30-11-2022
1493,Shipping,"Ministry of Ports, Shipping and Waterways",Deendayal Port Trust [DPT],701568,Construction of oil jetty No.8 at old kandla through internal resources,100,225.85,186.47,90,03-02-2023,31-07-2024,01-02-2018
1494,Shipping,"Ministry of Ports, Shipping and Waterways",Paradip Port Trust [PPT],701574,Deepening and Optimization of Inner Harbour facilities including development of Western Dock on BOT basis to handle Cape size vessels,3005,0,1277.52,50,31-12-2027,16-10-2028,23-05-2022
1495,Shipping,"Ministry of Ports, Shipping and Waterways",Deendayal Port Trust,609424,"Development of Container Terminal at Tuna-Tekra, Deendayal Port on BOT Basis Under PPP Mode",4244,0,1145,40,13-03-2027,,21-10-2022
1496,Shipping,"Ministry of Ports, Shipping and Waterways",New Mangalore Port Authority,617804,Mechanization of Berth No.14 for handling Containers and other cargo on DBFOT basis - Phase II,153,0,38.31,40,31-03-2027,,31-12-2023
1497,Shipping,"Ministry of Ports, Shipping and Waterways",Deendayal Port Trust [DPT],701570,"Replacement and revamping of pipeline projects in oil jetty area, Kandla",171,211.61,137.51,71,30-09-2023,31-03-2025,30-09-2021
1498,Shipping,"Ministry of Ports, Shipping and Waterways",Reliance Industries Ltd,400382,Rewas Port Project,6000,0,5999.89,88,31-03-2023,,31-12-2019
1499,Shipping,"Ministry of Ports, Shipping and Waterways",Mumbai Port Trust [MPT],701586,Setting up of a Floating Storage and Regasification Unit [FSRU] - Mumbai,900,0,65,0,11-11-2026,11-11-2026,30-11-2020
1500,Shipping,"Ministry of Ports, Shipping and Waterways","Haldia Dock Complex, Syama Prasad Mookerjee Port Authority",701577,Shalukkhali Liquid Cargo Handling Facility Development Project,254,253.65,9.28,0,31-08-2025,,01-01-2022
1501,Steel,Ministry of Steel,National Mineral Development Corporation Limited [NMDC],709827,CONSTRUCTION OF RESIDENTIAL TOWERS AT BIOM KIRANDUL COMPLEX,350,0,309.3,99,31-12-2025,28-02-2026,13-07-2021
1502,Steel,Ministry of Steel,National Mineral Development Corporation Limited [NMDC],400121,"Construction of Screening Plant-II for Donimalai and Kumaraswamy Iron Ore Mining Complex of NMDC Limited at Ballari Dt, Karnataka.",1044,0,443.37,49,25-08-2026,,28-11-2014
1503,Steel,Ministry of Steel,Steel Authority of India Limited [SAIL],617242,Installation of New Bar Mill at Durgapur Steel Plant,2115,0,323.48,45,30-06-2027,,09-07-2024
1504,Steel,Ministry of Steel,Steel Authority of India Limited [SAIL],400174,"New Sinter Plant at BSL, SAIL",1034,1752.3,929.04,53,31-10-2017,30-06-2027,30-03-2015
1505,Steel,Ministry of Steel,National Mineral Development Corporation Limited [NMDC],706811,NMDC Slurry Pipeline Project Phase-1,2907,5427,3362.98,91,30-06-2023,31-03-2026,10-11-2015
1506,Steel,Ministry of Steel,Steel Authority of India Limited [SAIL],612781,Rebuilding of COB 4 at Durgapur Steel Plant,917,0,169.02,31,08-12-2026,,11-09-2023
1507,Steel,Ministry of Steel,Steel Authority of India Limited [SAIL],617257,Rebuilding of Coke Oven Battery No.6 at Bokaro Steel Plant,627,0,212.54,55,15-11-2026,,15-11-2023
1508,Steel,Ministry of Steel,Steel Authority of India Limited [SAIL],617256,Rebuilding of Coke Oven Battery No.7 & 8 at Bhilai Steel Plant,884,0,568.32,84,31-10-2025,31-03-2026,30-11-2023
1509,Steel,Ministry of Steel,Steel Authority of India Limited [SAIL],617255,"Replacement of Converter Vessels, Trunnion Rings, Support System & Installation of Secondary Emission at Bhilai Steel Plant",472,0,198.89,57,14-06-2026,,31-10-2023
1510,Steel,Ministry of Steel,Steel Authority of India Limited [SAIL],617249,Replacement of existing Grinders in CRM-I & II at Bokaro Steel Plant,212,0,23.4,24,27-01-2027,,20-01-2025
1511,Steel,Ministry of Steel,Steel Authority of India Limited [SAIL],617243,Replacement of Hot Leveller No.1 of Plate Mill at Bhilai Steel Plant,199,0,53.11,40,29-07-2026,,26-07-2024
1512,Steel,Ministry of Steel,Steel Authority of India Limited [SAIL],617254,Replacement of remaining 04 sets of Battery Cyclones with 04 Nos. of ESPs in Sinter Plant-1 at Bokaro Steel Plant,260,0,65.74,30,29-06-2026,,28-03-2024
1513,Steel,Ministry of Steel,Steel Authority of India Limited [SAIL],617251,Revamping of Air Pollution Control Systems of SP-1 at Durgapur Steel Plant,196,0,31.28,9,27-05-2026,,11-07-2024
1514,Steel,Ministry of Steel,Steel Authority of India Limited [SAIL],617253,Revamping of old sub-systems of Blast Furnace 3 at Bokaro Steel Plant,514,0,381.45,84,03-07-2025,30-05-2026,09-08-2023
1515,Steel,Ministry of Steel,National Mineral Development Corporation Limited [NMDC],709826,SCREENING PLANT-III AT KIRANDUL,2719,0,1430.03,80,31-01-2026,31-07-2027,31-01-2009
1516,Steel,Ministry of Steel,Steel Authority of India Limited [SAIL],617250,Secondary Emission Control in Converters of SMS-II at Bokaro Steel Plant,207,0,22.94,14,25-10-2026,,20-01-2025
1517,Steel,Ministry of Steel,Steel Authority of India Limited [SAIL],617338,Stamp Charge Battery No.12 Battery Proper at IISCO Steel Plant,2518,0,233.38,15,20-07-2028,,20-01-2025
1518,Steel,Ministry of Steel,Steel Authority of India Limited [SAIL],617248,Third Ladle Furnace in Secondary Refinery Unit at IISCO Steel Plant,228,0,57.21,46,17-07-2026,,16-11-2024
1519,Steel,Ministry of Steel,Steel Authority of India Limited [SAIL],617246,Up-gradation of Blast Furnace No. 3 at Durgapur Steel Plant,758,0,143.53,12,07-06-2026,,09-09-2024
1520,Telecommunication,Department of Telecommunications,Department of Telecommunications [DoT],701600,354 Uncovered Villages Scheme,337,301.13,241.21,100,27-10-2021,31-08-2025,13-12-2019
1521,Telecommunication,Department of Telecommunications,Department of Telecommunications [DoT],701593,4G Services by BSNL,28466,19592,8471.19,97,31-03-2024,31-03-2026,01-11-2020
1522,Telecommunication,Department of Telecommunications,Department of Telecommunications [DoT],704495,"502 Aspirational District Scheme in Four states - Bihar, Madhya Pradesh, Rajastha and Uttar Pradesh",422,228.94,146.22,99,16-03-2022,21-06-2026,
1523,Telecommunication,Department of Telecommunications,Department of Telecommunications [DoT],706775,BharatNet,61109,188000,46431.5,81,31-08-2023,31-03-2027,19-07-2017
1524,Telecommunication,Department of Telecommunications,Department of Telecommunications [DoT],617413,Mobile connectivity in Left Wing Extremism [LWE] affected areas-Phase 1 Upgradation,1885,0,376.8,97,08-05-2025,31-03-2026,27-04-2022
1525,Telecommunication,Department of Telecommunications,Department of Telecommunications [DoT],701599,Mobile connectivity in Left Wing Extremism [LWE] affected areas-Phase2,1578,0,662.54,87,31-03-2023,30-03-2026,
1526,Telecommunication,Department of Telecommunications,BSNL,709856,MPLS-IP BASED ACCESS AND AGGREGATION NETWORK [MAAN] IN BSNL ALONG WITH TEST AND MEASURING EQUIPMENT,645,0,377.59,92,31-08-2024,31-01-2026,31-05-2023
1527,Telecommunication,Department of Telecommunications,BSNL,709749,PHASE-I OF CONSOLIDATION OF EXISTING CDR DATA CENTERS AND NIB-P3 DATA CENTERS WITH STATE OF THE ART,461,0,166.02,81,18-06-2021,31-12-2025,19-03-2020
1528,Telecommunication,Department of Telecommunications,BSNL,709857,"Planning, Engineering, Supply, Installation, Testing, Commissioning, Integration & Annual Maintenance of 4G mobile network at 1 Lakh sites on PAN India basis including Mumbai & Delhi LSA on turnkey basis under Phase IX.2 Project.",24545,0,8472.04,97,21-06-2025,31-03-2026,08-05-2023
1529,Telecommunication,Department of Telecommunications,Department of Telecommunications [DoT],701602,"Provision of 4G based mobile services in 7,287 uncovered villages of 44 Aspirational District across 5 states of Andhra Pradesh, Chhattisgarh, Jharkhand, Maharashtra & Odisha",3685,0,1342.65,83,19-11-2023,19-05-2026,17-11-2021
1530,Telecommunication,Department of Telecommunications,Department of Telecommunications,701598,Provision of 4G based Mobile Services in Uncovered Villages and National Highways of Meghalaya,972,0,216.36,99,03-03-2022,31-03-2026,19-09-2019
1531,Telecommunication,Department of Telecommunications,Department of Telecommunications,701597,Provision of 4G Mobile Services in Uncovered Villages of Arunachal Pradesh and 2 Districts of Assam,1255,0,299.42,99,30-04-2023,31-03-2026,09-12-2020
1532,Telecommunication,Department of Telecommunications,Department of Telecommunications [DoT],400013,Saturation 4G mobile coverage of Uncovered Villages through USOF,26316,30620,9791.8,82,20-06-2024,31-03-2026,27-07-2022
1533,Telecommunication,Department of Telecommunications,National Communication Academy - Finance (Erstwhile NICF),709859,SETTING UP OF PHYSICAL INFRASTRUCTURE FOR THE NATIONAL INSTITUTE OF COMMUNICATION FINANCE [NICF] AT GHITORNI,248,0,236.91,98,17-02-2020,30-06-2026,09-10-2014
1534,"Tourism, Hospitality & Wellness","Ministry of Ports, Shipping and Waterways",Indian Port Rail & Ropeway Corporation Ltd. [IPRCL],707215,National Maritime Heritage Complex [NMHC] Phase-I,573,1238.05,545.51,73,31-03-2024,31-03-2026,22-02-2019
1535,Transmission & Distribution,Ministry of Power,Power Grid Corporation of India Limited [POWERGRID],615337,Additional Transmission System for evacuation of Power from Bhadla-III PS as part of Rajasthan REZ Phase III Scheme [20 GW] [SPV Name POWERGRID Bhadla-III Power Transmission Limited],369,0,136.6,45,27-02-2026,31-03-2026,28-08-2024
1536,Transmission & Distribution,Ministry of Power,Power Grid Corporation of India Limited [POWERGRID],617181,"Augmentation at Fatehgarh-II PS, Fatehgarh-IV PS [Section-II] and Barmer-I PS [POWERGRID Fatehgarh Barmer Augmentation Transmission Limited]",404,0,21.04,3,20-12-2026,31-03-2027,21-03-2025
1537,Transmission & Distribution,Ministry of Power,Power Grid Corporation of India Limited [POWERGRID],612856,Augmentation of 1x1500 MVA 3rd 765/400 kV transformation capacity at Kurnool New Substation,164,0,134.08,83,26-09-2025,31-03-2026,01-05-2023
1538,Transmission & Distribution,Ministry of Power,Power Grid Corporation of India Limited [POWERGRID],619028,Augmentation of 1x500 MVA 400/220kV ICT [3rd] at Thrissur VSC HVDC Station in Kerala,173,0,0.9,0,21-08-2027,,21-08-2025
1539,Transmission & Distribution,Ministry of Power,Power Grid Corporation of India Limited [POWERGRID],617182,Augmentation of Banaskantha [Raghanesda] PS [GIS] [POWERGRID Banaskantha Transco Limited],172,0,25.8,21,23-03-2027,,24-03-2025
1540,Transmission & Distribution,Ministry of Power,Power Grid Corporation of India Limited [POWERGRID],617802,Augmentation of Transformation Capacity and Implementation of Line Bays at Mandsaur S/S for RE Interconnection [SPV Name- POWERGRID Mandsaur I RE Transmission Limited],319,0,7.36,1,30-03-2028,,08-10-2025
1541,Transmission & Distribution,Ministry of Power,Power Grid Corporation of India Limited [POWERGRID],617391,Augmentation of Transformation Capacity at Bhuj-II PS [GIS],488,0,2.44,0,23-11-2026,31-03-2027,24-02-2025
1542,Transmission & Distribution,Ministry of Power,Power Grid Corporation of India Limited [POWERGRID],615342,Augmentation of Transformation Capacity at jam Khambhaliya PS [GIS] [SPV Name POWERGRID Jam Khambhaliya Transmission Limited],329,0,14.8,6,14-07-2026,,15-10-2024
1543,Transmission & Distribution,Ministry of Power,Power Grid Corporation of India Limited [POWERGRID],617069,Augmentation of Transformation Capacity at KPS1 [GIS] and KPS2 [GIS] [Phase-V Part B1 and Part B2 Scheme] [SPV Name- POWERGRID KPS1 and 2 Augmentation Transmission Limited],466,0,27.96,2,17-02-2027,,18-02-2025
1544,Transmission & Distribution,Ministry of Power,Power Grid Corporation of India Limited [POWERGRID],617068,"Augmentation of Transformation Capacity by 3x500 MVA, 400/220 KV ICTS [6th-8th] and 1x1500 MVA, 765/400 KV ICT [4th] at Bidar PS [SPV Name- POWERGRID Bidar Augmentation Transmission Limited]",288,0,8,4,30-06-2027,,18-02-2025
1545,Transmission & Distribution,Ministry of Power,Power Grid Corporation of India Limited [POWERGRID],602223,Comprehensive Scheme for Strengthening of Transmission and Distribution [T&D] Systems [CSST&DS] in Arunachal Pradesh and Sikkim,4754,9129.32,7904.16,83,19-12-2018,31-03-2027,14-10-2014
1546,Transmission & Distribution,Ministry of Power,Power Grid Corporation of India Limited [POWERGRID],617271,Eastern Region Expansion Scheme-43 [ERES-43],343,0,41.22,9,01-03-2026,30-06-2026,02-09-2024
1547,Transmission & Distribution,Ministry of Power,Power Grid Corporation of India Limited [POWERGRID],617270,Eastern Region Expansion Scheme-44 [ERES-44],409,0,2.04,0,24-05-2026,31-03-2027,25-11-2024
1548,Transmission & Distribution,Ministry of Power,Power Grid Corporation of India Limited [POWERGRID],617272,Implementation of LILO of both circuits of 400KV vindhyachal PS-Sasan D/C Line at Hindalco Switchyard,370,0,24.05,6,06-12-2026,,07-06-2024
1549,Transmission & Distribution,Ministry of Power,Power Grid Corporation of India Limited [POWERGRID],617326,Implementation of Transmission Systems in the State of Jharkhand consisting of 400/220/132/33 kV transmission lines and substations under Jharkhand Consultancy Project,1842,0,1648.05,95,31-03-2026,31-08-2026,24-02-2012
1550,Transmission & Distribution,Ministry of Power,Power Grid Corporation of India Limited [POWERGRID],617807,Inter-regional [NR-WR] Transmission System strengthening to relieve the loading of 765 kV Vindhyachal-Varanasi D/c line,2368,0,19.41,1,16-10-2027,,16-10-2025
1551,Transmission & Distribution,Ministry of Power,Power Grid Corporation of India Limited [POWERGRID],619030,Inter-Regional Strengthening between SR Grid and ER Grid,2722,0,0,0,03-08-2028,,03-02-2026
1552,Transmission & Distribution,Ministry of Power,Power Grid Corporation of India Limited [POWERGRID],617808,Inter-Regional Strengthening between SR Grid and WR Grid,1007,0,10.07,1,17-10-2027,,17-10-2025
1553,Transmission & Distribution,Ministry of Power,Adani Transmission Limited,617405,Jamnagar Transmission Limited,4000,0,268,16,14-10-2026,,
1554,Transmission & Distribution,Ministry of Power,Adani Transmission Limited,619049,Khavda IVA Power Transmission Limited,4500,0,1876.33,55,30-08-2026,,30-08-2024
1555,Transmission & Distribution,Ministry of Power,Adani Transmission Limited,619026,KPSIII HVDC Transmission Limited,19000,0,0,0,12-12-2029,,
1556,Transmission & Distribution,Ministry of Power,Adani Transmission Limited,619024,Mahan Transmission Limited,3125,0,50.79,12,25-04-2027,,26-03-2025
1557,Transmission & Distribution,Ministry of Power,Power Grid Corporation of India Limited [POWERGRID],617375,North Eastern Region Expansion Scheme-XXIII [NERES-XXIII],209,0,0.41,0,03-02-2028,,04-08-2025
1558,Transmission & Distribution,Ministry of Power,Power Grid Corporation of India Limited [POWERGRID],607709,NORTH EASTERN REGION POWER SYSTEM IMPROVEMENT PROJECT [NERPSIP],5111,6700,5474.57,96,31-12-2018,31-03-2026,01-12-2014
1559,Transmission & Distribution,Ministry of Power,Power Grid Corporation of India Limited [POWERGRID],615343,Provision of Dynamic Reactive Compensation at Khavda pooling Station 1 [KPS1] and Khavda Pooling station 3 [KPS3],501,0,8.11,3,06-11-2026,,07-11-2024
1560,Transmission & Distribution,Ministry of Power,Power Grid Corporation of India Limited [POWERGRID],617801,Provision of ICT Augmentation & Bus Reactor at Bhuj-II PS,582,0,2.91,0,18-12-2026,31-03-2027,18-03-2025
1561,Transmission & Distribution,Ministry of Power,Adani Transmission Limited,619025,RAJASTHAN PART I POWER TRANSMISSION LIMITED,25000,0,90.05,0,20-07-2029,,20-01-2025
1562,Transmission & Distribution,Ministry of Power,Power Grid Corporation of India Limited [POWERGRID],617186,Rajasthan REZ Ph-V [Part-1- 4 GW] [Sirohi/Nagaur] Complex [Rajasthan V Power Transmission Limited],5028,0,483.69,12,23-03-2027,,24-03-2025
1563,Transmission & Distribution,Ministry of Power,Power Grid Corporation of India Limited [POWERGRID],616672,System Strengthening at Koppal-II and GadagII for integration of RE generation projects [SPV Name POWERGRID Koppal Gadag Augmentation Transmission Limited],1354,0,89.77,8,01-06-2027,,16-01-2025
1564,Transmission & Distribution,Ministry of Power,Power Grid Corporation of India Limited [POWERGRID],400005,Transmission Network Expansion in Gujarat to increase its ATC from ISTS Part B,4546,0,4482.15,96,12-06-2023,31-05-2026,13-01-2022
1565,Transmission & Distribution,Ministry of Power,Power Grid Corporation of India Limited [POWERGRID],617179,Transmission Scheme for evacuation of Power from Ratle HEP [850 MW] & kiru [624 MW] Part B,219,0,2.71,1,14-07-2026,31-03-2027,15-07-2024
1566,Transmission & Distribution,Ministry of Power,Power Grid Corporation of India Limited [POWERGRID],612132,Transmission Scheme for Evacuation of power from REZ in Rajasthan [20 GW] under Phase-III Part D Phase I [Sikar Khetri Transmission Ltd],2000,0,1566.4,78,08-08-2025,30-06-2026,09-02-2024
1567,Transmission & Distribution,Ministry of Power,Power Grid Corporation of India Limited [POWERGRID],617184,Transmission Scheme for integration of Davanagere/ Chitradurga and Bellary REZ in Karnataka [POWERGRID Chitradurga Bellary REZ Transmission Limited],3453,0,75.96,6,20-09-2027,,21-03-2025
1568,Transmission & Distribution,Ministry of Power,Power Grid Corporation of India Limited [POWERGRID],612140,Transmission Scheme for Integration of Renewable Energy Zone [Phase II] in Koppal II [Phase A&B] and gadag II[Phase A] in Karnataka [POWERGRID KOPPAL GADAG TRANSMISSION LIMITED],2889,0,2033.26,72,25-12-2025,30-06-2026,26-12-2023
1569,Transmission & Distribution,Ministry of Power,Power Grid Corporation of India Limited [POWERGRID],611967,Transmission Scheme for Solar Energy Zone in Ananthpuram 2500MW and Kurnool 1000MW,1249,0,1102.46,93,30-09-2025,31-03-2026,27-09-2023
1570,Transmission & Distribution,Ministry of Power,Power Grid Corporation of India Limited [POWERGRID],612138,"Transmission Scheme for Solar Energy Zone in Bidar [2500 MW], Karnataka [Bidar Transmission Ltd]",2148,0,1769.42,82,08-02-2026,30-06-2026,09-02-2024
1571,Transmission & Distribution,Ministry of Power,Power Grid Corporation of India Limited [POWERGRID],612139,Transmission system for Evacuation of Additional 7 GW RE power from Khavda RE park under Phase-III Part B [Vataman Transmission Limited],3752,0,2138.53,42,25-12-2025,31-12-2026,26-12-2023
1572,Transmission & Distribution,Ministry of Power,Power Grid Corporation of India Limited [POWERGRID],617279,Transmission System for evacuation of power from Mahan Energen Limited Generating Station in Madhya Pradesh [SPV Name - POWERGRID MEL Power Transmission Limited],558,0,38.66,2,04-12-2027,,04-06-2025
1573,Transmission & Distribution,Ministry of Power,Power Grid Corporation of India Limited [POWERGRID],612855,Transmission System for Evacuation of Power from Potential Energy Renewable Zone in Khavda Area of Gujarat under Ph-IV [7GW] Part E2,679,0,239.34,36,30-05-2026,30-06-2026,30-05-2024
1574,Transmission & Distribution,Ministry of Power,Power Grid Corporation of India Limited [POWERGRID],611966,Transmission System for Evacuation of power from Potential RE Zone in Khavda Area of Gujarat under phase IV 7GW-Part E4,224,0,121.18,63,09-07-2025,31-03-2026,01-11-2023
1575,Transmission & Distribution,Ministry of Power,Power Grid Corporation of India Limited [POWERGRID],612151,Transmission System for Evacuation of Power from potential Renewable Energy zone in Khavda Area of Gujarat under Phase IV [7 GW] Part E3,334,0,256.07,82,31-07-2025,31-03-2026,01-07-2023
1576,Transmission & Distribution,Ministry of Power,Power Grid Corporation of India Limited [POWERGRID],615345,Transmission System for Evacuation of Power from Potential Renewable Energy Zone in Khavda area of Gujarat under Phase-IV [7GW] Part B [SPV Name POWERGRID South Olpad Transmission Limited],4766,0,1121.91,13,14-10-2026,31-03-2027,15-10-2024
1577,Transmission & Distribution,Ministry of Power,Power Grid Corporation of India Limited [POWERGRID],615347,TRANSMISSION SYSTEM FOR EVACUATION OF POWER FROM POTENTIAL RENEWABLE ENERGY ZONE IN KHAVDA AREA OF GUJARAT UNDER PHASE-V [8 GW] PART A [SPV Name POWERGRID West Central Transmission Limited],24819,0,1985.98,6,18-05-2029,,19-11-2024
1578,Transmission & Distribution,Ministry of Power,Power Grid Corporation of India Limited [POWERGRID],615338,TRANSMISSION SYSTEM FOR EVACUATION OF POWER FROM RAJASTHAN REZ PH -IV [PART-2 5.5 GW] [JAISALMER/BARMER COMPLEX] PART F [SPV Name POWERGRID BARMER I TRANSMISSION LIMITED],2735,0,803.26,24,06-11-2026,30-06-2027,07-11-2024
1579,Transmission & Distribution,Ministry of Power,Power Grid Corporation of India Limited [POWERGRID],612134,Transmission System for Evacuation of power from Rajasthan REZ Ph-IV [Part-1] [Bikaner Complex] Part A [Bikaner Neemrana Transmission Ltd],2998,0,2248.75,64,26-12-2025,30-06-2026,27-12-2023
1580,Transmission & Distribution,Ministry of Power,Power Grid Corporation of India Limited [POWERGRID],612133,Transmission System for Evacuation of power from Rajasthan REZ Ph-IV [Part-1] [Bikaner Complex] Part D [Neemrana Bareilly Transmission Ltd],2056,0,1685.92,68,26-12-2025,30-06-2026,27-12-2023
1581,Transmission & Distribution,Ministry of Power,Power Grid Corporation of India Limited [POWERGRID],615346,Transmission System for Evacuation of Power from Rajasthan REZ Ph-IV [Part-2 5.5 GW] [Jaisalmer/Barmer Complex] Part C [SPV Name POWERGRID Mandsaur Transmission Limited],2708,0,1137.36,48,18-08-2026,31-12-2026,19-08-2024
1582,Transmission & Distribution,Ministry of Power,Power Grid Corporation of India Limited [POWERGRID],615333,Transmission System for Evacuation of Power from Rajasthan REZ Ph-IV [Part-2 5.5 GW] [Jaisalmer/Barmer Complex] Part D [SPV Name POWERGRID Beawar Mandsaur Transmission Limited],2227,0,913.07,31,21-08-2026,,22-08-2024
1583,Transmission & Distribution,Ministry of Power,Power Grid Corporation of India Limited [POWERGRID],615334,Transmission System for Evacuation of Power from Rajasthan REZ Ph-IV [Part-2 5.5 GW] [Jaisalmer/Barmer Complex] Part E [SPV Name POWERGRID Mewar Transmission Limited],3251,0,1560.48,33,18-08-2026,31-03-2027,19-08-2024
1584,Transmission & Distribution,Ministry of Power,Power Grid Corporation of India Limited [POWERGRID],615332,Transmission System for Evacuation of Power from Rajasthan REZ Ph-IV [Part-2 5.5 GW][Jaisalmer/Barmer Complex] Part B [SPV Name POWERGRID Sirohi Transmission Limited],3279,0,1393.24,37,22-08-2026,31-12-2026,23-08-2024
1585,Transmission & Distribution,Ministry of Power,Power Grid Corporation of India Limited [POWERGRID],615344,Transmission System for Evacuation of Power from Rajasthan REZ Ph-IV [Part-2 5.5GW] [Jaisalmer/Barmer Complex] Part H1 [POWERGRID KURAWAR TRANSMISSION LIMITED],3674,0,1253.56,26,14-10-2026,31-03-2027,15-10-2024
1586,Transmission & Distribution,Ministry of Power,Power Grid Corporation of India Limited [POWERGRID],615340,TRANSMISSION SYSTEM FOR EVACUATION OF POWER FROM RAJASTHAN REZ PH-IV [PART-3/ 6 GW] [BIKANER COMPLEX] PART B [SPV Name POWERGRID Siwani Transmission Limited],5357,0,878.54,23,11-11-2026,31-03-2027,12-11-2024
1587,Transmission & Distribution,Ministry of Power,Power Grid Corporation of India Limited [POWERGRID],615339,Transmission system for evacuation of power from Rajasthan REZ Ph-IV [Part-3/6GW] [Bikaner complex] Part A [SPV Name POWERGRID Bikaner IV Transmission Limited],5969,0,1049.35,16,11-11-2026,31-03-2027,12-11-2024
1588,Transmission & Distribution,Ministry of Power,Power Grid Corporation of India Limited [POWERGRID],616670,Transmission System for evacuation of Power from Rajasthan REZ Ph-IV [Part-4 3.5 GW] Part A [SPV name POWERGRID Ghiror Transmission Limited],5846,0,893.85,18,30-12-2026,31-03-2027,30-12-2024
1589,Transmission & Distribution,Ministry of Power,Power Grid Corporation of India Limited [POWERGRID],611950,Transmission system for evacuation of power from REZ in Rajasthan 20 GW under Phase-III part B1,2191,0,2139.44,99,30-04-2025,28-02-2026,27-09-2023
1590,Transmission & Distribution,Ministry of Power,Power Grid Corporation of India Limited [POWERGRID],611949,Transmission system for evacuation of power from REZ in Rajasthan 20 GW under Phase-III part C1,1796,0,1652.33,96,30-04-2025,31-05-2026,26-10-2023
1591,Transmission & Distribution,Ministry of Power,Power Grid Corporation of India Limited [POWERGRID],611948,Transmission system for evacuation of power from REZ in Rajasthan 20 GW under Phase-III part H,2211,0,2087.01,95,30-04-2025,31-03-2026,30-10-2023
1592,Transmission & Distribution,Ministry of Power,Power Grid Corporation of India Limited [POWERGRID],611947,Transmission System for Evacuation of Power from REZ in Rajasthan 20GW under Phase III- Part E2,428,0,351.21,84,15-06-2025,31-03-2026,01-11-2023
1593,Transmission & Distribution,Ministry of Power,Power Grid Corporation of India Limited [POWERGRID],611951,Transmission system for evacuation of power from REZ in Rajasthan 20GW under Phase-III Part E1,689,0,685.98,99,28-02-2025,28-02-2026,01-12-2021
1594,Transmission & Distribution,Ministry of Power,Power Grid Corporation of India Limited [POWERGRID],611735,Transmission system for evacuation of power from REZ in Rajasthan 20GW under Phase-III Part J,331,0,151.73,42,31-03-2025,31-07-2026,01-12-2022
1595,Transmission & Distribution,Ministry of Power,Sterlite Power,617806,Transmission System for Integration of Ananthapur 2 REZ Phase 1 for 4.5 GW. SPV Name Anantapuram 2 REZ Transmission Ltd,4536,0,401.57,32,30-03-2027,,23-08-2024
1596,Transmission & Distribution,Ministry of Power,Power Grid Corporation of India Limited [POWERGRID],617185,Transmission System for Integration of Kurnool-IV REZ Phase-I [for 4.5 GW] [POWERGRID Kurnool-IV Transmission Limited],5550,0,787,9,23-03-2027,,24-03-2025
1597,Transmission & Distribution,Ministry of Power,Power Grid Corporation of India Limited [POWERGRID],900808,Transmission System for Kurnool Wind Energy Zone/ Solar Energy Zone Part-A and Part-B,3547,0,3476,99,30-11-2024,31-03-2026,23-11-2022
1598,Transmission & Distribution,Ministry of Power,Power Grid Corporation of India Limited [POWERGRID],619029,Transmission System for Reliable Power Supply to Dholera,319,0,12.8,6,02-03-2026,,02-09-2024
1599,Transmission & Distribution,Ministry of Power,Power Grid Corporation of India Limited [POWERGRID],617269,Transmission System for Strengthening to facilitate evacuation of power from Bhadla/Bikaner Complex,213,0,2.13,1,09-06-2026,31-08-2026,10-12-2024
1600,Transmission & Distribution,Ministry of Power,Power Grid Corporation of India Limited [POWERGRID],617803,Transmission System Strengthening at Davanagere for Integration of RE Generation [SPV Name - POWERGRID Davanagere Power Transmission Limited],379,0,14.81,1,24-09-2027,,24-09-2025
1601,Transmission & Distribution,Ministry of Power,Power Grid Corporation of India Limited [POWERGRID],617183,Transmission system strengthening at Kurnool- III PS for integration of additional RE generation projects [POWERGRID Kurnool III PS RE Transmission Limited],2886,0,197.4,12,31-12-2027,,27-03-2025
1602,Transmission & Distribution,Ministry of Power,Power Grid Corporation of India Limited [POWERGRID],615335,Transmission System Strengthening for Interconnections of Bhadla-III & Bikaner III Complex [SPV Name POWERGRID BHADLA BIKANER TRANSMISSION LIMITED],1382,0,332.92,21,29-08-2026,31-12-2026,30-08-2024
1603,Transmission & Distribution,Ministry of Power,Power Grid Corporation of India Limited [POWERGRID],616671,Transmission System under ISTS for evacuation of Power from Kudankulam Unit-3&4 [2x1000 MW] [SPV Name POWERGRID Kudankulam Tarnsmission Limited],548,0,111.13,14,31-12-2026,31-12-2026,10-01-2025
1604,Transmission & Distribution,Ministry of Power,Adani Transmission Limited,619027,WRNES Talegaon Power Transmission Limited,2000,0,0,5,01-01-2028,,
1605,Urban Public Transport,Ministry of Housing & Urban Affairs,Uttar Pradesh metro rail corporation [UPMRC],702629,Agra Metro Rail Project,8380,0,6067.18,67,26-05-2024,30-06-2027,27-05-2019
1606,Urban Public Transport,Ministry of Housing & Urban Affairs,Gujarat Metro Rail Corporation Limited [GMRCL],702639,Ahmedabad Metro Rail Project [Phase-I],10773,12924.5,12330.3,99,31-03-2018,31-01-2026,17-11-2014
1607,Urban Public Transport,Ministry of Housing & Urban Affairs,Gujarat Metro Rail Corporation Limited [GMRCL],702631,"Ahmedabad Metro Rail Project, Phase-II",5384,0,4960.02,100,31-03-2024,31-12-2025,09-03-2019
1608,Urban Public Transport,Ministry of Housing & Urban Affairs,Madhya Pradesh Metro Rail Co Limited [MPMRCL],702625,Bhopal Metro Rail Project,6941,0,3948.31,53,29-11-2022,30-06-2028,30-11-2018
1609,Urban Public Transport,Ministry of Housing & Urban Affairs,Chennai Metro Rail Limited [CMRL],702668,Chennai Metro Rail Phase-II Development Project,63246,0,30721.6,48,31-08-2029,,18-10-2024
1610,Urban Public Transport,Ministry of Housing & Urban Affairs,Bengaluru Metro Rail,702665,Construction Bangalore Metro Rail Project Phase-2A & 2B,14788,14788.1,9394.4,61,30-06-2026,30-06-2026,07-06-2021
1611,Urban Public Transport,Ministry of Housing & Urban Affairs,Bengaluru Metro Rail,702635,Construction of Bangalore Metro Rail Project Phase 2.,26405,30695.1,29718,95,22-03-2021,30-09-2026,21-02-2014
1612,Urban Public Transport,Ministry of Housing & Urban Affairs,Delhi Metro Rail Corporation Limited [DMRC],619031,Delhi Metro Rail Phase V A,12015,0,2.07,0,31-12-2028,,07-01-2026
1613,Urban Public Transport,Ministry of Housing & Urban Affairs,Delhi Metro Rail Corporation Limited [DMRC],617207,Delhi Metro Rail Phase-IV [2 Corridors],8400,0,67.42,0,27-03-2029,,28-03-2024
1614,Urban Public Transport,Ministry of Housing & Urban Affairs,Delhi Metro Rail Corporation Limited [DMRC],617206,Delhi Metro Rail Phase-IV [Rithala - Kundli Corridor],6231,0,72.51,0,02-01-2029,,03-01-2025
1615,Urban Public Transport,Ministry of Housing & Urban Affairs,National Capital Region Transport Corporation [NCRTC],702633,Delhi-Ghaziabad-Meerut Regional Rapid Transit System [RRTS] corridor,30274,30274,27465.3,96,30-06-2025,21-02-2026,07-03-2019
1616,Urban Public Transport,Ministry of Housing & Urban Affairs,Delhi Metro Rail Corporation Limited [DMRC],702632,DMRTS Phase - IV [3 Priority Corridors],24949,0,18768.4,75,31-03-2025,31-03-2026,04-07-2019
1617,Urban Public Transport,Ministry of Housing & Urban Affairs,Madhya Pradesh Metro Rail Co Limited [MPMRCL],702626,Indore Metro Rail Project,7501,0,4547.78,60,29-11-2022,31-12-2028,30-11-2018
1618,Urban Public Transport,Ministry of Housing & Urban Affairs,ministry of housing and urban affairs,701991,Kalyan Station Precinct Imporvement Project,600,0,272.42,70,31-07-2023,,24-04-2018
1619,Urban Public Transport,Ministry of Housing & Urban Affairs,Uttar Pradesh metro rail corporation [UPMRC],702628,Kanpur Metro Rail Project,11076,0,9093.53,79,26-05-2024,31-03-2027,27-05-2019
1620,Urban Public Transport,Ministry of Housing & Urban Affairs,CSPCC Projects,702664,Kochi Metro Rail Phase 2 Development Project,1957,0,567.33,27,20-11-2026,20-11-2026,21-11-2022
1621,Urban Public Transport,Ministry of Housing & Urban Affairs,Uttar Pradesh metro rail corporation [UPMRC],619052,LUCKNOW METRO RAIL PROJECT PHASE-1B EAST WEST CORRIDOR,5801,0,0,0,30-04-2031,,03-09-2025
1622,Urban Public Transport,Ministry of Housing & Urban Affairs,Gurugram Metro Rail Limited (GMRL),619022,"Metro connectivity from Millennium City Centre to Cyber City with Spur to Dwarka Expressway, Gurugram.",5453,0,92.12,0,06-07-2027,,06-07-2023
1623,Urban Public Transport,Ministry of Housing & Urban Affairs,Mumbai Metro Rail Corporation Limited [MMRC],702637,Mumbai Metro Line 3,23136,37276,32732.8,97,31-03-2023,31-08-2025,18-07-2013
1624,Urban Public Transport,Ministry of Housing & Urban Affairs,Maharashtra Metro Rail Corporation Limited [MMRCL],702658,Nagpur Metro Rail Phase II Development Project,6708,0,1530.96,33,31-12-2027,,29-12-2022
1625,Urban Public Transport,Ministry of Housing & Urban Affairs,ministry of housing and urban affairs,701745,New Suburba Station Development Project,263,0,17.62,6,31-07-2022,,26-04-2018
1626,Urban Public Transport,Ministry of Housing & Urban Affairs,Patna Metro Rail Corporation Ltd. [PMRCL],702627,Patna Metro Rail Project,13366,13365.8,4670.21,48,26-02-2024,30-06-2027,27-02-2019
1627,Urban Public Transport,Ministry of Housing & Urban Affairs,Maharashtra Metro Rail Corporation Limited [MMRCL],617225,PCMC To Nigdi- Extension Of North South Corridor Of Phase-1,910,0,218.14,35,31-01-2027,,23-10-2023
1628,Urban Public Transport,Ministry of Housing & Urban Affairs,Maharashtra Metro Rail Corporation Limited [MMRCL],617226,Pune Metro Phase-1 Extension line towards south from Swargate to Katraj,2955,0,26.99,4,04-03-2029,,04-09-2024
1629,Urban Public Transport,Ministry of Housing & Urban Affairs,Maharashtra Metro Rail Corporation Limited [MMRCL],618971,Pune Metro Rail Project Phase-2 Corridor 2A Vanaz to Chandani Chowk and Corridor 2B Ramwadi to Wagholi/Vitthalwadi,3626,0,0.63,0,31-07-2029,,16-07-2025
1630,Urban Public Transport,Ministry of Housing & Urban Affairs,Maharashtra Metro Rail Corporation Limited [MMRCL],618985,Pune Metro Rail Project Phase-2 Line-4 Kharadi to Khadakwasla with Spur Line 4A Nal Stop - Warje - Manikbaug,9858,0,0.09,0,31-12-2030,,16-12-2025
1631,Urban Public Transport,Ministry of Housing & Urban Affairs,Gujarat Metro Rail Corporation Limited [GMRCL],702630,Surat Metro Rail Project,12020,0,8371.28,76,31-03-2024,30-06-2026,09-03-2019
1632,Urban Public Transport,Ministry of Housing & Urban Affairs,Maharashtra Metro Rail Corporation Limited [MMRCL],617327,Thane Integral Ring Metro Rail Project,12200,0,9.23,5,30-09-2029,,04-09-2024
1633,Waste & Water,"Department of Water Resources, River Development & GR",National Mission for Clean Ganga,616594,Interception & Diversion with Rehabilitation of sewerage scheme at Agra under Hybrid annuity based PPP model-Namami Gange Programme,842,0,208.64,79,30-04-2025,31-12-2026,06-05-2020
1634,Waste & Water,"Department of Water Resources, River Development & GR",National Mission for Clean Ganga,616600,Interception and Diversion and STP works in Bhagalpur under Hybrid annuity based PPP mode-Namami Gange Programme,413,0,126.67,97,06-02-2025,31-12-2026,12-10-2017
1635,Waste & Water,"Department of Water Resources, River Development & GR",National Mission for Clean Ganga,616604,Pollution Abatement works for River Ganga at Hooghly Chinsurah- Municipal Town Interception & Diversion with STP,155,0,96.17,93,30-03-2025,31-08-2026,10-05-2018
1636,Waste & Water,"Department of Water Resources, River Development & GR",National Mission for Clean Ganga,616605,Pollution Abatement Works for River Kali Meerut under Meerut Municipality Interception & Diversion with STP,691,0,34.79,45,31-12-2024,11-05-2027,06-05-2020
1637,Waste & Water,"Department of Water Resources, River Development & GR",National Mission for Clean Ganga,616612,Sewage Treatment Plant 50MLD and Sewerage Network 150 km in Kankarbagh-Patna under Hybrid annuity based PPP mode-Namami Gange Programme,579,0,171.79,54,30-12-2025,,11-08-2017
1638,Waste & Water,"Department of Water Resources, River Development & GR",National Mission for Clean Ganga,616611,Sewage Treatment Plant 100MLD and Sewerage Network 288 km in Digha-Patna under Hybrid annuity based PPP mode-Namami Gange Programme,824,0,396.71,56,30-12-2025,,11-08-2017
1639,Waste & Water,"Department of Water Resources, River Development & GR",National Mission for Clean Ganga,616615,"Sewer Network, SPS and STP at Begusarai",230,0,261.82,97,30-04-2025,31-12-2025,08-03-2010
1640,Waste & Water,"Department of Water Resources, River Development & GR",National Mission for Clean Ganga,616616,"Sewer Networks, SPS and STP at Hajipur",305,0,346.46,95,30-06-2025,31-12-2025,08-03-2010
1641,Waste & Water,Ministry of Housing & Urban Affairs,Ministry of Housing & Urban Affairs,702764,24/7 water supply under AMRUT for Davanagere,175,0,93.18,65,31-03-2023,31-03-2026,18-11-2016
1642,Waste & Water,Ministry of Housing & Urban Affairs,Ministry of Housing & Urban Affairs,702746,Augmentation and Strenghthning of Urban Water Supply Phase 1 - SAAP 3,278,0,186.5,79,31-03-2023,30-03-2026,02-02-2017
1643,Waste & Water,Ministry of Housing & Urban Affairs,Ministry of Housing & Urban Affairs,702760,Belgavi Improvement in Sewerage System Project,163,0,85.71,80,31-07-2023,31-03-2026,15-12-2015
1644,Waste & Water,Ministry of Housing & Urban Affairs,Ministry of Housing & Urban Affairs,702741,Dhanbad Water Supply Infrastructure Project,217,0,129.16,74,31-03-2023,31-03-2026,02-02-2017
1645,Waste & Water,Ministry of Housing & Urban Affairs,Ministry of Housing & Urban Affairs,702674,"ESR - 8 nos., distribution system - 216 Km, new house service connections - 38760 nos. upgrading of feeder mains, pumping station etc. - Phase II",172,0,88.86,82,31-03-2023,30-03-2026,02-02-2017
1646,Waste & Water,Ministry of Housing & Urban Affairs,Ministry of Housing & Urban Affairs,702793,Indore Water Supply Infrastructure Project,287,0,252.5,99,31-03-2023,30-03-2026,21-12-2016
1647,Waste & Water,Ministry of Housing & Urban Affairs,Ministry of Housing & Urban Affairs,702798,Jabalpur Sewerage Management and Treatment Infrastructure Project,362,0,324.79,96,31-03-2023,30-03-2026,18-10-2018
1648,Waste & Water,Ministry of Housing & Urban Affairs,Ministry of Housing & Urban Affairs,703021,Jalandhar Water Supply Infrastructure Project,259,266.64,161.02,58,28-08-2023,31-03-2026,18-11-2016
1649,Waste & Water,Ministry of Housing & Urban Affairs,Ministry of Housing & Urban Affairs,702948,Jaunpur Sewerage Management Infrastructure Project,236,0,221.27,100,30-06-2023,31-03-2026,15-03-2017
1650,Waste & Water,Ministry of Housing & Urban Affairs,Ministry of Housing & Urban Affairs,702949,Jhansi Water Supply Infrastructure Phase-II Project,562,0,485.91,93,31-07-2023,31-03-2026,15-03-2017
1651,Waste & Water,Ministry of Housing & Urban Affairs,Ministry of Housing & Urban Affairs,702833,Kalyan-Dombivali Water Supply Infrastructure Project,194,0,136.56,75,31-10-2023,31-03-2026,08-07-2016
1652,Waste & Water,Ministry of Housing & Urban Affairs,Ministry of Housing & Urban Affairs,702840,Mira-Bhayandar Water Supply Infrastructure Project,205,0,186.13,99,31-03-2023,30-03-2026,18-11-2016
1653,Waste & Water,Ministry of Housing & Urban Affairs,Ministry of Housing & Urban Affairs,702699,Muzaffarpur Storm Water Drainage Phase-I Project,159,0,93.35,84,31-10-2023,30-03-2026,18-11-2016
1654,Waste & Water,Ministry of Housing & Urban Affairs,Ministry of Housing & Urban Affairs,703057,Patiala Water Supply Infrastructure Part-2 Project,287,0,213.64,99,31-10-2023,31-03-2026,18-11-2016
1655,Waste & Water,Ministry of Housing & Urban Affairs,Ministry of Housing & Urban Affairs,702851,Pune Water Supply Infrastructure Project,236,0,184.98,95,31-03-2023,31-03-2026,15-03-2017
1656,Waste & Water,Ministry of Housing & Urban Affairs,Ministry of Housing & Urban Affairs,702742,SAAP-3 Water Supply Infrastructure SAAP-3 Project,159,0,87.5,66,31-10-2023,30-03-2026,02-02-2017
1657,Waste & Water,Ministry of Housing & Urban Affairs,Ministry of Housing & Urban Affairs,702808,Satna Sewerage Management and Treatment Infrastructure Project,192,215.89,192.79,90,31-03-2024,31-03-2026,13-11-2015
1658,Waste & Water,Ministry of Housing & Urban Affairs,Ministry of Housing & Urban Affairs,702734,Sewerage Management Scheme Part-3 Implementation,278,0,218.89,88,30-09-2023,31-03-2026,15-03-2017
1659,Waste & Water,Ministry of Housing & Urban Affairs,Ministry of Housing & Urban Affairs,702735,Sewerage Management Scheme Part-3 Implementation,213,0,168.14,91,31-03-2023,30-03-2026,15-03-2017
1660,Waste & Water,Ministry of Housing & Urban Affairs,Ministry of Housing & Urban Affairs,702810,Singrauli Sewerage Management and Treatment Infrastructure Project,402,438.1,357.68,90,31-03-2023,31-03-2026,26-05-2016
1661,Waste & Water,Ministry of Housing & Urban Affairs,Ministry of Housing & Urban Affairs,702854,Solapur Sewerage Management Infrastructure Project,180,0,166.32,98,31-03-2023,31-03-2026,15-03-2017
1662,Waste & Water,Ministry of Housing & Urban Affairs,ministry of housing and urban affairs,702355,Storm water drainag Development Project,210,0,0,20,20-03-2024,,18-08-2020
1663,Waste & Water,Ministry of Housing & Urban Affairs,ministry of housing and urban affairs,707267,Upgradation of Sewerage system in Gandhinagar City,200,0,100,10,30-06-2023,,22-07-2020
1664,Water Resources,"Department of Water Resources, River Development & GR",Department of water resources-MH - II,701391,Aruna Medium Irrigation Project,210,1472.14,1705.83,97,31-12-2019,31-12-2025,01-04-2009
1665,Water Resources,"Department of Water Resources, River Development & GR",Water Resources-MP,400116,Bargi Diversion Project Phase - III [km. 104 to km 154],1229,1399.7,2068.79,80,31-12-2019,31-03-2026,01-04-2007
1666,Water Resources,"Department of Water Resources, River Development & GR",Water Resources-MP,400115,Bargi Diversion Project Phase - IV [km. 154 to km 197],751,893.35,783.1,75,31-12-2019,31-03-2026,01-04-2008
1667,Water Resources,"Department of Water Resources, River Development & GR",Department of Water Resources-MH,617422,Bodwad Parisar Sinchan Yojna,1924,0,1770.13,49,31-07-2027,,10-05-2002
1668,Water Resources,"Department of Water Resources, River Development & GR","Department of Water Resources, River Development & GR",701370,Borolia Irrigation Project,256,0,44.7,55,31-12-2022,31-03-2026,01-04-1996
1669,Water Resources,"Department of Water Resources, River Development & GR",Department of water resources-MH - II,400095,Gosikhurd CADWM Project,744,0,410.42,52,31-12-2019,30-06-2026,01-04-2017
1670,Water Resources,"Department of Water Resources, River Development & GR",Department of water resources-MH - II,701386,Gosikhurd Project,7196,12770.1,13966.2,72,31-12-2019,30-06-2028,01-04-2008
1671,Water Resources,"Department of Water Resources, River Development & GR",Water Resources-AP,400101,Gundlakamma project,397,697.39,619.46,98,31-12-2019,31-03-2027,01-04-2005
1672,Water Resources,"Department of Water Resources, River Development & GR",Irrigation and CAD-TG,400103,Indiramma Flood Flow Canal Project,1331,5940.09,4491.08,92,31-12-2019,31-12-2026,01-04-2005
1673,Water Resources,"Department of Water Resources, River Development & GR",Water Resources-OR,603945,Integrated Anandpur Barrage Project,567,2990.05,2755.98,62,31-12-2019,30-06-2026,01-04-1997
1674,Water Resources,"Department of Water Resources, River Development & GR",Irrigation and CAD-TG,701405,J. Chokka Rao Devadula Lift Irrigation Scheme,8201,14730,4664.8,87,31-12-2019,31-12-2025,01-04-2006
1675,Water Resources,"Department of Water Resources, River Development & GR",Irrigation-UK,613787,Jamrani Dam Multipurpose Project,2584,0,991.09,21,28-06-2029,,31-10-2023
1676,Water Resources,"Department of Water Resources, River Development & GR",Department of water resources-MH - II,400112,Jigaon Irrigation Project,7223,0,9390.82,91,30-06-2028,,01-04-2017
1677,Water Resources,"Department of Water Resources, River Development & GR",Irrigation and CAD-TG,701404,Kanupur Irrigation Project,989,2301.28,2804.16,79,31-12-2019,30-06-2026,01-04-2003
1678,Water Resources,"Department of Water Resources, River Development & GR",Water Resources-CT,400111,Kelo Irrigation Project,460,727.04,616.93,72,31-12-2019,30-06-2026,01-04-2008
1679,Water Resources,"Department of Water Resources, River Development & GR","Department of Water Resources, River Development & GR",701399,Kudali Irrigation Project,382,0,239.03,86,31-12-2025,31-03-2026,01-04-2009
1680,Water Resources,"Department of Water Resources, River Development & GR",Department of water resources-MH - II,701396,Lower Pedhi Project,256,1480.7,1324.98,65,31-12-2019,30-06-2026,01-04-2008
1681,Water Resources,"Department of Water Resources, River Development & GR",Irrigation & Water Resources-UP,701408,Madhya Ganga canal Phase-II,1061,4417.21,4575.74,82,31-12-2019,31-12-2025,01-04-2008
1682,Water Resources,"Department of Water Resources, River Development & GR","Department of Water Resources, River Development & GR",701395,Morna [Gureghar] Irrigation Project,220,0,115.2,31,31-12-2025,,01-04-2007
1683,Water Resources,"Department of Water Resources, River Development & GR",Department of water resources-MH - II,701398,Nardave Medium Irrigation Project,211,781.85,626.06,72,31-12-2019,30-06-2026,01-04-2009
1684,Water Resources,"Department of Water Resources, River Development & GR","Department of Water Resources, River Development & GR",701412,North Koel Reservoir Project,1622,2430.76,172.97,38,31-03-2021,31-03-2026,01-08-2017
1685,Water Resources,"Department of Water Resources, River Development & GR",Water resource-mp,400096,Omkareshwar CADWM Project,648,648.09,206.06,49,31-12-2019,31-03-2026,01-04-2017
1686,Water Resources,"Department of Water Resources, River Development & GR",Water Resources-AP,701415,Polavaram Irrigation Project,10151,55548.9,25939.1,84,30-04-2022,31-03-2026,20-01-2009
1687,Water Resources,"Department of Water Resources, River Development & GR",Water Resources-BR,400104,Punpun Barrage Project,571,658.12,447.68,44,31-12-2019,31-03-2026,01-04-2007
1688,Water Resources,"Department of Water Resources, River Development & GR",Department of water resources-MH - II,400109,Purna Barrage-2 [Ner Dhamana] Medium Irrigation Project,848,888.43,690.49,69,30-06-2020,30-06-2026,01-04-2017
1689,Water Resources,"Department of Water Resources, River Development & GR",Irrigation and CAD-TG,701406,Rajiv Bhima Lift Irrigation Scheme,1402,2509.66,1839.76,100,31-12-2019,31-03-2026,01-04-2007
1690,Water Resources,"Department of Water Resources, River Development & GR",Department of Water Resources-PB,701410,Relining of Rajasthan feeder and Sirhind Feeder canal,1441,2462.16,2148.33,85,30-06-2021,30-06-2026,03-02-2016
1691,Water Resources,"Department of Water Resources, River Development & GR",Water Resources-AP,400100,Sardar Gouthu Latchanna Thotapalli Barrage Project,353,1023.24,869.11,95,31-12-2019,30-06-2026,01-04-2005
1692,Water Resources,"Department of Water Resources, River Development & GR","Narmada and Water Resources, Water Supply and Kalpsar Department-GJ",400097,Sardar Sarovar CADWM Project,5022,6670.31,4956.98,90,31-12-2019,31-03-2026,01-04-2017
1693,Water Resources,"Department of Water Resources, River Development & GR","Narmada and Water Resources, Water Supply and Kalpsar Department-GJ",701372,Sardar Sarovar Project,20718,33412.5,31860.9,93,31-12-2019,31-03-2026,01-04-1996
1694,Water Resources,"Department of Water Resources, River Development & GR",Irrigation & Water Resources-UP,400093,Saryu Nahar CADWM Project,1673,0,22.24,1,31-12-2019,31-03-2026,01-04-2017
1695,Water Resources,"Department of Water Resources, River Development & GR",Department of Water Resources-PB,701411,Shahpur Kandi Dam Project,2286,2715.7,2184.72,88,30-06-2022,31-10-2025,08-02-2010
1696,Water Resources,"Department of Water Resources, River Development & GR",Irrigation and CAD-TG,400102,Sri Ram Sagar Project Stage - II,736,949.87,940.7,96,31-12-2019,31-03-2026,01-04-2005
1697,Water Resources,"Department of Water Resources, River Development & GR",Department of Water Resources-JH,701376,"Subernarekha Multipurpose Project, Jharkhand",3808,9579.58,5888.13,70,31-12-2019,31-03-2026,01-04-2011
1698,Water Resources,"Department of Water Resources, River Development & GR",Department of water resources-MH - II,400107,Sulwade-Jamphal-Kanoli Lift Irrigation Scheme,2408,0,2619.61,80,30-06-2023,30-06-2027,01-04-2017
1699,Water Resources,"Department of Water Resources, River Development & GR",Water Resources Department-MN,701400,Thoubal Multipurpose Project,1449,1822.24,1837.91,98,31-12-2019,31-03-2026,01-04-1997
1700,Water Resources,"Department of Water Resources, River Development & GR",Water Resources-KA,701377,Upper Tunga Irrigation Project,770,1606.07,1515.6,99,31-12-2019,31-03-2026,01-04-2014
1701,Water Resources,"Department of Water Resources, River Development & GR",Department of water resources-MH - II,400105,Urmodi Irrigation Project,581,895.81,713.46,76,30-06-2022,31-12-2026,01-04-2017
1702,Water Resources,"Department of Water Resources, River Development & GR",Department of water resources-MH - II,701383,Waghur Project,1059,1758.51,1557.73,89,31-12-2019,31-03-2026,01-04-1996
