Sr. No.,Sector Name,Line Ministry,Implementing Agency,Project Code,Project Name,"Original Cost
(in cr.)","Revised Cost
(in cr.)","Expenditure
(in cr.)","Physical Progress
(in %)","Original
Date of Commissioning","Revised
Date of Commissioning",Sanction Date
1,Aviation & Aviation Infrastructure,Ministry of Civil Aviation,Airport Authority of India [AAI],706718,C/o NITB Imphal Airport,499,499,212.17,53,13-07-2024,31-12-2026,01-11-2021
2,Aviation & Aviation Infrastructure,Ministry of Civil Aviation,Airport Authority of India [AAI],701121,Construction of New Domestic Terminal Building at Rajahmundry Airport.,347,0,189.48,96,13-08-2025,25-08-2026,30-12-2022
3,Aviation & Aviation Infrastructure,Ministry of Civil Aviation,Airport Authority of India [AAI],701101,"Construction of New Domestic Terminal Building [Phase-I and II] and other allied structures at JPNI Airport, Patna",1217,1216.9,1203.48,99,31-05-2026,31-08-2026,04-10-2018
4,Aviation & Aviation Infrastructure,Ministry of Civil Aviation,Airport Authority of India [AAI],612788,Construction of New Domestic Terminal Building and Miscellaneous Works at Belagavi Airport.,322,0,240.99,97,01-02-2026,31-08-2026,02-06-2023
5,Aviation & Aviation Infrastructure,Ministry of Civil Aviation,Airport Authority of India [AAI],612787,Construction of New Domestic Terminal Building and Miscellaneous works at Hubli Airport,320,0,169.11,88,21-01-2026,30-09-2026,02-06-2023
6,Aviation & Aviation Infrastructure,Ministry of Civil Aviation,Airport Authority of India [AAI],612786,"Construction of New Domestic Terminal Building Building and miscellaneous works including maintenance, operations and AICMC at Kadapa Airport",266,0,176.38,80,27-01-2026,30-09-2026,10-03-2023
7,Aviation & Aviation Infrastructure,Ministry of Civil Aviation,Airport Authority of India [AAI],701128,Construction of New Integrated Passenger Terminal Building at Udaipur Airport,887,887,587.22,79,10-03-2026,26-09-2026,21-06-2023
8,Aviation & Aviation Infrastructure,Ministry of Civil Aviation,Airport Authority of India [AAI],701107,Construction of New Integrated Terminal Building and associated works including apron to park 3 code E type of aircraft or 6 code C type of aircraft at Vijayawada Airport.,612,824.28,572.99,90,04-09-2022,10-11-2026,17-06-2020
9,Aviation & Aviation Infrastructure,Ministry of Civil Aviation,Airport Authority of India [AAI],701127,Construction of New Passenger Terminal Building for Domestic Operations at Jodhpur Airport.,480,480,348.2,100,31-03-2026,15-06-2026,01-06-2022
10,Aviation & Aviation Infrastructure,Ministry of Civil Aviation,Airport Authority of India [AAI],611047,"Construction of NTB complex including apron, taxi track and other associated civil works and electrical & mechanical installations towards Tawi River side at CA Jammu.",861,861.37,370.44,58,21-06-2026,30-11-2026,10-10-2023
11,Aviation & Aviation Infrastructure,Ministry of Civil Aviation,Airport Authority of India [AAI],400010,"Construction of Terminal Building & Associated works at Leh Airport, Ladakh",480,640,512.55,88,14-09-2021,31-07-2026,27-07-2018
12,Aviation & Aviation Infrastructure,Ministry of Civil Aviation,Airport Authority of India [AAI],612789,"Development of additional RESA on either end on Runway 10-28 at Calicut Airport. Construction of embankment with slope protection, drainage system and associated works for additional RESA on either end on Runway 10-28",485,0,242.51,66,28-09-2025,31-12-2026,07-06-2023
13,Aviation & Aviation Infrastructure,Ministry of Civil Aviation,Airport Authority of India [AAI],701126,"Development of Dholera International Greenfield Airport , Gujarat",1305,1551,966.36,88,30-06-2026,30-09-2026,14-06-2022
14,Aviation & Aviation Infrastructure,Ministry of Civil Aviation,Airport Authority of India [AAI],619054,Development of Keshod Airport.,363,0,108.64,47,31-01-2027,,12-01-2024
15,Aviation & Aviation Infrastructure,Ministry of Civil Aviation,Airport Authority of India [AAI],701113,"Development of Lal Bahadur Shastri International airport, Varanasi including C/o New Terminal Building, Apron Extension, Runway Extension, PTT and allied works.",2870,0,746.93,33,20-07-2027,20-07-2027,04-07-2024
16,Aviation & Aviation Infrastructure,Ministry of Civil Aviation,Airport Authority of India [AAI],612194,Development of New Civil Enclave and associated works at Darbhanga Airport,912,0,426.22,71,11-07-2026,30-11-2026,03-07-2024
17,Aviation & Aviation Infrastructure,Ministry of Civil Aviation,Airport Authority of India [AAI],611495,Development of New Civil Enclave at Bagdogra Airport,1549,1549,548.3,28,07-03-2027,06-03-2027,29-08-2024
18,Aviation & Aviation Infrastructure,Ministry of Civil Aviation,Airport Authority of India [AAI],612183,Development of New Civil Enclave at Bihta,1413,0,15.53,4,31-03-2027,,28-08-2024
19,Aviation & Aviation Infrastructure,Ministry of Civil Aviation,Airport Authority of India [AAI],618977,"Development of New Greenfield Airport at Bundi, Kota Rajasthan.",1507,0,81.41,14,19-10-2027,13-11-2027,29-08-2025
20,Aviation & Aviation Infrastructure,Ministry of Civil Aviation,Airport Authority of India [AAI],701122,Development of New Integrated Civil Enclave at Agra Airport,579,0,224.58,45,04-07-2026,30-11-2026,18-06-2024
21,Aviation & Aviation Infrastructure,Ministry of Civil Aviation,Adani Airport Holdings Limited,706724,Guwahati Airport New Integrated Terminal Building Construction Project,1712,2520,2670.23,100,31-03-2025,30-06-2026,01-12-2016
22,Aviation & Aviation Infrastructure,Ministry of Civil Aviation,Airport Authority of India [AAI],611602,"Modernization of Chennai Airport, Phase II, Part 2",1207,0,331.85,46,31-07-2025,31-12-2026,14-05-2018
23,Aviation & Aviation Infrastructure,Ministry of Civil Aviation,Airport Authority of India [AAI],612791,"Re-Construction of Rigid portions of Secondary Runway, K and A Taxiway and Strengthening of C Taxiway at NSCBI Airport Kolkata.",328,0,153.52,74,02-10-2025,31-08-2026,04-03-2023
24,Aviation & Aviation Infrastructure,Ministry of Civil Aviation,Airport Authority of India [AAI],611570,"SITC of ATM Automation System and ASMGCS [Including SMR & MLAT] for Mumbai, Navi Mumbai, Jewar [earlier MOPA, without ASMGCS], HIAL & BIAL",500,0,399.77,80,11-09-2025,31-08-2026,18-12-2020
25,Aviation & Aviation Infrastructure,Ministry of Civil Aviation,Airport Authority of India [AAI],612793,"Widening of basic strip at Western Side of Runway Chainage 80m to 920m i/c slope stabilization Measures [Balance work] of uphill and Improvement of Storm Water Drainage System at Pakyong Airport, Sikkim on design & build basis [EPC] with integrated 10 years maintenance.",323,0,87.61,36,02-06-2026,30-06-2027,21-11-2023
26,Coal,Ministry of Coal,SECL - CIL,613800,JAGANNATHPUR OC RCE PROJECT,459,0,290.4,96,31-03-2025,31-03-2027,25-07-2016
27,Coal,Ministry of Coal,NLC India Limited,400142,Pachwara South Coal Block,2243,0,1432.45,87,30-09-2028,,10-03-2016
28,Coal,Ministry of Coal,WCL - CIL,616223,ADASA UG TO OC MINE,316,0,209.29,86,31-03-2024,31-03-2027,16-11-2018
29,Coal,Ministry of Coal,SECL - CIL,400148,AMADAND OCP[4.0MTY],869,0,325.09,75,31-03-2021,31-03-2027,05-03-2016
30,Coal,Ministry of Coal,WCL - CIL,616229,AMAL GONDEGAON GHATROHANA EXPN,669,0,2.95,3,31-03-2029,,10-09-2024
31,Coal,Ministry of Coal,Bharat Coking Coal Limited (BCCL),611864,AMALAGAMATED NTST KUJAMA OCP 8.5MTY,4012,0,414.97,31,31-03-2030,,04-01-2023
32,Coal,Ministry of Coal,WCL - CIL,615185,AMALGAMATED DHANKASA & JAMUNIA,399,0,117.2,67,31-03-2027,,19-09-2022
33,Coal,Ministry of Coal,WCL - CIL,616050,AMALGAMATED INDER-KAMPTEE DEEP,236,0,128.49,99,31-03-2024,31-03-2027,22-09-2018
34,Coal,Ministry of Coal,WCL - CIL,400177,AMALGAMATED YEKONA I & YEKONA,727,0,564.25,81,31-03-2025,31-03-2027,12-08-2015
35,Coal,Ministry of Coal,SECL - CIL,613798,AMERA OC RCE [1.0 MTY],336,0,91.91,42,31-03-2026,,04-02-2015
36,Coal,Ministry of Coal,SECL - CIL,613799,AMGAON OC RCE [1.0 MTY],316,0,193,79,31-03-2026,,25-07-2015
37,Coal,Ministry of Coal,WCL - CIL,615916,AMLG GAURI PAUNI EXPANSION OC,1225,0,92.02,4,31-03-2030,,26-04-2024
38,Coal,Ministry of Coal,MCL - CIL,616233,BALABHADRA OCP,978,0,461.54,19,31-03-2030,,19-04-2023
39,Coal,Ministry of Coal,Mahanadi Coalfields Limited [MCL],400183,BALARAM EXPANSION OCP,3504,0,963.81,62,31-03-2029,,04-08-2020
40,Coal,Ministry of Coal,WCL - CIL,615330,BALLARPUR NORTH WEST OC MINE,361,0,26.97,5,31-03-2029,,16-12-2022
41,Coal,Ministry of Coal,SECL - CIL,400149,BAROUD OC EXPANSION [3.0-10.0M,2310,0,1039.65,56,31-03-2029,,04-08-2020
42,Coal,Ministry of Coal,MCL - CIL,400392,BHARATPUR RE-ORGANIZATION OCP,2839,0,1716.58,54,31-03-2029,,12-11-2018
43,Coal,Ministry of Coal,WCL - CIL,400033,BHATADI EXPANSION OC,581,0,112.17,34,31-03-2028,,11-02-2020
44,Coal,Ministry of Coal,MCL - CIL,616231,BHUBANESWARI EXPN OCP 50 MTY,5366,0,477.73,34,31-03-2033,,26-03-2024
45,Coal,Ministry of Coal,NCL - CIL,400369,BINA KAKRI AMALGAMATION EXPANS,836,0,917.1,92,31-03-2024,31-03-2027,25-08-2020
46,Coal,Ministry of Coal,NCL - CIL,400162,BLOCK B EXPANSION [3.5 TO 8.0,999,0,545.34,51,31-03-2023,31-03-2027,22-07-2019
47,Coal,Ministry of Coal,BCCL - CIL,616253,BLOCK E OCP,5851,0,20.32,4,31-03-2029,,26-03-2024
48,Coal,Ministry of Coal,Eastern Coal Fields Limited [ECL],400180,BONJEMEHARI EXPANSION OCP,570,570.11,98.58,17,31-03-2026,31-03-2030,10-08-2021
49,Coal,Ministry of Coal,CCL - CIL,400138,CHANDRAGUPT OCP,974,0,772.12,25,31-03-2032,,04-08-2020
50,Coal,Ministry of Coal,ECL - CIL,400172,CHITRA EAST OC,514,0,276,53,31-03-2026,31-03-2028,11-08-2018
51,Coal,Ministry of Coal,ECL - CIL,616225,CHUPERBHITA SIMLONG OCP MDO 6,979,0,0,0,31-03-2037,,29-12-2023
52,Coal,Ministry of Coal,WCL - CIL,400353,DHUPTALA OC [SASTI UG TO OC ],711,0,174.66,19,31-03-2028,,12-02-2019
53,Coal,Ministry of Coal,WCL - CIL,400178,DINESH[MAKARDHOKRA-III] OC,823,0,792,41,31-03-2027,,11-02-2020
54,Coal,Ministry of Coal,SECL - CIL,400354,DIPKA EXPANSION OCP [40 MTY],5241,0,2941.23,39,31-03-2029,,24-12-2020
55,Coal,Ministry of Coal,CCL - CIL,400156,EPR AMRAPALI OCP,4984,0,1838.82,44,31-03-2028,,11-02-2020
56,Coal,Ministry of Coal,Ministry of Coal,400155,EPR ASHOK OC,2821,0,186.02,28,31-03-2031,,10-05-2021
57,Coal,Ministry of Coal,Ministry of Coal,400154,EPR PUNDI OCP,640,0,14.78,11,31-03-2027,,11-11-2020
58,Coal,Ministry of Coal,Ministry of Coal,400153,EPR ROHINI - KARKETTA OCP,996,0,85.34,24,31-03-2028,,18-01-2021
59,Coal,Ministry of Coal,WCL - CIL,615331,GADEGAON OC 3 MTY,497,0,95.69,2,31-03-2030,,28-10-2023
60,Coal,Ministry of Coal,WCL - CIL,615206,GANDHIGRAM UG MINE,414,0,28.54,57,31-03-2026,31-03-2027,31-08-2019
61,Coal,Ministry of Coal,WCL - CIL,615917,GAURIDEEP/GAURI CENTRAL OCP 7.,973,0,1.55,2,31-03-2030,,08-08-2023
62,Coal,Ministry of Coal,SECL - CIL,400424,GEVRA OC [70 MTY],11816,0,7825.46,78,31-03-2023,31-03-2027,05-03-2016
63,Coal,Ministry of Coal,WCL - CIL,615914,GHONSA EXPANSION DEEP OC MINE,185,0,15.72,13,31-03-2029,,23-03-2021
64,Coal,Ministry of Coal,Singareni Collieries Company Limited [SCCL],615860,Godavarikhani Coal Mine - 5,607,0,201,71,31-03-2025,31-03-2026,01-07-2019
65,Coal,Ministry of Coal,WCL - CIL,615192,GOKUL EXTENSION OC MINE,310,0,62.31,8,31-03-2026,31-03-2027,23-04-2021
66,Coal,Ministry of Coal,Singareni Collieries Company Limited [SCCL],615862,Goleti Opencast Mine,346,0,111.94,33,31-03-2026,,01-07-2021
67,Coal,Ministry of Coal,MCL - CIL,400185,GOPALJI KANIHA OCP [10 TO 30 M,8416,6107.87,1777.54,36,31-03-2030,,25-04-2022
68,Coal,Ministry of Coal,MCL - CIL,616232,HINGULA II OC EXPN PH III 15 M,1562,0,284.22,34,31-03-2029,,07-11-2022
69,Coal,Ministry of Coal,Eastern Coal Fields Limited [ECL],400018,HURA C OCP,859,0,455.95,63,31-03-2029,,10-08-2022
70,Coal,Ministry of Coal,Singareni Collieries Company Limited [SCCL],615861,Indaram Opencast Project,425,0,408.69,81,31-03-2025,31-03-2026,01-08-2017
71,Coal,Ministry of Coal,MCL - CIL,616226,INTEGRATED KULDA GARJANBAHAL O,3564,0,692.76,10,31-03-2033,,19-04-2023
72,Coal,Ministry of Coal,MCL - CIL,400187,INTEGRATED LAKHANPUR-BELPAHAR-,2435,0,2133.7,83,31-03-2027,,22-05-2018
73,Coal,Ministry of Coal,Eastern Coal Fields Limited [ECL],612816,ITAPARA OCP,929,0,132.43,8,31-03-2030,,29-12-2023
74,Coal,Ministry of Coal,CCL - CIL,616236,JARANGDIH EXPN. OCP 1.5 MTY,372,0,85.6,33,31-03-2029,,03-02-2020
75,Coal,Ministry of Coal,Singareni Collieries Company Limited [SCCL],615818,Jawahar Khani Open Cast Mine,298,0,50.39,20,31-03-2025,31-03-2027,01-12-2021
76,Coal,Ministry of Coal,NCL - CIL,619032,JAYANT EXPN. [20 TO 38 MTPA],25560,0,333.3,2,31-03-2032,,27-02-2025
77,Coal,Ministry of Coal,Eastern Coal Fields Limited [ECL],400312,JHANJRA EXPANSION UG,1210,0,633.57,52,31-03-2029,,16-04-2020
78,Coal,Ministry of Coal,Ministry of Coal,400352,JHARKHAND-LAIYO OCP,655,0,1.97,32,31-03-2031,,25-08-2020
79,Coal,Ministry of Coal,SECL - CIL,613803,JHIRIA WEST OCP [1.5 MTY],367,0,37.19,41,31-03-2029,,30-01-2024
80,Coal,Ministry of Coal,Singareni Collieries Company Limited [SCCL],615865,Kakatiyakhani OC - 2 Project,442,0,253.41,64,31-03-2025,31-03-2026,19-08-2017
81,Coal,Ministry of Coal,Singareni Collieries Company Limited [SCCL],615858,Kalyanikhani Opencast Project,384,0,304.39,77,31-03-2026,,01-03-2016
82,Coal,Ministry of Coal,SECL - CIL,613802,KANCHAN OC EXP,371,0,157.9,58,31-03-2026,31-03-2028,17-12-2014
83,Coal,Ministry of Coal,CCL - CIL,400074,KARO EXPANSION OCP,849,0,237.61,23,31-03-2029,,24-01-2022
84,Coal,Ministry of Coal,SECL - CIL,615191,KATKONA RO UG MINE,329,0,62.01,2,31-03-2029,,29-01-2023
85,Coal,Ministry of Coal,NCL - CIL,615183,KHADIA EXPANSION [10 TO 16 MTP,492,0,379.69,57,31-03-2025,31-03-2027,25-06-2021
86,Coal,Ministry of Coal,WCL - CIL,617278,KOLARPIMPRI EXPANSION OC [2.5,630,0,0.61,0,31-03-2030,,05-06-2024
87,Coal,Ministry of Coal,WCL - CIL,615199,KOLGAON EXPANSION DEEP OC MINE,199,0,25.08,4,31-03-2027,,28-01-2023
88,Coal,Ministry of Coal,CCL - CIL,400073,KONAR EXPANSION OCP,675,0,175.59,51,31-03-2032,,24-01-2022
89,Coal,Ministry of Coal,Ministry of Coal,400139,KOTRE BASANTPUR PACHMO OCP,625,625.4,456.48,46,31-03-2032,,04-08-2020
90,Coal,Ministry of Coal,SECL - CIL,617287,KUSMUNDA OC EXPANSION PROJECT,4517,0,847.19,24,31-03-2030,,29-11-2024
91,Coal,Ministry of Coal,SECL - CIL,619172,MADANNAGAR OCP 12 MTY - MDO,1859,0,0.45,0,31-03-2033,,20-12-2024
92,Coal,Ministry of Coal,SECL - CIL,613801,MAHAMAYA OCP [1.50 MTY],410,0,188.72,55,31-03-2026,31-03-2028,24-05-2018
93,Coal,Ministry of Coal,WCL - CIL,615189,MAKARDHOKRA EXPN OC 4.9 MTY,362,0,104.17,12,31-03-2026,31-03-2027,14-06-2022
94,Coal,Ministry of Coal,SECL - CIL,617288,MANIKPUR OC EXPANSION PROJECT,383,0,138.87,21,31-03-2029,,13-01-2025
95,Coal,Ministry of Coal,Eastern Coal Fields Limited [ECL],400173,MOHANPUR EXPANSION OC -PHASE I,889,0,153.96,32,31-03-2026,31-03-2030,11-11-2020
96,Coal,Ministry of Coal,BCCL - CIL,400425,MOONIDIH XV SEAM UG,1230,0,800.25,84,31-03-2019,16-09-2026,12-08-2011
97,Coal,Ministry of Coal,BCCL - CIL,613808,MURAIDIH UG PROJECT,340,0,191.14,70,30-04-2014,31-12-2026,14-02-2011
98,Coal,Ministry of Coal,WCL - CIL,615919,N. EXTN. MUNGOLI NIRGUDA D OCP,1025,0,218.26,28,31-03-2029,,05-06-2024
99,Coal,Ministry of Coal,Singareni Collieries Company Limited [SCCL],615857,Naini Coal Mine,494,0,491.33,80,31-03-2026,,01-03-2020
100,Coal,Ministry of Coal,ECL - CIL,400181,NAKRAKONDA KUMARDIH- B OCP,503,502.67,88.9,29,31-03-2029,,11-08-2018
101,Coal,Ministry of Coal,WCL - CIL,615188,NEW MAJRI UG TO OC 3 MTY COST,402,0,67.81,24,31-03-2027,,25-05-2019
102,Coal,Ministry of Coal,NCL - CIL,400321,NIGAHI EXPANSION [15 TO 25 MTP,1730,0,985.35,54,31-03-2025,31-03-2028,11-11-2020
103,Coal,Ministry of Coal,WCL - CIL,615982,NILJAI EXPANSION DEEP OCP,320,0,196.82,80,31-03-2022,31-03-2027,27-08-2016
104,Coal,Ministry of Coal,NLC India Limited [NLCIL],617764,North Dhadu Western Part OCP,1354,0,233.77,40,31-03-2029,,06-10-2023
105,Coal,Ministry of Coal,Ministry of Coal,400151,NORTH URIMARI EXPANSION OCP,634,0,598.34,69,31-03-2029,,12-07-2021
106,Coal,Ministry of Coal,ECL - CIL,616230,PARASCOLE JAMBAD OCP,1194,0,11.81,0,31-03-2037,,29-11-2024
107,Coal,Ministry of Coal,ECL - CIL,613794,PARASEA-BELBAID UG PROJECT,389,0,132.48,22,31-03-2028,,31-01-2023
108,Coal,Ministry of Coal,SECL - CIL,616234,PELMA OC MDO,1725,0,16.71,24,31-03-2033,,14-10-2022
109,Coal,Ministry of Coal,SECL - CIL,400144,PORDA CHIMTAPANI OCP [10 MTY],2310,0,118.97,12,31-03-2029,,24-12-2020
110,Coal,Ministry of Coal,CCL - CIL,400160,RAJRAPPA RCE OCP,511,0,488.71,76,31-03-2016,31-03-2027,23-12-2009
111,Coal,Ministry of Coal,Bharat Coking Coal Limited [BCCL],617416,"Revised Jharia Master Plan for Dealing with Fire, Subsidence & Rehabilitation of affected families in Jharia Coalfield- Reg.",5940,0,520.75,34,31-12-2028,,25-06-2025
112,Coal,Ministry of Coal,SECL - CIL,619171,RPR FOR DURGAPUR OCP 10 MTY,2416,0,2.99,0,31-03-2032,,01-09-2025
113,Coal,Ministry of Coal,SECL - CIL,619053,RPR FOR RAMPUR BATURA OCP,1605,0,75.28,0,31-03-2030,,30-05-2025
114,Coal,Ministry of Coal,Ministry of Coal,400150,RPR MAGADH EXP OCP,6964,0,2299.77,39,31-03-2028,,04-08-2020
115,Coal,Ministry of Coal,WCL - CIL,615918,RPR OF BHANEGAON OC,405,0,43.16,16,31-03-2028,,02-02-2017
116,Coal,Ministry of Coal,WCL - CIL,615187,RPR OF VISHNUPURI UG TO OC,221,0,0,11,31-03-2029,,04-11-2022
117,Coal,Ministry of Coal,WCL - CIL,613804,RPR TAWA-III UG 0.84 MTY,314,0,17.9,18,31-03-2027,,28-12-2021
118,Coal,Ministry of Coal,CCL - CIL,400136,SANGHMITRA OC,2660,0,17.03,17,31-03-2032,,26-03-2024
119,Coal,Ministry of Coal,WCL - CIL,615184,SAONER UG MINE -1 EXPANSION 1.,229,0,157.01,69,31-03-2028,,31-01-2022
120,Coal,Ministry of Coal,WCL - CIL,619055,SAONER-III EXPN UG MINE 1.54,444,0,0,0,31-03-2032,,25-08-2025
121,Coal,Ministry of Coal,WCL - CIL,615186,SASTI EXPANSION OPENCAST,319,0,155.37,32,31-03-2026,31-03-2027,04-08-2020
122,Coal,Ministry of Coal,WCL - CIL,615195,SHARDA UG MINE,166,0,5.93,9,31-03-2028,,29-07-2022
123,Coal,Ministry of Coal,ECL - CIL,613793,SHYAMSUNDARPUR UG INCLUDING SA,484,0,96.8,17,31-03-2026,31-03-2028,16-04-2020
124,Coal,Ministry of Coal,Mahanadi Coalfields Limited [MCL],400166,SIARMAL OCP,5195,0,3543.45,61,31-03-2029,,02-02-2021
125,Coal,Ministry of Coal,WCL - CIL,615190,SINGHORI DEEP OC MIN 2.0 MTY,336,0,53.94,10,31-03-2029,,05-05-2022
126,Coal,Ministry of Coal,CCL - CIL,615822,SIRKA OC,183,0,89.92,56,31-03-2028,,04-05-2020
127,Coal,Ministry of Coal,Eastern Coal Fields Limited [ECL],400315,SONEPUR BAZARI EXPANSION OCP [,5366,0,697.64,18,31-03-2029,,28-07-2021
128,Coal,Ministry of Coal,MCL - CIL,400165,SUBHADRA OCP,1694,0,1332.87,47,23-04-2032,,29-05-2021
129,Coal,Ministry of Coal,NLC India Limited [NLCIL],618982,Talabira II & III OCP - FMC,522,0,334.44,75,10-06-2026,31-12-2026,31-10-2022
130,Coal,Ministry of Coal,CCL - CIL,615349,TAPIN SOUTH EXPN,230,0,22.02,24,31-03-2028,,04-11-2020
131,Coal,Ministry of Coal,CCL - CIL,615843,TETARIAKHAR OC,233,0,50.82,30,31-03-2025,31-03-2027,04-11-2019
132,Coal,Ministry of Coal,INVALID CO.,615820,TIKAK EXTENSION OCP,160,0,112.69,90,04-07-2031,,05-07-2022
133,Coal,Ministry of Coal,ECL - CIL,400186,TILABONI UG,749,749.07,53.97,12,31-03-2029,,31-01-2023
134,Coal,Ministry of Coal,INVALID CO.,615821,TIRAP OCP,289,0,105.66,5,27-11-2030,,28-11-2022
135,Coal,Ministry of Coal,WCL - CIL,616044,UKNI DEEP OC MINE -COST PLUS,237,0,168.91,95,31-03-2021,31-03-2027,16-11-2018
136,Coal,Ministry of Coal,WCL - CIL,615194,URDHAN EXPANSION OC COST PLUS,207,0,50.69,2,31-03-2031,,29-07-2022
137,Coal,Ministry of Coal,Singareni Collieries Company Limited [SCCL],615863,Venkatesh Khani Coal Mine,484,0,477.14,97,31-03-2026,,01-10-2020
138,Coal,Ministry of Coal,WCL - CIL,617233,WAGHODA UG MINE [1.02 MTY],379,0,0,0,31-03-2030,,29-01-2024
139,Coal,Ministry of Power,National Thermal Power Corporation [NTPC],603293,Badam Coal Mining project of NTPC,502,784,438.57,68,31-12-2056,01-04-2027,01-02-2019
140,Coal,Ministry of Power,Damodar Valley Corporation,400192,Tubed Coal Mine,1581,0,624.86,37,31-05-2026,30-12-2026,10-07-2016
141,Construction,Ministry of Housing & Urban Affairs,Central Public Works Department - CPWD,617412,"Construction of One Tower of Office Complex and another Tower of Residential quarters i/c internal water supply, sanitary installation and all development and bulk services, Horticulture works on EPC Mode-I basis i/c comprehensive operation and maintenance of Civil, E&M services for 7 years after completion of original construction work for Ranga Reddy, Secunderabad, Medchal, AuditI, Audit-II Commissionerates of Central Tax at Khajaguda, Serilingampally, Hyderabad.",644,0,188.69,26,27-09-2027,,19-03-2024
142,Construction,Ministry of Mines,Central Public Works Department [CPWD],617280,"Construction of Basement + Ground Floor+ 10 Storeyed building for State of the Art Director General, GSI Building at plot No.GN-40, Sector-V, Salt Lake, Kolkata",255,0,98.94,64,31-08-2026,,16-04-2019
143,Education,Department of Higher Education,NIT Rourkela,619033,"1000 seater Boys hostel, 500 seater Girls hostel, 1.5 MLD Sewage Treatment Plant and Faculty Residence - 72 nos. Flats",199,0,53.01,50,30-06-2026,31-08-2027,02-09-2023
144,Education,Department of Higher Education,NIT Patna,606013,Additional Campus of NITPatna,499,0,449.96,99,31-07-2024,31-01-2026,22-07-2022
145,Education,Department of Higher Education,Banaras Hindu University,606479,Banaras Hindu University [ Kayakalp of Institute of Medical Sciences],246,0,212.35,99,30-09-2022,31-07-2027,22-06-2020
146,Education,Department of Higher Education,National Institute of Technology Uttarakhand,611963,"Construction & Development of Infrastructural Facilities in the main campus of NIT Uttarakhand at Sumari, Pauri Garhwal",651,0,401.56,63,30-09-2027,,30-06-2020
147,Education,Department of Higher Education,"National Institute of Technology, Meghalaya",612885,Construction and Developement of National Institute of Technology Meghalaya Permanent Campus at Sohra,495,429.7,377.82,98,31-03-2022,31-10-2026,17-09-2009
148,Education,Department of Higher Education,Central University of Punjab,617221,"Construction of Girls Hostel 400 seater, Boys Hostel 600 seater, Academic Block, International Hostel 100 seater, VC Residence and Purchase of Equipment",211,0,99.02,58,03-10-2027,,01-08-2024
149,Education,Department of Higher Education,"Indian Institute of Technology, Bhubaneshwar",611961,Construction of IIT Bhubaneswar -Phase III,454,0,102.15,10,20-11-2026,,01-02-2024
150,Education,Department of Higher Education,"Indian Institute of Management, Jammu",602098,"Construction of Permanent Campus for IIM Jammu Phase-1 at Jagti, Nagrota, Jammu, J&K",425,500.91,484.52,96,30-06-2023,30-11-2025,01-03-2019
151,Education,Department of Higher Education,INDIAN INSTITUTE OF TECHNOLOGY PALAKKAD,606431,CONSTRUCTION OF PERMANENT CAMPUS FOR IIT PALAKKAD UNDER PHASE 1A,1006,1217.4,686.2,86,07-06-2022,30-06-2026,01-07-2017
152,Education,Department of Higher Education,NIT Mizoram,612876,"Construction of Permanent Campus for NIT Mizoram at Lengpui, Aizawl",474,474.23,167.55,4,31-12-2029,31-03-2022,17-09-2009
153,Education,Department of Higher Education,Central Tribal University of Andhra Pradesh,613008,Construction of Permanent Campus of Central Tribal University of Andhra Pradesh Phase-1,305,0,67.73,44,26-06-2027,,18-09-2019
154,Education,Department of Higher Education,Central University of Gujarat,612916,"Construction of permanent campus of Central University of Gujarat at Village kundhela, Dist. Vadodara, Gujarat.",491,0,342.26,86,31-03-2025,31-03-2026,28-12-2020
155,Education,Department of Higher Education,"Central University, Himachal Pradesh",612894,"Construction of Permanent Campus of Central University of Himachal Pradesh at Dehra, District - Kangra, [H.P.] on Engineering. Procurement and Construction [EPC Mode 1] Basis.",252,300.45,223.6,86,18-11-2024,25-03-2026,10-03-2021
156,Education,Department of Higher Education,"Indian intitue of Management, Amritsar",605292,"Construction of Permanent Campus of Indian Institute of Management [IIM] Amritsar, Punjab, Phase-I",348,386.86,293.24,92,30-06-2023,20-11-2026,01-10-2019
157,Education,Department of Higher Education,"National Institute of Technology, Arunachal Pradesh",612898,Construction of Permanent Campus of National Institute of Technology Arunachal Pradesh,593,0,551.3,80,31-08-2026,31-08-2024,17-09-2009
158,Education,Department of Higher Education,"Indian Institute of Technology, Hyderabad",609996,Construction of Precast housing and hostels at IIT Hyderabad,262,0,223.65,90,23-10-2024,01-01-2026,29-09-2022
159,Education,Department of Higher Education,Sikkim University,609736,"Construction of Sikkim University Campus Phase-I Package-II at Yangang, South Sikkim",314,340.55,292,96,04-01-2025,31-10-2026,01-08-2020
160,Education,Department of Higher Education,Delhi University,616886,Delhi University Eastern Campus at Surajmal Vihar,373,0,31.53,14,31-10-2026,,30-09-2024
161,Education,Department of Higher Education,NIT Nagaland,613013,Establishment of NIT Nagaland,276,0,263.25,98,31-12-2025,,17-09-2009
162,Education,Department of Higher Education,"National Institute of Technology, Puducherry",612877,Establishment of NIT Puducherry Permanent Campus [Phase-I and Phase-II],618,544.34,543.74,100,31-12-2024,31-05-2026,17-09-2009
163,Education,Department of Higher Education,NIT Sikkim,612883,Establishment of Permanent Campus of NIT SIkkim at Khamdong-Gangtok District,686,610.76,283.56,38,12-02-2028,31-12-2026,12-02-2024
164,Education,Department of Higher Education,"Indian Institute of Management, Sirmaur",602099,Establishment of Permanent campus Phase 1 of IIM Sirmaur,393,454.78,339.65,99,31-10-2023,31-08-2026,17-09-2018
165,Education,Department of Higher Education,"Indian Institute of Technology, Kharagpur",609019,"HEFA projects on development of student hostels, playgrounds, departmental buildings, class room complex and other campus facilities in IIT Kharagpur",500,442,418.86,97,31-03-2023,31-12-2026,25-06-2018
166,Education,Department of Higher Education,"Indian Institute of Technology, Mandi",612128,Hostel blocks & dining hall block,167,0,138.26,93,26-03-2026,30-09-2026,28-03-2023
167,Education,Department of Higher Education,"Indian Institutes of Science Education and Research, Behrampur",610315,IISER BERHAMPUR,1229,843.09,874.09,98,31-03-2021,30-06-2026,24-10-2018
168,Education,Department of Higher Education,National Institute of Technology Delhi,612851,"Phase 1B - Construction of Academic Block, Hostel, Residential Tower, Directors Residence and External Development works at National Institute of Technology, Delhi Campus on Engineering, Procurement and Construction basis",333,336.42,336.42,100,30-09-2025,31-01-2026,17-09-2009
169,Education,Department of Higher Education,"Indian Institute of Technology, Bhilai",617877,Phase B Construction of Permanent Campus of IIT Bhilai,1189,0,1.92,0,31-10-2028,,29-05-2025
170,Education,Department of Higher Education,INDIAN INSTITUTE OF TECHNOLOGY PALAKKAD,617878,Phase B of Construction of Permanent Campus of IIT Palakkad,1527,0,9.8,0,31-10-2028,,29-05-2025
171,Education,Department of Higher Education,"Indian Institute of Technology, Indore",611957,"Phase III A works at IIT Indore [03 Hostels, 01 Studio Apartment, 01 Housing, Heavy & Sophisticated lab complex, Academic POD and Infrastructure for center of excellence]",496,0,97.35,68,19-02-2027,,27-12-2023
172,Education,Department of Higher Education,Tezpur University,606112,Tezpur University Projects,154,0,266.14,98,08-11-2023,31-12-2025,29-05-2019
173,Education,Department of Sports,Department of Sports & Youth Affairs,400081,"National Sports University [NSU], Imphal [Manipur]",906,611.74,577.32,98,26-08-2024,08-08-2026,13-06-2022
174,Electricity Generation,Ministry of Coal,NLC India Limited [NLCIL],618992,100 MW SPP part of SECI 150 MW Hybrid,481,0,2.75,1,31-12-2026,,21-07-2022
175,Electricity Generation,Ministry of Coal,NLC India Limited [NLCIL],618991,200 MW SPP part of 510 MW CPSU scheme,1221,0,71.51,0,31-12-2026,,21-07-2022
176,Electricity Generation,Ministry of Coal,NLC India Limited,617299,50 MW Wind Power Project,384,0,333.34,52,30-06-2025,31-12-2026,21-07-2022
177,Electricity Generation,Ministry of Coal,NLC India Limited [NLCIL],617730,600 MW Khavda Solar Power Project,3336,0,2122.95,62,30-06-2026,31-12-2026,01-08-2023
178,Electricity Generation,Ministry of Coal,NLC India Limited [NLCIL],618981,810 MW Solar Power Project - Rajasthan,4147,0,249.95,0,25-03-2028,,10-10-2024
179,Electricity Generation,Ministry of Coal,NLC India Limited,400231,NLC Talabira Thermal Power Project,27213,0,3574.21,4,31-03-2030,,25-01-2017
180,Electricity Generation,Ministry of Power,North Eastern Electric Power Corporation Limited,611699,186 MW Tato-I H E Project,1750,0,79.45,6,29-07-2029,,11-12-2024
181,Electricity Generation,Ministry of Power,North Eastern Electric Power Corporation Limited,611698,240MW Heo HE Project,1939,0,106.28,7,29-07-2029,,11-12-2024
182,Electricity Generation,Ministry of Power,North Eastern Electric Power Corporation Limited,611716,700 MW Tato-II HE Project,8146,0,253.97,7,03-09-2031,,04-09-2025
183,Electricity Generation,Ministry of Power,Satluj Jal Vidyut Nigam [SJVN] Thermal Limited,709747,Bagodara Solar Power Project,339,0,370,52,31-12-2025,31-12-2025,26-03-2021
184,Electricity Generation,Ministry of Power,Satluj Jal Vidyut Nigam [SJVN] Thermal Limited,602579,Buxar Thermal Power Project [1320 MW],10439,13756.6,13731.8,95,08-01-2024,30-05-2026,08-03-2019
185,Electricity Generation,Ministry of Power,National Thermal Power Corporation [NTPC],619056,"Darlipali Super Thermal Power Project, Stage-II [1x800 MW]",11131,0,566.2,3,31-01-2031,31-05-2031,06-11-2025
186,Electricity Generation,Ministry of Power,Satluj Jal Vidyut Nigam [SJVN] Thermal Limited,602582,Dhaulasidh Hydro Electric Project [66 MW],688,1763.31,1275.68,81,05-11-2025,31-03-2027,01-10-2020
187,Electricity Generation,Ministry of Power,National Hydroelectric Power Corporation Limited [NHPC],602182,Dibang Multipurpose Project,31876,0,4921.36,18,26-02-2032,26-02-2032,27-02-2023
188,Electricity Generation,Ministry of Power,National Thermal Power Corporation [NTPC],618976,"Gadarwara Super Thermal Power Project, Stage-II [2x800 MW]",20446,0,2329.76,12,31-03-2030,31-03-2030,05-11-2024
189,Electricity Generation,Ministry of Power,Damodar Valley Corporation,602538,Installation of FGD for 4x210 & 2x250 MW MTPS U 1-6,1037,1106,1143.06,97,22-01-2024,30-09-2026,25-06-2019
190,Electricity Generation,Ministry of Power,THDC India Limited,619311,Kalai-II Hydro Electric Project [1200 MW],14106,0,189.68,0,22-10-2032,,22-04-2026
191,Electricity Generation,Ministry of Power,National Hydroelectric Power Corporation Limited [NHPC],602532,Kiru HE Project,4288,5409,3948.67,87,07-09-2023,31-12-2026,08-03-2019
192,Electricity Generation,Ministry of Power,Damodar Valley Corporation,611509,"Koderma Thermal Power Station Phase II [2X800 MW] At Koderma, Jharkhand",14358,0,2229.31,14,14-07-2029,,28-04-2023
193,Electricity Generation,Ministry of Power,National Hydroelectric Power Corporation Limited [NHPC],605155,Kwar HE Project,4526,0,1701.47,37,10-11-2026,31-03-2028,10-05-2022
194,Electricity Generation,Ministry of Power,National Thermal Power Corporation [NTPC],611930,Lara Super Thermal Power Project Stage-II [2 x 800 MW],15530,16106,5472.13,34,30-06-2028,30-11-2028,29-08-2023
195,Electricity Generation,Ministry of Power,Satluj Jal Vidyut Nigam [SJVN] Thermal Limited,602593,Luhri Stage-I Hydro Electric Project [210 MW],1811,4345.31,1980.59,52,19-01-2026,29-05-2030,20-11-2020
196,Electricity Generation,Ministry of Power,National Thermal Power Corporation [NTPC],298178,"Meja Thermal Power Project, Stage-II , (3x800 MW)",38358,0,1002.73,0,31-12-2032,,04-06-2026
197,Electricity Generation,Ministry of Power,National Thermal Power Corporation [NTPC],619051,"Nabinagar Super Thermal Power Project, Stage-II [3x800 MW]",29948,0,3422.25,15,31-07-2030,31-07-2030,05-11-2024
198,Electricity Generation,Ministry of Power,National Hydroelectric Power Corporation Limited [NHPC],602525,"Pakal Dul [Drangdhuran] Hydroelectric Project, 1000 MW",8112,12728,9313.54,82,27-04-2020,31-12-2026,28-10-2014
199,Electricity Generation,Ministry of Power,National Thermal Power Corporation [NTPC],400261,Patratu Thermal Power Station Expansion Project Phase-I [3x800 MW],18668,20302,19735.7,92,31-03-2023,30-04-2027,07-11-2017
200,Electricity Generation,Ministry of Power,Damodar Valley Corporation,400062,"Raghunathpur Thermal Power Station Phase II [2X660 MW] at Raghunathpur, Purulia, West Bengal",17673,0,2268.62,13,28-08-2029,,30-01-2023
201,Electricity Generation,Ministry of Power,National Thermal Power Corporation [NTPC],602184,Rammam-III HEPP [3x40 MW],1382,2865.56,1690.73,58,30-09-2019,30-09-2029,10-09-2014
202,Electricity Generation,Ministry of Power,National Hydroelectric Power Corporation Limited [NHPC],605156,Rangit-IV HE Project [120 MW] executed by Jal Power Corporation Ltd. [JPCL] - A wholly owned subsidiary of NHPC Ltd. acquired through NCLT,938,1828.11,1718.16,98,29-05-2024,30-11-2026,30-03-2021
203,Electricity Generation,Ministry of Power,National Hydroelectric Power Corporation Limited [NHPC],602535,"Ratle HE Project - 850 MW, Ratle Hydroelectric Power Corporation Limited.",5282,0,1645.11,32,10-02-2026,28-11-2028,11-02-2021
204,Electricity Generation,Ministry of Power,National Thermal Power Corporation [NTPC],612142,"Singrauli Super Thermal Power Project, Stage-III [2x800 MW]",17195,0,3840.48,25,28-02-2030,30-04-2030,03-03-2024
205,Electricity Generation,Ministry of Power,National Thermal Power Corporation [NTPC],617188,"Sipat Super Thermal Power Project, Stage-III [1x800 MW]",9791,0,1910.55,22,30-09-2029,30-11-2029,20-09-2024
206,Electricity Generation,Ministry of Power,National Hydroelectric Power Corporation Limited [NHPC],602096,Subansiri Lower HE Project [2000 MW],6285,26075.5,26448.1,98,08-09-2010,31-03-2027,09-09-2003
207,Electricity Generation,Ministry of Power,Satluj Jal Vidyut Nigam [SJVN] Thermal Limited,611586,Sunni Dam Hydro Electric Project [382 MW],2615,4555.49,1152.21,35,03-04-2028,31-12-2029,12-01-2023
208,Electricity Generation,Ministry of Power,National Thermal Power Corporation [NTPC],602961,Talcher Thermal Power Station Stage III [2 x 660 MW] Expansion,11844,12543,7031.31,55,31-05-2027,31-05-2028,25-08-2022
209,Electricity Generation,Ministry of Power,National Thermal Power Corporation [NTPC],602185,Tapovan-Vishnugad HEP [4x130 MW],2978,10907.3,7827.81,76,31-03-2013,31-07-2029,16-11-2006
210,Electricity Generation,Ministry of Power,National Hydroelectric Power Corporation Limited [NHPC],602181,"TEESTA-VI HE PROJECT, SIKKIM [500 MW], executed by LANCO TEESTA HYDRO POWER LIMITED [A wholly owned Subsidiary of NHPC LTD. acquired through NCLT]",5748,5748.04,4572.68,74,07-03-2024,30-09-2029,08-03-2019
211,Electricity Generation,Ministry of Power,National Thermal Power Corporation [NTPC],619341,"Telangana Super Thermal Power Project , Stage-II [3 x 800 MW]",29345,0,732.96,1,31-01-2032,,29-03-2026
212,Electricity Generation,Ministry of Power,THDC India Limited,602195,Vishnugad Pipalkoti Hydro Electric Project [444 MW],3860,6405.08,5832.69,82,15-12-2022,30-06-2028,21-08-2008
213,Energy Storage,Ministry of Petroleum & Natural Gas,Indian Oil Corporation Limited [IOCL],604833,"Andheri Residential Towers, Mumbai",281,389.67,281.24,86,31-05-2025,30-06-2027,27-06-2017
214,Energy Storage,Ministry of Petroleum & Natural Gas,Indian Oil Corporation Limited [IOCL],617839,Capacity Augmentation of Kandla LPG Import Terminal [KLIT] from 0.6 MMTPA to 2.5 MMTPA,357,304.4,168.04,68,31-07-2026,,29-05-2023
215,Energy Storage,Ministry of Petroleum & Natural Gas,Hindustan Petroleum Corporation Limited,709754,"Construction of LPG Facilities at Kamardanga, Assam",156,156.36,114.1,84,04-07-2027,,30-03-2023
216,Energy Storage,Ministry of Petroleum & Natural Gas,Indian Oil Corporation Limited [IOCL],604852,"Grass-root Terminal at Mirzapur, Uttar Pradesh",980,980.45,308.35,77,30-11-2026,,29-09-2022
217,Energy Storage,Ministry of Petroleum & Natural Gas,Indian Oil Corporation Limited [IOCL],400012,Kandla Gorakhpur LPG Pipeline,10088,10088,8504.21,96,30-12-2021,30-10-2026,31-12-2018
218,Energy Storage,Ministry of Petroleum & Natural Gas,MinistryofPetroleumNaturalGas,400043,Laying of POL Pipelines in Common Corridor for proposed grass root terminal at Vallur [Chennai],829,829,382.47,81,31-05-2026,31-03-2027,31-01-2022
219,Energy Storage,Ministry of Petroleum & Natural Gas,Indian Oil Corporation Limited [IOCL],617829,LPG Bottling Plant at Mualkhang,226,225.71,32.45,34,10-10-2028,31-03-2028,04-07-2024
220,Energy Storage,Ministry of Petroleum & Natural Gas,MinistryofPetroleumNaturalGas,400301,Multi Product Pipeline from Irugur to Devangonthi,678,1732,1206.36,86,25-02-2017,30-09-2026,09-11-2012
221,Energy Storage,Ministry of Petroleum & Natural Gas,Numaligarh Refinery Limited,701349,Paradip-Numaligarh Crude Oil Pipeline [PNCPL] & Crude Oil Import Terminal [COIT] at Paradip,10228,12407,11168.5,93,27-07-2024,31-10-2026,28-01-2019
222,Energy Storage,Ministry of Petroleum & Natural Gas,Hindustan Petroleum Corporation Limited,709759,"Petrochemical evacuation marketing terminal at Barmer, Rajasthan",461,461.05,252.18,98,06-12-2026,,07-12-2023
223,Energy Storage,Ministry of Petroleum & Natural Gas,Bharat Petroleum Corporation Limited [BPCL],619313,Setting up of 50 MW [plus/minus 5 percent] Wind Power Plant for Captive Consumption at MR,483,483.14,380.62,78,30-04-2027,,15-05-2023
224,Energy Storage,Ministry of Petroleum & Natural Gas,Hindustan Petroleum Corporation Limited,709755,"Setting up of new rail fed POL facility at Kamardanga, Assam",384,384.04,250.07,88,04-07-2027,,29-03-2023
225,Healthcare,Ministry of Health & Family Welfare,PMSSY AND Institute of NATIONAL Importance,701171,AIIMS Bibinagar,1028,1365.95,1028.94,88,30-06-2026,31-12-2026,17-12-2018
226,Healthcare,Ministry of Health & Family Welfare,PMSSY AND Institute of NATIONAL Importance,701172,AIIMS Darbhanga,2006,0,40.33,1,31-07-2029,,15-09-2020
227,Healthcare,Ministry of Health & Family Welfare,PMSSY AND Institute of NATIONAL Importance,701167,AIIMS Kashmir at Awantipora Jammu & Kashmir,1828,2570.19,1602.61,79,02-12-2025,31-12-2026,10-01-2019
228,Healthcare,Ministry of Health & Family Welfare,Ministry of Health and Family Welfare,701173,AIIMS Majra Rewari Haryana,1299,1646.43,747.62,67,31-12-2026,31-12-2026,28-02-2019
229,Healthcare,Ministry of Health & Family Welfare,PMSSY AND Institute of NATIONAL Importance,701170,AIIMS Rajkot,1195,0,805.48,94,31-03-2026,31-12-2026,10-01-2019
230,Healthcare,Ministry of Health & Family Welfare,PMSSY AND Institute of NATIONAL Importance,701168,ALL India Institute of Medical Sciences-AIIMS Madurai,1264,2021.51,540.92,54,31-08-2022,31-10-2026,17-12-2018
231,Healthcare,Ministry of Health & Family Welfare,"Medical Education, Ministry of Health and Family Welfare",707019,Establishment of new GMC Buxar,250,0,150,0,01-01-1900,,
232,Healthcare,Ministry of Health & Family Welfare,"Medical Education, Ministry of Health and Family Welfare",707022,Establishment of new GMC Chaibasa [Singhbhum],250,454.1,65,57,09-09-2025,,15-06-2018
233,Healthcare,Ministry of Health & Family Welfare,"Medical Education, Ministry of Health and Family Welfare",707039,Establishment of new GMC Gangtok,250,635.21,667.21,92,31-12-2026,01-07-2026,06-10-2018
234,Healthcare,Ministry of Health & Family Welfare,"Medical Education, Ministry of Health and Family Welfare",706988,Establishment of new GMC Gondia,189,0,113.4,40,01-01-1900,,15-07-2021
235,Healthcare,Ministry of Health & Family Welfare,"Medical Education, Ministry of Health and Family Welfare",707052,Establishment of new GMC Handwara [Distt. Kupwara],325,0,173,0,01-01-1900,,
236,Healthcare,Ministry of Health & Family Welfare,"Medical Education, Ministry of Health and Family Welfare",707070,Establishment of new GMC Hoshiarpur,325,374.75,2.04,5,31-12-2028,,27-01-2020
237,Healthcare,Ministry of Health & Family Welfare,"Medical Education, Ministry of Health and Family Welfare",707020,Establishment of new GMC Jamui,250,500,103.21,50,06-10-2025,,07-03-2019
238,Healthcare,Ministry of Health & Family Welfare,"Medical Education, Ministry of Health and Family Welfare",707017,Establishment of new GMC Jhanjharpur,250,0,150,0,01-01-1900,,
239,Healthcare,Ministry of Health & Family Welfare,"Medical Education, Ministry of Health and Family Welfare",707046,Establishment of new GMC Kanker,325,325,37,45,31-03-2027,,19-02-2020
240,Healthcare,Ministry of Health & Family Welfare,"Medical Education, Ministry of Health and Family Welfare",707069,Establishment of new GMC Kapurthala,325,550,50,0,31-12-2028,,27-11-2019
241,Healthcare,Ministry of Health & Family Welfare,"Medical Education, Ministry of Health and Family Welfare",707021,Establishment of new GMC Koderma,250,504.8,271,40,19-08-2026,,05-09-2023
242,Healthcare,Ministry of Health & Family Welfare,"Medical Education, Ministry of Health and Family Welfare",707044,Establishment of new GMC Korba,325,322.85,179.49,55,31-12-2026,,24-02-2023
243,Healthcare,Ministry of Health & Family Welfare,"Medical Education, Ministry of Health and Family Welfare",707057,Establishment of new GMC Leh,325,0,127,0,01-01-1900,,04-10-2019
244,Healthcare,Ministry of Health & Family Welfare,"Medical Education, Ministry of Health and Family Welfare",707045,Establishment of new GMC Mahasamund,325,0,321.7,84,31-05-2026,,19-10-2023
245,Healthcare,Ministry of Health & Family Welfare,"Medical Education, Ministry of Health and Family Welfare",707059,Establishment of new GMC Mandla,325,0,89.41,45,08-04-2026,,04-08-2023
246,Healthcare,Ministry of Health & Family Welfare,"Medical Education, Ministry of Health and Family Welfare",707067,Establishment of new GMC Mon,325,0,155,0,01-01-1900,,
247,Healthcare,Ministry of Health & Family Welfare,"Medical Education, Ministry of Health and Family Welfare",707049,Establishment of new GMC Panchmahal,325,663.5,467.34,88,31-03-2026,,20-09-2022
248,Healthcare,Ministry of Health & Family Welfare,"Medical Education, Ministry of Health and Family Welfare",707087,Establishment of new GMC Pithoragarh,325,768.89,470.08,78,31-12-2026,,25-08-2021
249,Healthcare,Ministry of Health & Family Welfare,"Medical Education, Ministry of Health and Family Welfare",707050,Establishment of new GMC Porbandar,325,618.98,936.64,81,30-09-2024,,05-04-2022
250,Healthcare,Ministry of Health & Family Welfare,"Medical Education, Ministry of Health and Family Welfare",707058,Establishment of new GMC Rajgarh,325,0,179.5,86,19-04-2024,,08-12-2021
251,Healthcare,Ministry of Health & Family Welfare,"Medical Education, Ministry of Health and Family Welfare",707086,Establishment of new GMC Rudrapur,325,0,353.01,95,31-12-2026,,04-10-2022
252,Healthcare,Ministry of Health & Family Welfare,"Medical Education, Ministry of Health and Family Welfare",706966,Establishment of new GMC Samastipur,189,0,113.4,0,01-01-1900,,
253,Healthcare,Ministry of Health & Family Welfare,"Medical Education, Ministry of Health and Family Welfare",706965,Establishment of new GMC Saran [Chhapara],189,0,113.4,0,01-01-1900,,
254,Healthcare,Ministry of Health & Family Welfare,"Medical Education, Ministry of Health and Family Welfare",707016,Establishment of new GMC Sitamarhi,250,0,150,0,01-01-1900,,
255,Healthcare,Ministry of Health & Family Welfare,"Medical Education, Ministry of Health and Family Welfare",707018,Establishment of new GMC Siwan,250,0,150,0,01-01-1900,,
256,Healthcare,Ministry of Health & Family Welfare,"Medical Education, Ministry of Health and Family Welfare",707051,Establishment of new GMc Udhampur,325,0,222,75,31-03-2027,,27-09-2019
257,Healthcare,Ministry of Health & Family Welfare,"Medical Education, Ministry of Health and Family Welfare",706989,Establishment of new GMC West Garo Hills [Tura],189,0,170.1,0,01-01-1900,,
258,Healthcare,Ministry of Health & Family Welfare,PMSSY AND Institute of NATIONAL Importance,617883,"Redevelopment of Residential colonies at Ayur Vigyan Nagar and West Ansari Nagar campuses of AIIMS, New Delhi",4441,0,44.44,57,02-06-2027,,25-10-2016
259,Healthcare,Ministry of Health & Family Welfare,PMSSY AND Institute of NATIONAL Importance,617882,"Setting up IT Infrastructure including Network Security and Hosting at AIIMS, New Delhi",358,0,53.73,40,10-09-2026,,11-09-2025
260,Healthcare,Ministry of Labour and Employment,Employee's State Insurance Company [ESIC],612186,350 Bedded [Upgradable to 500 beds] ESI Hospital at Sanand,558,0,55.81,28,04-03-2026,08-05-2027,18-06-2022
261,Healthcare,Ministry of Labour and Employment,Employee's State Insurance Company [ESIC],612748,"Construction of 100 bed ESI Hospital and Staff Quarters [32 Nos.] at Harohalli, Karnataka",151,0,31.05,28,28-02-2027,,16-07-2019
262,Healthcare,Ministry of Labour and Employment,Employee's State Insurance Company [ESIC],612513,"Construction of 100 Bedded ESI Hospital at Duburi, Odisha.",165,0,16.44,7,09-06-2027,,10-12-2010
263,Healthcare,Ministry of Labour and Employment,Employee's State Insurance Company [ESIC],612745,"Construction of 200 bed ESI Hospital at Bommasandra, Karnataka",278,0,80.52,35,12-01-2027,28-05-2027,18-02-2015
264,Healthcare,Ministry of Labour and Employment,Employee's State Insurance Company [ESIC],612213,"Construction of 200 Bedded ESIC Hospital at Butibori, Nagpur, Maharashtra.",195,196.7,116.22,67,31-08-2025,30-09-2026,28-10-2013
265,Healthcare,Ministry of Labour and Employment,Employee's State Insurance Company [ESIC],612259,CONSTRUCTION OF 300 BEDDED HOSPITAL AT HARIDWAR,102,297.63,340.3,90,30-10-2024,31-07-2026,22-02-2021
266,Healthcare,Ministry of Labour and Employment,Employee's State Insurance Company [ESIC],612167,"Construction of 350 beds + 50 Super Specialty beds ESIC Hospital Sheelanagar, Visakhapatnam, Andhra Pradesh",384,0,286.38,95,09-10-2025,31-08-2026,22-02-2021
267,Healthcare,Ministry of Labour and Employment,Employee's State Insurance Company [ESIC],612211,"Demolition, Construction and upgradation of ESI Hospital, Kalol, Gujarat from 50 beds to 150 beds.",206,0,51.74,58,05-10-2025,30-11-2026,26-08-2022
268,Healthcare,Ministry of Labour and Employment,Employee's State Insurance Company [ESIC],616691,"Upgradation & Extension of ESIC Hospital and Construction of PG Hostel / Staff Housing for ESIC Hospital at Andheri, Mumbai",260,0,216.46,89,15-08-2025,30-09-2026,26-12-2008
269,Inland Waterways,"Ministry of Ports, Shipping and Waterways",Inland Waterways Authority of India [IWAI],701565,Jal Marg Vikas Project,5369,5061.15,4187.19,85,31-12-2023,24-10-2026,03-01-2018
270,Logistics Infrastructure,Department for Promotion of Industry & Internal Trade,NICDC,707410,Integrated Multi Modal Logistics Hub at Nangal Chaudhary in Haryana - Other Trunk Infrastructure Development Phase 1,763,0,430,60,31-12-2023,15-05-2028,16-05-2018
271,Metals & Mining,Ministry of Mines,National Aluminium Company Limited [NALCO],709832,25.5 MW WIND POWER PROJECT AT KAYATHAR IN TAMILNADU,166,0,135,70,31-03-2025,31-03-2026,27-09-2017
272,Metals & Mining,Ministry of Mines,National Aluminium Company Limited [NALCO],400141,Expansion of Alumina Refinery Plant with addition of 5th Stream having capacity enhancement of 1.0 Million Tonee Per Annum,4103,5677.4,5023.49,96,31-12-2022,30-06-2026,21-04-2017
273,Metals & Mining,Ministry of Mines,Hindustan Copper Limited [HCL],400426,Expansion of Malanjkhand Copper Project,1856,3800,1018.09,28,30-04-2020,31-03-2029,30-09-2011
274,Metals & Mining,Ministry of Mines,National Aluminium Company Limited [NALCO],400299,Pottangi Bauxite Mines Project,1381,1960.77,770.37,52,31-03-2025,30-11-2026,14-05-2018
275,Metals & Mining,Ministry of Mines,National Aluminium Company Limited [NALCO],709831,SOURCING OF BAUXITE ARRANGEMENT FOR 5TH STREAM ALUMINA REFINERY FROM SOUTH BLOCK MINING LEASE OF PANCHPATMAILI MINES,483,0,453.89,93,31-05-2025,30-06-2026,11-11-2017
276,Metals & Mining,Ministry of Steel,National Mineral Development Corporation Limited [NMDC],615202,Capacity expansion of Deposit-14 and 14 NMZ at Kirandul,1700,1756.2,292.01,23,31-12-2028,27-03-2028,12-08-2021
277,Oil & Gas,Ministry of Petroleum & Natural Gas,Hindustan Petroleum Corporation Limited,400171,2G Ethanol Biorefinery at Bathinda,1421,1421.46,1291.35,96,18-02-2023,31-12-2026,19-05-2020
278,Oil & Gas,Ministry of Petroleum & Natural Gas,Gas Authority of India Limited [GAIL],400168,"500 KTA PDHPP Project, Usar",8797,11256,8861.88,92,08-04-2025,30-06-2027,08-04-2021
279,Oil & Gas,Ministry of Petroleum & Natural Gas,Bharat Petroleum Corporation Limited [BPCL],617822,ATF Pipeline from BPCLs Malkapur POL Installation to Hyderabad International airport,215,215,46.87,29,24-09-2027,,06-03-2025
280,Oil & Gas,Ministry of Petroleum & Natural Gas,Bharat Petroleum Corporation Limited [BPCL],617838,Augmentation of CCKPL and IDPL Pipelines capacity along with setting up of Palakkad TOP,1130,1130,324.61,49,31-08-2028,,12-09-2024
281,Oil & Gas,Ministry of Petroleum & Natural Gas,Gas Authority of India Limited [GAIL],619224,Augmentation of DUPL-DPPL Pipeline,844,844,1.2,8,22-03-2028,,23-06-2025
282,Oil & Gas,Ministry of Petroleum & Natural Gas,Indian Oil Corporation Limited [IOCL],709786,"Augmentation/ Revamping of Dimapur Depot, Dimapur",228,227.62,28.03,43,30-11-2027,,18-08-2023
283,Oil & Gas,Ministry of Petroleum & Natural Gas,Indian Oil Corporation Limited [IOCL],709776,Augmentation/Revamping of Facilities at existing Guwahati Terminal at Betkuchi,277,323.09,236.16,84,30-09-2026,,06-04-2022
284,Oil & Gas,Ministry of Petroleum & Natural Gas,Indian Oil Corporation Limited [IOCL],701324,Barauni Refinery Capacity Expansion from 6.0 to 9.0 MMTPA,14810,16724,13089.8,92,30-04-2023,31-12-2026,30-01-2020
285,Oil & Gas,Ministry of Petroleum & Natural Gas,Oil and Natural Gas Corporation Limited [ONGC],709850,Borholla GGS Life Extension Project [BLEP],199,198.7,110.99,64,16-05-2026,31-03-2027,18-09-2023
286,Oil & Gas,Ministry of Petroleum & Natural Gas,Bharat Petroleum Corporation Limited [BPCL],619312,Bulk Loading Hub- Kanpur,186,186,104.24,62,30-09-2027,,26-09-2025
287,Oil & Gas,Ministry of Petroleum & Natural Gas,Gas Authority of India Limited [GAIL],617830,C2/C3 Vijaipur Pata Pipeline,1792,1792,541.2,73,15-01-2027,,16-05-2024
288,Oil & Gas,Ministry of Petroleum & Natural Gas,Indian Oil Corporation Limited [IOCL],709779,Capacity Expansion of Digboi Refinery from 0.65 to 1.0 MMTPA,768,740,250.84,60,08-03-2026,31-07-2027,28-06-2022
289,Oil & Gas,Ministry of Petroleum & Natural Gas,Indian Oil Corporation Limited [IOCL],701289,Capacity Expansion of Panipat Refinery from 15 to 25 MMTPA,34627,36225,28007.3,94,30-09-2024,31-12-2026,26-02-2021
290,Oil & Gas,Ministry of Petroleum & Natural Gas,Chennai Petroleum Corporation Limited [CPCL],604795,CBR 9 MMTPA Project,31580,36354,1615.38,10,02-06-2025,,03-09-2021
291,Oil & Gas,Ministry of Petroleum & Natural Gas,Indian Oil Corporation Limited [IOCL],619196,Change of service of existing Mundra-Panipat Pipeline [Panipat - Churwa section] from Crude oil to Product,359,359,52.55,43,30-04-2027,,30-05-2025
292,Oil & Gas,Ministry of Petroleum & Natural Gas,GAIL Gas,617818,"City Gas Distribution [CGD] Project in Gajapati, Kandhamal, Boudh, & Sonepur GA",515,514.91,25.77,6,31-12-2031,,28-02-2022
293,Oil & Gas,Ministry of Petroleum & Natural Gas,GAIL Gas,617819,"City Gas Distribution [CGD] Project in Kondagaon, Bastar, Sukma, Narayanpur, Bijapur & Dantewada GA",557,557.04,11.63,2,12-06-2030,,13-06-2022
294,Oil & Gas,Ministry of Petroleum & Natural Gas,Gas Authority of India Limited [GAIL],701338,City Gas Distribution Maharashtra Natural Gas Limited,5535,5535,4481.93,47,08-06-2031,,13-01-2006
295,Oil & Gas,Ministry of Petroleum & Natural Gas,Indian Oil Corporation Limited [IOCL],709771,"City Gas Distribution Project at Beed, Jalgaon and Jalna Districts",865,865,89.23,3,30-09-2031,,15-03-2022
296,Oil & Gas,Ministry of Petroleum & Natural Gas,Indian Oil Corporation Limited [IOCL],709772,"City Gas Distribution Project at East Mednipore, West Mednipore & Jhargram Districts",609,609,64.44,3,30-06-2031,,23-03-2022
297,Oil & Gas,Ministry of Petroleum & Natural Gas,Indian Oil Corporation Limited [IOCL],709773,"City Gas Distribution Project at Jammu, Udhampur, Reasi, Samba and Kathua Districts",538,538,4.45,1,30-09-2034,,15-03-2022
298,Oil & Gas,Ministry of Petroleum & Natural Gas,Indian Oil Corporation Limited [IOCL],709770,City Gas Distribution Project at Pathankot District,151,151,9.02,2,30-09-2033,,29-03-2022
299,Oil & Gas,Ministry of Petroleum & Natural Gas,Bharat Petroleum Corporation Limited [BPCL],709791,City Gas Distribution Projects at Alipurduar and Cooch Behar,1017,1017,238.41,44,31-03-2030,,21-12-2022
300,Oil & Gas,Ministry of Petroleum & Natural Gas,Bharat Petroleum Corporation Limited [BPCL],709792,"City Gas Distribution Projects at Darbhanga, Madhubani, Supaul, Sitamarhi and Sheohar districts",3638,3638,493.91,34,31-03-2030,,21-12-2022
301,Oil & Gas,Ministry of Petroleum & Natural Gas,Bharat Petroleum Corporation Limited [BPCL],709794,"City Gas Distribution Projects at Fazilka [except area already authorized], Ganganagar and Hanumangarh districts",3207,3207,429.3,31,30-06-2030,,21-12-2022
302,Oil & Gas,Ministry of Petroleum & Natural Gas,Bharat Petroleum Corporation Limited [BPCL],709793,"City Gas Distribution Projects at Gopalganj, Siwan, West Champaran, East Champaran and Deoria districts",3919,3919,527.15,30,30-06-2030,,21-12-2022
303,Oil & Gas,Ministry of Petroleum & Natural Gas,Bharat Petroleum Corporation Limited [BPCL],709795,"City Gas Distribution Projects at Lakhimpur Kheri , Sitapur, Bahraich, Shravasti,Balrampur, Siddharth Nagar & Maharajganj districts",16654,16654,754.7,20,30-06-2030,,21-12-2022
304,Oil & Gas,Ministry of Petroleum & Natural Gas,Bharat Petroleum Corporation Limited [BPCL],709796,City Gas Distribution Projects at the Nilgiris and Erode districts,3685,3685,303.1,26,31-03-2030,,21-12-2022
305,Oil & Gas,Ministry of Petroleum & Natural Gas,Numaligarh Refinery Limited,617836,Coke Drum Structure Package,635,635.28,464.46,72,31-12-2025,,20-12-2022
306,Oil & Gas,Ministry of Petroleum & Natural Gas,Oil and Natural Gas Corporation Limited [ONGC],709838,Commercial Polymer Flooding Project in Bechraji field,621,739.02,280.45,50,30-11-2024,31-05-2027,21-01-2022
307,Oil & Gas,Ministry of Petroleum & Natural Gas,Indian Oil Corporation Limited [IOCL],709780,Construction of Additional Tankages and Allied Facilities at JNPT Terminal,341,436.14,305.01,73,31-08-2026,,19-04-2022
308,Oil & Gas,Ministry of Petroleum & Natural Gas,Oil India Limited,616858,"Construction of Field Gas Gathering Station at Baghjan area for collection, processing & transportation of natural Gas to be produced from Baghjan Field",431,430.76,348.65,96,31-03-2024,30-11-2026,29-12-2020
309,Oil & Gas,Ministry of Petroleum & Natural Gas,Oil and Natural Gas Corporation Limited [ONGC],709837,"Creation of Gas Dehydration Facilities, Tripura Asset",209,131.51,81.31,71,31-05-2024,31-10-2026,08-03-2022
310,Oil & Gas,Ministry of Petroleum & Natural Gas,Bharat Petroleum Corporation Limited [BPCL],709800,"CUF POL Depot at Sadashibpur [Meramundali], Odisha",394,393.54,233.3,86,31-03-2026,30-09-2026,21-04-2021
311,Oil & Gas,Ministry of Petroleum & Natural Gas,Oil and Natural Gas Corporation Limited [ONGC],709839,Daman Upside Development Project,4144,6406.9,6302.5,93,31-10-2025,31-12-2026,29-06-2022
312,Oil & Gas,Ministry of Petroleum & Natural Gas,Numaligarh Refinery Limited,709864,DCU Revamp Project,370,370,310.38,80,17-07-2024,31-03-2027,05-08-2021
313,Oil & Gas,Ministry of Petroleum & Natural Gas,Mangalore Refinery and Petrochemicals Limited,616879,Demo Bio-ATF Project,364,364,91.39,55,16-01-2027,,22-03-2024
314,Oil & Gas,Ministry of Petroleum & Natural Gas,Oil and Natural Gas Corporation Limited [ONGC],610984,Development of Jharia CBM Block [Phase-1],431,431,267.74,66,21-01-2024,30-09-2026,21-11-2019
315,Oil & Gas,Ministry of Petroleum & Natural Gas,Oil India Limited,604863,Development of Surface Facilities for production and evacuation of Crude Oil and Natural Gas from Nadua and East Khagorija,683,726.93,601.12,94,29-02-2020,31-12-2026,10-01-2018
316,Oil & Gas,Ministry of Petroleum & Natural Gas,Gas Authority of India Limited [GAIL],701344,Dhamra Haldia Pipeline Project,1031,1125,927.4,94,07-11-2022,30-09-2026,03-03-2020
317,Oil & Gas,Ministry of Petroleum & Natural Gas,Gas Authority of India Limited [GAIL],617302,Durgapur - Haldia Pipeline [Section-3B of JHBDPL Project],1740,2583,2380.8,96,31-12-2020,30-09-2026,01-03-2017
318,Oil & Gas,Ministry of Petroleum & Natural Gas,Bharat Petroleum Corporation Limited [BPCL],709798,Ethylene Cracker Project at Bina Refinery including downstream Petrochemical Plants and expansion of Refinery,43367,43367,6104,34,31-05-2028,,15-05-2023
319,Oil & Gas,Ministry of Petroleum & Natural Gas,Oil India Limited,619316,"Group Gathering Station, Lakwagaon",496,495.59,20.04,8,23-10-2027,,09-10-2025
320,Oil & Gas,Ministry of Petroleum & Natural Gas,Gas Authority of India Limited [GAIL],612853,Gurdaspur Jammu Pipeline,522,521.9,326.4,91,11-07-2026,,12-07-2023
321,Oil & Gas,Ministry of Petroleum & Natural Gas,Hindustan Petroleum Corporation Limited,709753,Haldia Panagarh Pipeline Project,1010,1107,884.2,98,08-11-2025,31-08-2026,09-11-2022
322,Oil & Gas,Ministry of Petroleum & Natural Gas,Hindustan Petroleum Corporation Limited,709752,HP-COAT [Crude to Olefins and Aromatics Technology] demo unit at Visakh Refinery,160,220,158.94,94,30-06-2024,28-02-2027,23-09-2021
323,Oil & Gas,Ministry of Petroleum & Natural Gas,Indian Oil Corporation Limited [IOCL],604853,"Indian Oil Technology Development and Deployment Centre at R&D Campus-II, Faridabad",2282,3200,1922.03,65,31-12-2022,31-07-2027,27-06-2019
324,Oil & Gas,Ministry of Petroleum & Natural Gas,Indian Oil Corporation Limited [IOCL],709777,Installation of Bitumen Manufacturing Unit along with allied facilities at Barauni Refinery,389,410.3,124.57,66,30-04-2025,30-06-2027,31-01-2022
325,Oil & Gas,Ministry of Petroleum & Natural Gas,Gas Authority of India Limited [GAIL],619225,Installation of Compression facility at GAIL Usar,260,260.2,0,0,08-04-2027,,09-04-2025
326,Oil & Gas,Ministry of Petroleum & Natural Gas,Indian Oil Corporation Limited [IOCL],709783,"Installation of Multiple Effect Evaporator [MEE] for ETP-1, 2 & 4 of Panipat Refinery and Petrochemical Complex.",165,247.69,193.38,92,30-06-2023,31-10-2026,22-12-2020
327,Oil & Gas,Ministry of Petroleum & Natural Gas,Indian Oil Corporation Limited [IOCL],709778,Installation of new Biturox Unit along with allied facilities at Gujarat Refinery,328,344.36,218.17,88,08-08-2025,31-12-2026,31-01-2022
328,Oil & Gas,Ministry of Petroleum & Natural Gas,Oil and Natural Gas Corporation Limited [ONGC],709851,Integrated Development of 4 Contract Areas under DSF-II,6184,6183.79,2053,47,30-04-2027,,26-05-2023
329,Oil & Gas,Ministry of Petroleum & Natural Gas,Indian Oil Corporation Limited [IOCL],604859,Integrated Para Xylene [PX] and Purified Terephthalic Acid [PTA] Project at Paradip Refinery,13805,11783,8870.29,95,31-01-2024,31-08-2026,31-07-2020
330,Oil & Gas,Ministry of Petroleum & Natural Gas,Oil and Natural Gas Corporation Limited [ONGC],709842,"Kalol Redevelopment Project, Ahmedabad Asset",1487,1487.41,946.45,66,31-03-2027,,30-08-2022
331,Oil & Gas,Ministry of Petroleum & Natural Gas,Bharat Petroleum Corporation Limited [BPCL],619191,Kanpur LPG Bottling Plant,202,202,132.75,62,30-09-2027,,26-09-2025
332,Oil & Gas,Ministry of Petroleum & Natural Gas,Oil and Natural Gas Corporation Limited [ONGC],400120,KG-DWN-98/2 Cluster - II Development Project - NELP Block,34012,34012,33192,97,30-06-2020,30-09-2026,28-03-2016
333,Oil & Gas,Ministry of Petroleum & Natural Gas,Gas Authority of India Limited [GAIL],701228,Kochi - Koottanad - Bangalore - Mangalore Pipeline Phase-II,2915,5909,4881.8,97,31-12-2012,30-09-2026,22-06-2009
334,Oil & Gas,Ministry of Petroleum & Natural Gas,Indian Oil Corporation Limited [IOCL],709785,Laying of Natural Gas Pipeline from Hazaribagh to Ranchi [HRPL],202,202.07,65.98,58,08-02-2026,31-03-2027,09-02-2023
335,Oil & Gas,Ministry of Petroleum & Natural Gas,Chennai Petroleum Corporation Limited [CPCL],709750,Laying of new 28 inch Desal Water Pipeline and 10 inch Reject Water Pipeline between CPCL Manali Refinery and CPCL Desalination plant at Ennore,205,205,117.88,77,21-09-2025,31-12-2026,22-01-2024
336,Oil & Gas,Ministry of Petroleum & Natural Gas,Oil and Natural Gas Corporation Limited [ONGC],400119,Life Extension of 48 well platforms of Mumbai High & Heera Fields,3191,3375.9,3123.2,90,30-04-2018,31-10-2026,22-12-2015
337,Oil & Gas,Ministry of Petroleum & Natural Gas,Hindustan Petroleum Corporation Limited,616933,Lube Modernization & Bottom Upgradation Project at Mumbai Refinery,4679,6008,314.9,14,16-03-2028,31-08-2029,16-12-2024
338,Oil & Gas,Ministry of Petroleum & Natural Gas,Indian Oil Corporation Limited [IOCL],701330,Mehsana-Bhatinda & Bhatinda-Jammu Natural Gas Pipeline,7392,7392,6360.86,90,30-06-2024,,07-07-2011
339,Oil & Gas,Ministry of Petroleum & Natural Gas,Oil and Natural Gas Corporation Limited [ONGC],709848,MHN TCPP PGC BGC Project [MTPBP],2329,2354.23,1930.25,96,19-05-2026,31-12-2026,29-06-2022
340,Oil & Gas,Ministry of Petroleum & Natural Gas,Indradhanush Gas Grid Limited,701346,North East Gas Grid,9265,9265,7008,88,31-03-2024,31-03-2028,01-04-2020
341,Oil & Gas,Ministry of Petroleum & Natural Gas,Numaligarh Refinery Limited,604791,Numaligarh Refinery Expansion Project,12366,25313,20411.2,87,27-07-2024,31-03-2027,27-07-2020
342,Oil & Gas,Ministry of Petroleum & Natural Gas,Oil and Natural Gas Corporation Limited [ONGC],709841,Old Pipe Line Replacement [OPRP] Group-A,173,169.84,168.22,95,18-07-2025,16-11-2026,01-07-2021
343,Oil & Gas,Ministry of Petroleum & Natural Gas,Oil and Natural Gas Corporation Limited [ONGC],619328,ONGC-BP Redevelopment Phase-1 Scheme of Mumbai High Field,3713,3908,2304.68,56,31-03-2027,,25-11-2025
344,Oil & Gas,Ministry of Petroleum & Natural Gas,Bharat Petroleum Corporation Limited [BPCL],619223,Petro Resid Fluidized Catalytic Cracking [PRFCC] Unit and its associated facilities at Mumbai Refinery,13626,13626,93.6,7,30-09-2029,,30-05-2025
345,Oil & Gas,Ministry of Petroleum & Natural Gas,Indian Oil Corporation Limited [IOCL],701329,Petrochemical and Lube Integration Project at Gujarat Refinery,18936,17825,13901.1,90,31-08-2024,30-11-2026,21-09-2020
346,Oil & Gas,Ministry of Petroleum & Natural Gas,Oil and Natural Gas Corporation Limited [ONGC],709847,Pipeline Network Project Rudrasagar,481,481.03,238.83,55,27-04-2026,30-04-2027,27-01-2023
347,Oil & Gas,Ministry of Petroleum & Natural Gas,Oil India Limited,617827,"Pipeline Rehabilitation Project, Phase-II",680,680,13.53,29,17-12-2029,,18-12-2024
348,Oil & Gas,Ministry of Petroleum & Natural Gas,Oil and Natural Gas Corporation Limited [ONGC],619314,Pipeline Replacement Project- PRP-IX,6684,6175,979.47,24,15-05-2027,,21-08-2025
349,Oil & Gas,Ministry of Petroleum & Natural Gas,Bharat Petroleum Corporation Limited [BPCL],709797,POL & LOBS Installations with Receipt Pipelines at Rasayani,2585,2585,1507.62,87,31-05-2026,,15-05-2023
350,Oil & Gas,Ministry of Petroleum & Natural Gas,Indian Oil Corporation Limited [IOCL],611917,Poly Butadiene Rubber plant at Panipat,1459,2531.44,1560.24,90,31-03-2025,31-12-2026,16-03-2022
351,Oil & Gas,Ministry of Petroleum & Natural Gas,Numaligarh Refinery Limited,709865,Power Recovery Turbine [PRT] in PFCCU unit as an Energy Conservation Scheme,294,293.5,81.84,99,31-12-2024,31-12-2026,12-04-2023
352,Oil & Gas,Ministry of Petroleum & Natural Gas,Mangalore Refinery and Petrochemicals Limited,612790,Power System Upgradation Project,385,385,271.36,90,17-11-2025,30-09-2026,30-10-2023
353,Oil & Gas,Ministry of Petroleum & Natural Gas,Hindustan Petroleum Corporation Limited,619226,Provision of four bitumen tanks with capacity of 5 TMT each at Visakh Refinery,258,258.34,8.67,20,24-03-2028,,24-09-2025
354,Oil & Gas,Ministry of Petroleum & Natural Gas,Oil and Natural Gas Corporation Limited [ONGC],616950,PRP-VIII [Group-A],1589,1486.4,629.46,60,28-02-2026,,05-09-2024
355,Oil & Gas,Ministry of Petroleum & Natural Gas,Oil and Natural Gas Corporation Limited [ONGC],709849,PRP-VIII Group B [NH & BS Asset],2547,3348.6,3003.9,99,28-02-2026,31-12-2026,20-06-2024
356,Oil & Gas,Ministry of Petroleum & Natural Gas,Oil and Natural Gas Corporation Limited [ONGC],400169,Redevelopment of Linch Field,631,845.42,622.24,94,31-03-2025,31-10-2026,23-04-2021
357,Oil & Gas,Ministry of Petroleum & Natural Gas,Oil and Natural Gas Corporation Limited [ONGC],400167,Redevelopment of Santhal Field [Onshore-Mehsana Asset],1163,1162.56,1127.73,97,31-03-2026,31-12-2026,23-02-2017
358,Oil & Gas,Ministry of Petroleum & Natural Gas,Oil and Natural Gas Corporation Limited [ONGC],400087,Redevelopment of Sobhasan Complex,886,1347.61,1062.32,96,31-03-2027,,13-08-2021
359,Oil & Gas,Ministry of Petroleum & Natural Gas,Oil and Natural Gas Corporation Limited [ONGC],709840,"Restoration of Gas Terminal, Phase-I [Part-A], Hazira",249,249.43,219.56,98,10-02-2025,,27-05-2022
360,Oil & Gas,Ministry of Petroleum & Natural Gas,Indian Oil Corporation Limited [IOCL],709781,Revamping / Augmentation of Facilities at Mathura Bitumen Plant,260,260.12,23.58,57,30-06-2027,31-12-2026,19-04-2022
361,Oil & Gas,Ministry of Petroleum & Natural Gas,Oil and Natural Gas Corporation Limited [ONGC],709845,"Revamping of SV Stations, Gas Terminal & Kribhco Terminal",837,1119.86,469.99,71,31-08-2026,,30-11-2022
362,Oil & Gas,Ministry of Petroleum & Natural Gas,Indian Oil Corporation Limited [IOCL],709774,Revamping/ Augmentation of facilities at existing port terminal at Mangalore,463,500.62,327.65,86,31-12-2025,30-06-2027,31-01-2022
363,Oil & Gas,Ministry of Petroleum & Natural Gas,Bharat Petroleum Corporation Limited [BPCL],617304,"Setting up of LPG Plant with Rail Unloading Facility at Hathua, Dist. Gopalganj, Bihar",340,340.15,186.21,56,01-03-2027,,27-10-2023
364,Oil & Gas,Ministry of Petroleum & Natural Gas,Bharat Petroleum Corporation Limited [BPCL],709799,Setting up Polypropylene Unit at Kochi Refinery,4460,4850,1026,45,31-10-2027,,19-12-2023
365,Oil & Gas,Ministry of Petroleum & Natural Gas,Numaligarh Refinery Limited,617837,Siliguri Marketing Terminal [SMT] Capacity Augmentation Project,484,484,319.32,89,31-12-2025,31-10-2026,08-11-2021
366,Oil & Gas,Ministry of Petroleum & Natural Gas,Indian Oil Corporation Limited [IOCL],617828,Siliguri-Jhapa Pipeline Project,267,267,3.19,16,31-08-2029,31-08-2029,30-09-2024
367,Oil & Gas,Ministry of Petroleum & Natural Gas,Hindustan Petroleum Corporation Limited,616254,Visakh Raipur Pipeline Project,2212,2212,570,38,10-09-2027,,11-09-2024
368,Railways,Ministry of Coal,Railway,400203,Dharamjaigarh-Korba,1686,2438.53,792.73,44,31-12-2026,31-08-2026,22-05-2018
369,Railways,Ministry of Coal,Ministry of Coal,400416,Shivpur-Kathautia New Rail [BG] Line [49 km] [Package II of Tori-Shivpur-Kathautia line],1800,2564.34,1784.77,72,30-06-2025,30-06-2027,27-02-2018
370,Railways,Ministry of Railways,CAO/C/SCoR SCoR mor,616697,3rd & 4 th line Vadlapudi-Gate Jn. incl. tie line between Gangavaram Port-Visakhapatnam Steel Plant12.04 km PB73/2023-24/NR,154,0,89.67,87,30-06-2026,,11-04-2023
371,Railways,Ministry of Railways,CAOC/SECR SECR mor,709819,3rd & 4th line - Saragbundia & Madwarani 12.2 km PB72/NR/2022-23,168,0,28.44,10,31-12-2026,31-12-2026,12-09-2022
372,Railways,Ministry of Railways,CAO/C/ECOR ECoR mor,612834,3rd & 4th line between Sarla - Sason 8 km PB73/2023-24/NR,252,0,169.6,88,28-12-2025,,19-04-2023
373,Railways,Ministry of Railways,CAO/C/SER SER mor,616227,3rd line between Chandil - Anara- Damodar section 121.26 km,1932,1932.01,9.07,0,30-09-2029,,09-09-2024
374,Railways,Ministry of Railways,Central Railway [CR] - II,705506,3rd Line Manmad - Jalgaon [160 Kilometres],1035,1870,1843.54,100,31-12-2024,24-11-2025,30-05-2017
375,Railways,Ministry of Railways,CAOC/SECR SECR mor,709815,4th line - Bhatapara-Hathband 8.8 km PB72/NR/2022-23,177,177.03,21.08,3,31-01-2027,31-12-2027,30-09-2022
376,Railways,Ministry of Railways,CAOC/SECR SECR mor,709816,4th line - Bhilai-Bhilai nagar 8.8 km PB72/NR/2022-23,177,177.34,35.21,3,28-02-2027,28-02-2027,30-09-2022
377,Railways,Ministry of Railways,CAOC/SECR SECR mor,709817,4th line - Dadhapara-Belha 9.2 km PB72/NR/2022-23,169,169.06,65.43,10,30-11-2026,26-11-2026,15-09-2022
378,Railways,Ministry of Railways,CAOC/SECR SECR mor,709818,4th line - Rajnandgaon-Dongarhgarh 31.2 km PB72/NR/2022-23,328,328.34,98.21,5,31-01-2027,31-01-2027,12-09-2022
379,Railways,Ministry of Railways,CAO/C/NCR,705919,Agra Fort-Bandikui Doubling Line Project,1390,1390,529.92,56,30-06-2027,27-06-2027,01-06-2022
380,Railways,Ministry of Railways,CAOC/CR CR mor,705356,Ahmednagar - Beed - Parli - Vaijnath New Broad Gauge Line Railway Project [261.3 km],2539,5942.48,5054.69,93,31-12-2026,31-03-2026,21-02-1997
381,Railways,Ministry of Railways,CAOC/NWR NWR mor,616843,Ajmer-Chanderiya section 178.28 km Umbrella work PB57/2019-20/NR,1635,1634.79,560.17,23,30-06-2027,31-03-2028,19-02-2024
382,Railways,Ministry of Railways,CAO/C/NCR NCR mor,705774,Aligarh-Daud Khan - 3rd line 6.9 km & construction of flyover at Daud Khan,758,779.49,395.24,87,31-01-2025,31-03-2027,01-04-2019
383,Railways,Ministry of Railways,CAOC/NER NER mor,617252,Anand Nagar - Ghughuli via Maharajganj 53.37 km,958,1501.1,888.5,12,21-03-2028,,25-08-2023
384,Railways,Ministry of Railways,CAOC/NR NR mor,705583,Anand Vihar-Tilak Bridge - 3rd & 4th line 9.77 km,667,701.88,393.68,23,31-03-2023,31-12-2027,06-06-2012
385,Railways,Ministry of Railways,CAO/Con/North/MHX ECR mor,705368,Araria-Supaul 92 km,1605,2621.05,2140.8,40,31-03-2024,31-01-2027,20-08-2009
386,Railways,Ministry of Railways,CAOCON/SCR SCR mor,611751,Aurangabad-Ankai 98.25 km,961,0,381.13,0,31-12-2025,,25-05-2023
387,Railways,Ministry of Railways,CAOC/SWR SWR mor,705495,Bagalkot-Kudachi 142 km,1378,1710.44,797.37,35,31-03-2027,31-01-2027,18-02-2010
388,Railways,Ministry of Railways,CAOC/NER NER mor,400204,"Bahraich - Khalilabad via Bhinga, Shravasti, Balrampur, Utraula, Domriyaganj, Mehdawal, Bansi 240.26 km",4940,4939.78,1671.24,15,30-10-2030,31-10-2030,31-10-2018
389,Railways,Ministry of Railways,M.D/KRIDE SWR mor,703586,Baiyyappanahalli-Hosur 48 km,499,1160,700.64,85,31-12-2024,31-01-2026,01-04-2019
390,Railways,Ministry of Railways,Karnataka Rail Infrastructure Development Company Limited [K-RIDE],705941,Bangalore Suburban Railway Project,15767,0,3277.99,20,31-12-2026,31-03-2030,21-10-2020
391,Railways,Ministry of Railways,CPM/GS/SBC SWR mor,705663,Bangalore-Whitefield-Bangalore City-Krishnarajapuram 23.08 km - Quadrupling,493,717.54,459.94,70,28-02-2026,28-02-2026,20-03-2018
392,Railways,Ministry of Railways,CAO/C/SER SER mor,616586,Bangriposi - Gorumahisani 85.60 km PB9/SECR/2023-24,2269,0,7.31,2,31-12-2029,,19-08-2024
393,Railways,Ministry of Railways,CAO/C-II/NR NR mor,705782,Barabanki-Malhaur - 3rd & 4th Line 32.84 km,407,480.13,444.11,77,31-03-2025,31-08-2026,31-01-2019
394,Railways,Ministry of Railways,CAOC/CR CR mor,705357,Baramati - Lonand 54 km,138,1790.5,1132.25,60,31-03-2027,31-03-2027,04-02-1999
395,Railways,Ministry of Railways,CAO/Con/North/MHX ECR mor,706860,Barauni-Bachwara 16 km - 3rd & 4th line incl Barauni yard remodelling 32 km Umbrella work PB57/2019-20/NR,645,485.58,228.43,38,01-08-2025,31-10-2026,07-10-2022
396,Railways,Ministry of Railways,CAOCWR WR mor,612072,Barejadi Nandej Geratpur - Sanand - 4th line 38.20 km,962,961.67,548.14,23,31-03-2027,31-07-2028,03-02-2023
397,Railways,Ministry of Railways,CAO/C/ECOR ECoR mor,705510,Bhadrak-Nergundi - 3rd line 80 km,1284,1600,1395.78,87,30-11-2024,31-01-2026,06-03-2012
398,Railways,Ministry of Railways,CAO/C/NCR NCR mor,705777,Bhandai - Flyover for Etawah bound down trains 10 km,250,250.18,146.85,11,28-02-2026,28-02-2027,01-04-2019
399,Railways,Ministry of Railways,CMD / RVNL RVNL mor,705780,Bhatni - Aunrihar with electrification 125 km excl Indara - Mau 116.95 km,2529,2529.46,2295.3,94,31-03-2024,30-06-2026,01-03-2018
400,Railways,Ministry of Railways,CAO/C/SER SER mor,705628,Bondamunda - Ranchi 158.50 km,3029,3029.04,2696.32,95,30-06-2025,30-06-2026,31-03-2016
401,Railways,Ministry of Railways,CAOC/SECR SECR mor,706854,Boridand-Ambikapur 118.81 km Umbrella work PB57/2019-20/NR,1376,1576.72,499.37,38,30-06-2030,30-06-2030,08-06-2022
402,Railways,Ministry of Railways,CAO/C/ECOR ECoR mor,400232,Brundamal - Jharsuguda - Fly-over connection for joining down line 6.6 km,297,296.51,46.39,55,31-12-2026,26-12-2026,30-01-2014
403,Railways,Ministry of Railways,CAO/C/ECOR ECoR mor,705515,Budhapank-Salegaon via Rajatgarh - 3rd & 4th line 85 85 km,1173,3034.8,2213.72,86,31-03-2026,31-03-2026,08-12-2015
404,Railways,Ministry of Railways,CAO/C/SER SER mor,616588,Buramara - Chakulia 59.96 km PB9/SECR/2023-24,1459,0,11.7,2,31-12-2029,,19-08-2024
405,Railways,Ministry of Railways,CAOC/NER NER mor,705567,Burhwal - Gonda - 3rd line 61.72 km,1016,1307.62,777.21,100,25-03-2025,30-05-2026,10-11-2017
406,Railways,Ministry of Railways,CAOC/CR CR mor,617364,Central Railway - Double chord line between Nilaje and Kopar 4.495 km PB34/CR/2023-24,338,205,57.54,15,26-07-2028,,27-07-2023
407,Railways,Ministry of Railways,CAOC/NR NR mor,705424,Chandigarh-Baddi 33.23 km,1540,1942.17,1101.73,47,31-12-2026,31-12-2026,15-02-2018
408,Railways,Ministry of Railways,CAOC/SWR SWR mor,706865,Chandorgaon-Cansaulim rail flyover 16 km Umbrella work PB57/2019-20/NR,1892,1892,0,0,31-03-2031,,
409,Railways,Ministry of Railways,CAOC/NER NER mor,705562,Chhapra-Ballia - Patch doubling 65 km,963,1010.84,1000.05,95,25-02-2025,30-05-2026,01-03-2013
410,Railways,Ministry of Railways,CAOCWR WR mor,705454,Chhota Udepur-Dhar 157 km,1794,1993.65,1855.01,58,27-12-2025,27-12-2025,22-02-2007
411,Railways,Ministry of Railways,CPM/ICF,705244,Coach Production Factory Upgradation Project,520,0,192.25,0,31-12-2021,,05-12-2017
412,Railways,Ministry of Railways,Northeast Frontier Railway [NFR],612096,Construction of Balurghat-Hilli new BG Line,1209,1181.57,518.15,18,31-03-2027,31-03-2027,29-12-2010
413,Railways,Ministry of Railways,South Western Railway [SWR] - II,400023,Construction of New BG line between Hassan to Belur [27 Km],749,0,3.43,0,30-04-2028,30-03-2030,01-03-2019
414,Railways,Ministry of Railways,CAO/C/ECOR ECoR mor,616695,Construction of Paradeep- Badabandha 3rd & 4th line 18.51 km PB34/ECOR/2023-24,300,0,21.5,7,30-11-2028,,31-08-2023
415,Railways,Ministry of Railways,CAO/Con/South/MHX ECR mor,617333,Construction of surface traingle between Bhadaura and new crossing station Karma Dildarnagar-Taraghat line 11.1 km PB72/NR/2022-23,200,0,64.04,0,28-02-2027,,06-10-2022
416,Railways,Ministry of Railways,CAOCWR WR mor,705453,"Dahod-Indore via Sardarpur, Jhabua & Dhar 200.97 km incl. material modification for change in alignment via Amjhera 4.82 km",456,9217.23,4509.3,57,28-02-2027,28-02-2027,19-06-2012
417,Railways,Ministry of Railways,Rail Vikas Nigam Limited,705433,Dallirajhra- Rowghat New Railway Line - Phase I [95 km],1628,1628,1440.85,82,30-09-2025,31-12-2025,15-07-2009
418,Railways,Ministry of Railways,CAOC/CR CR mor,705504,Daund - Manmad 247.50 km,2081,3554.74,3191.56,95,01-12-2025,31-03-2026,04-10-2017
419,Railways,Ministry of Railways,CAOC/NWR NWR mor,706836,Dedicatedtest track for RDSO Phase-2 34 km Umbrella work PB22/2019-20/NR,466,619.19,586.33,98,30-11-2026,,18-11-2021
420,Railways,Ministry of Railways,CAO/C-1/NFR NFR mor,705392,Dimapur-Kohima 88 km,6663,15310.2,6719.53,45,26-03-2025,31-12-2029,30-11-2006
421,Railways,Ministry of Railways,CAOC/NWR NWR mor,611884,Doubling between Bhiwani - Dobh Bahali PB73/2023-24/NR,471,471,342.36,77,30-06-2027,28-02-2028,27-02-2023
422,Railways,Ministry of Railways,CAO/C/SCoR SCoR mor,611752,Doubling between Gooty-Pendakallu 29.225 km PB73/2023-24/NR,352,351.83,149.34,0,31-03-2027,27-03-2027,23-03-2023
423,Railways,Ministry of Railways,CAOC/NR NR mor,617370,Doubling between Jaunpur Jn - Zaffarabad 6.28 km PB73/2023-24/NR,181,237.38,78.47,22,31-01-2027,,29-03-2023
424,Railways,Ministry of Railways,CAO/C/SCoR SCoR mor,616857,Doubling between Motumari Vishnupuram 88.81 km and Rail over Rail RoR at Motumari 10.877 Km,1596,0,327.62,22,31-03-2029,,19-02-2024
425,Railways,Ministry of Railways,CAOCON/SCR SCR mor,617215,Doubling between Parbhani-Parli Vaijnath stations 64.71 km PB34/CR/2023-24,770,0,174.3,1,31-03-2028,,16-12-2023
426,Railways,Ministry of Railways,East Coast Railway [ECoR] - II,400048,Doubling of lines connecting the loading spurs in Talcher Yard.,186,0,105.07,88,31-12-2024,30-06-2027,12-09-2022
427,Railways,Ministry of Railways,East Coast Railway [ECoR] - II,400047,Doubling of Lingaraj SILO connectivity of NTPC line and augmentation of NTPC exchange yard and NTPC Block Cabin.,210,0,41.17,53,31-12-2024,31-12-2026,19-08-2022
428,Railways,Ministry of Railways,CAO/Con/South/MHX ECR mor,617231,East Central Railway - Construction of Bulb line at Nabinagar Ankorah 17.49Km PB45/ECoR/2024-25.,612,0,0,0,30-06-2028,,07-06-2024
429,Railways,Ministry of Railways,CAO/CN/ERS SR mor,705639,Ernakulam-Kumbalam - Patch doubling 7.71 km,601,827.5,312.63,25,31-03-2028,28-02-2027,03-04-2023
430,Railways,Ministry of Railways,CAO/Con/South/MHX ECR mor,705373,Fatuah-Islampur incl. material modification for extension of new line from Neora to Daniawan Daniawan to Biharsharif Biharsharif to Barbigha Barbigha to Sheikhpura,1473,3259.35,3041.78,95,31-03-2023,31-08-2025,19-08-2002
431,Railways,Ministry of Railways,CAO/C/SCoR SCoR mor,612827,Flyover between Pendurthi-Simhachalam North to avoid surface crossing at Simhachalam 7.135 km PB73/2023-24/NR,184,0,25.44,21,30-04-2027,,11-04-2023
432,Railways,Ministry of Railways,CAO/C/ECOR ECoR mor,616694,Flyover between Siju & Paradeep coaching yard 7 km PB73/2023-24/NR,201,0,55.91,0,31-07-2028,,19-04-2023
433,Railways,Ministry of Railways,CAOC/SWR SWR mor,705490,Gadag - Wadi 252 km,2842,3668.17,2252.04,35,31-03-2027,31-12-2027,01-04-2013
434,Railways,Ministry of Railways,SECR,602792,Gauge Conversion of Kendri-Dhamtari including Abhanpur - Rajim Branch line 67.20 Kms - 2nd Material Modification to Raipur Titlagarh doubling.,1171,1171,448.77,100,28-02-2025,30-06-2026,01-07-2011
435,Railways,Ministry of Railways,Indian Railway Construction International Limited [IRCON],705444,Gevra Road-Pendra Road New Railway Line [135 km],4970,7448.52,5327.55,83,31-03-2022,31-12-2026,05-04-2014
436,Railways,Ministry of Railways,CAO/Con/South/MHX ECR mor,705765,Gomoh - Flyover for down trains 20 km,686,686.03,531.63,65,26-03-2026,26-03-2026,29-01-2018
437,Railways,Ministry of Railways,NER,617224,Gorakhpur-Valmikinagar Doubling project,1120,0,442.7,32,30-12-2027,,25-08-2023
438,Railways,Ministry of Railways,CAOC/NWR NWR mor,705752,Gudha-Thathana Mithri - Construction of dedicated test track for testing and trial of rolling stocks and infrastructure components umbrella work PB23/2018-19/NR,819,540,326.2,95,30-11-2026,30-11-2026,01-04-2019
439,Railways,Ministry of Railways,CAO/C/ECOR ECoR mor,616839,Gunupur - Therubali new line 73.62 km,1166,1165.73,1.95,0,31-12-2029,,19-08-2024
440,Railways,Ministry of Railways,CAO/C/NCR NCR mor,705419,Gwalior-Sheorpurkalan with extension to Kota 284 km,2913,3947,3068.75,91,31-03-2025,28-02-2026,19-02-2010
441,Railways,Ministry of Railways,CAO/Con/North/MHX ECR mor,705366,Hajipur-Sagauli via Vaishali 148.3 km,2067,3991.33,2843.39,74,31-03-2020,30-06-2027,05-10-2007
442,Railways,Ministry of Railways,CAOC/SWR SWR mor,705493,Hubli-Ankola 167 km,5174,533.32,186.31,10,31-03-2005,31-03-2030,01-01-1999
443,Railways,Ministry of Railways,CAOC/CR CR mor,705507,Itarsi-Nagpur bal. 280 km,2450,2509.24,2290.12,55,31-03-2027,31-12-2027,02-09-2016
444,Railways,Ministry of Railways,CAO/C/ECOR ECoR mor,705511,Jagdalpur-Koraput 110.22 km,1547,1547.38,1382.17,90,31-03-2024,31-12-2026,04-12-2015
445,Railways,Ministry of Railways,CAO/C-II/NR NR mor,705588,Janghai - Pratapgarh - Amethi 87 km,722,1528.83,1216.52,80,31-03-2025,31-03-2026,10-11-2017
446,Railways,Ministry of Railways,CAO/C/ECOR ECoR mor,705514,Jarapaada-Budhapank with flyover at Talcher Road - 3rd & 4th line 47 44 km,1000,928.54,758.57,25,13-11-2018,31-03-2028,18-11-2015
447,Railways,Ministry of Railways,CAO/C/ECOR ECoR mor,705742,Jeypore - Malkangiri 130 km,2344,2343.64,736.58,6,31-07-2033,31-07-2033,18-02-2018
448,Railways,Ministry of Railways,CAO/C/ECOR ECoR mor,705741,Jeypore - Navarangpur 38 km,748,747.91,15.93,1,31-07-2028,31-12-2029,04-07-2017
449,Railways,Ministry of Railways,CAO/Con/South/MHX ECR mor,900874,Jhajha - Batia 20 km Umbrella work PB23/2018-19/NR,588,588.18,26.52,0,31-03-2028,30-01-2030,15-02-2019
450,Railways,Ministry of Railways,CAO/C/NCR NCR mor,705598,Jhansi-Bina - 3rd line 152.57 km,2002,2001.63,1943.61,98,31-03-2022,31-03-2026,08-09-2016
451,Railways,Ministry of Railways,North Central Railway,705608,Jhansi-Khairar-Manikpur & Khirar-Bhimsen,4330,4330,3102.72,73,31-03-2026,31-03-2026,01-03-2018
452,Railways,Ministry of Railways,CAOC/SECR SECR mor,705616,Jharsuguda - Bilaspur - 4th line 206 km,2140,2978.55,2540.98,88,31-10-2024,31-03-2026,08-09-2016
453,Railways,Ministry of Railways,South Eastern Railway [SER] - I,400006,Jharsuguda-Barpali-Sardega Ph II Works- Rail Connectivity for Coal Loading Bulb at Barpali.,809,0,743.46,44,31-10-2025,31-12-2026,05-10-2021
454,Railways,Ministry of Railways,CAO/C-III/NFR NFR mor,705391,Jiribam-Imphal 110 km,14323,21886,16931.5,78,31-12-2026,30-06-2029,15-10-2003
455,Railways,Ministry of Railways,Indian Railway Construction International Limited [IRCON],705450,Jogbani-Biratnagar New Rail Line project,402,486,369.48,86,31-03-2022,31-12-2026,28-06-2010
456,Railways,Ministry of Railways,CAOC/SWR SWR mor,705492,Kadur-Chickmagalur-Sakleshpur 93 km,825,1043.15,790.72,83,30-06-2025,31-12-2025,27-01-2014
457,Railways,Ministry of Railways,CAOC/ER ER mor,400247,"Kalinarayanpur-Krishnanagar with Krishnanagar-Shantipur-Nabadwipghat - GC, Krishnanagar-Chartala, MM for Krishnanagar-Chapra-NL, Naihati-Ranaghat-3rd line, Nabadwipghat-Nabadwipdham upto BB loop 9.58 km, Ranaghat-Lalgola-strengthening bridge No.2",1000,2153.91,925.7,49,28-02-2027,31-03-2028,28-07-2015
458,Railways,Ministry of Railways,CAOC/CR CR mor,705498,Kalyan-Kasara - 3rd line 67.62 km,793,1395.5,1159.82,73,31-12-2026,31-12-2026,14-09-2015
459,Railways,Ministry of Railways,CAO/C-II/NFR NFR mor,617245,Katihar-Kumedpur & Katihar-Mukuria 64.5 km Umbrella work PB57/2019-20/NR,943,1961,952.95,65,31-08-2027,28-02-2027,26-08-2022
460,Railways,Ministry of Railways,GM IRCON KATNI WCR mor,705661,Katni - Grade separator / bypass 21.50 km,1248,2300,1839.46,84,30-09-2024,30-09-2026,05-08-2016
461,Railways,Ministry of Railways,CMD / RVNL RVNL mor,705668,Kharagpur-Adityapur - 3rd line 132 km,3250,3450,3297.43,98,31-03-2025,30-06-2026,05-09-2016
462,Railways,Ministry of Railways,Indian Railway Construction International Limited [IRCON],400220,Kharsia-Dharamjaygarh with Spur line [East Corridor-Phase 1],3055,3798.06,2790.19,95,30-09-2018,31-12-2026,05-03-2016
463,Railways,Ministry of Railways,CAO/C/ECOR ECoR mor,705358,Khurda Road-Bolangir 301 km,3792,6221.98,4825.28,93,31-12-2026,31-12-2026,31-03-1994
464,Railways,Ministry of Railways,CAO/C/ECOR ECoR mor,400291,Kirandul-Jagdalpur 150 km,1589,1798,1369.01,89,31-03-2020,30-04-2027,20-02-2013
465,Railways,Ministry of Railways,CAO/Con/South/MHX ECR mor,617832,Koderma-Barkakana Arigada 133 Km,2887,0,0.85,0,31-12-2029,,24-06-2025
466,Railways,Ministry of Railways,CAO/Con/South/MHX ECR mor,705375,Koderma-Tilaiya 68 km,1626,2433.13,2269.03,90,28-02-2025,28-02-2026,04-11-2004
467,Railways,Ministry of Railways,CAO/C/ECOR ECoR mor,705513,Koraput-Singapur Road 164.56 km,2362,2462.17,2093.47,56,01-12-2027,30-03-2028,08-12-2015
468,Railways,Ministry of Railways,Ministry of Railways-,616983,Kosamba Umarpada GC PROJECT,468,0,70.54,16,30-06-2027,,14-07-2023
469,Railways,Ministry of Railways,CAOCWR WR mor,611918,Kosamba- Umarpada 69.70 Km PB32/WR/2023-24,468,0,146.38,31,30-03-2027,,14-07-2023
470,Railways,Ministry of Railways,CAO/C/ECOR ECoR mor,705512,Kottavalasa-Koraput 189.278 km,2500,3580.41,2300.04,74,31-03-2022,31-03-2028,08-12-2015
471,Railways,Ministry of Railways,CAO/CN/ERS SR mor,705638,Kumbalam-Turavur - Patch doubling 15.59 km,813,1171.46,395.03,30,31-03-2027,31-03-2027,03-04-2023
472,Railways,Ministry of Railways,WPO/Patna,611927,Kurnool - Setting up facilities for coach midlife rehabilitation workshop,561,0,276.66,65,31-12-2023,,01-01-2014
473,Railways,Ministry of Railways,South Central Railway [SCR] - II,705253,Kurnool Coach Midlife Rehabilitation Project,563,560.72,959.27,75,01-12-2020,31-12-2026,16-05-2016
474,Railways,Ministry of Railways,CAO/C/NCR NCR mor,705766,Lalitpur - Birari with flyover at Lalitpur 15.80 km,304,356.1,287.11,85,31-12-2024,31-01-2026,22-03-2017
475,Railways,Ministry of Railways,CE/C-4/WCR WCR mor,705480,"Lalitpur-Satna, Rewa-Singrauli & Mahoba-Khajuraho 541 km",8914,8913.94,6622.82,73,31-03-2027,31-12-2027,24-01-2007
476,Railways,Ministry of Railways,CAO/C/SER SER mor,705785,Lodhma-Piska - Link line bypassing Hatia / Ranchi with Y connection 17.2 km,473,472.5,344.5,14,30-06-2026,31-05-2027,27-08-2021
477,Railways,Ministry of Railways,CAO/C/NR,607653,Ludhiana Mullanpur 21Km Doubling Railway project,235,0,61.39,99,30-06-2024,15-02-2027,
478,Railways,Ministry of Railways,CAOC/NR NR mor,705783,Ludhiana-Kila Raipur 19 km with freight line at Gill station,238,260.33,108.49,70,31-03-2025,28-02-2027,01-03-2019
479,Railways,Ministry of Railways,CAO/C-1/NFR NFR mor,616701,Lumding-Furkating section 140 km Umbrella work PB57/2019-20/NR,2124,2123.7,200.23,1,29-02-2028,,19-02-2024
480,Railways,Ministry of Railways,North Western Railway [NWR],616842,LUNI- SAMDARI- BHILDI DOUBLING,3086,0,962.77,36,31-07-2027,,19-02-2024
481,Railways,Ministry of Railways,CAOC/SR SR mor,705489,Madurai-Tuticorin via Aruppukkottai 143.5 km,601,2053.39,351.21,14,31-07-2021,31-01-2031,01-04-2011
482,Railways,Ministry of Railways,WPO/Patna,611929,Maintenance cum workshop depot for Vande Bharat Sleeper Trains as per conditions under WTA 527,167,0,0,0,29-12-2024,,12-09-2022
483,Railways,Ministry of Railways,CAOC/SWR SWR mor,705491,Marikuppam-Kuppam 23.7 km,297,502.13,145.72,20,30-06-2026,30-06-2026,19-10-2011
484,Railways,Ministry of Railways,CMD / RVNL RVNL mor,705667,Mathura-Jhansi - 3rd line 273.80 km,5961,5960.76,5725.22,94,31-12-2023,31-12-2026,08-09-2016
485,Railways,Ministry of Railways,CAOCWR WR mor,705458,Miyagam-Karjan-Dabhoi-Samlaya 96.46 km- Gauge conversion with electrification,484,1015.07,816.25,34,25-12-2026,31-12-2026,17-01-2017
486,Railways,Ministry of Railways,CAO/C/NCR NCR mor,705772,Mughalsarai - Allahabad - 3rd line 150 km,2649,2649.44,2027.64,77,31-12-2026,31-03-2027,02-08-2019
487,Railways,Ministry of Railways,CAO/Con/South/MHX ECR mor,616699,Multi tracking of Son Nagar-Andal 374.53 rkm & 814.38 tkm PB34/ECOR/2023-24,12334,0,1152.79,3,31-03-2028,,25-08-2023
488,Railways,Ministry of Railways,National High Speed Rail Corporation [NHSRC],705728,Mumbai-Ahmedabad High Speed Rail Project- 508 km,108000,108000,90966.9,62,31-08-2027,31-12-2029,31-03-2015
489,Railways,Ministry of Railways,CAO/C-II/NFR NFR mor,705401,Murkongselek-Pasighat 26.15 km,435,1334.45,1057.21,67,31-03-2025,31-12-2026,09-02-2011
490,Railways,Ministry of Railways,CAO/Con/North/MHX ECR mor,705528,Muzaffarpur - Sagauli 100.6 km,1586,1744.84,1554.88,99,30-06-2024,30-06-2026,01-03-2018
491,Railways,Ministry of Railways,CAOCWR WR mor,709812,Nadiad-Petlad 37.26 km,462,461.91,142.21,30,30-06-2030,30-06-2030,17-05-2022
492,Railways,Ministry of Railways,CAO/C/SCoR SCoR mor,400298,Nadikude-Srikalahasti 308.7 km,2312,5906.03,2535.68,2,31-05-2027,31-03-2028,31-03-2012
493,Railways,Ministry of Railways,CAOC/NR NR mor,705410,Nangal Dam-Talwara 83.74 km - New broad gauge line & taking over siding Mukerian-Talwara 29.16 km,2018,4076.15,2934.27,84,31-12-2025,31-12-2027,31-03-1983
494,Railways,Ministry of Railways,CAO/C/SER SER mor,705629,Narayangarh - Bhadrak - 3rd line 155 km,2400,3425.32,2886.02,84,31-12-2025,31-01-2027,07-03-2019
495,Railways,Ministry of Railways,CAO/Con/North/MHX ECR mor,617239,Narkatiaganj-Raxaul-Sitamarhi-Darbhanga & Sitamarhi-Muzaffarpur Sections doubling 256 km Umbrella work PB57/2019-20/NR,4080,4079.96,18.9,0,05-11-2029,31-03-2030,05-11-2024
496,Railways,Ministry of Railways,CAOC/NWR NWR mor,611855,Nathdwara Mavli - Devgarh Madariya 82.542 km,969,1100,816.16,75,01-06-2028,,24-01-2023
497,Railways,Ministry of Railways,North Eastern Railway [NER],611669,NER Provision of Automatic Block Signalling on Gorakhpur Cantt[Excl] Chhapra Gramin & Burhwal Jn [Excl] Sitapur Jn section of high density routes,380,0,258.65,25,31-03-2027,31-03-2028,20-05-2022
498,Railways,Ministry of Railways,CAOCWR WR mor,611943,New BG line between Naliya - Jakhau Port 24.88 Km,410,410.26,11.86,5,31-01-2028,28-02-2028,22-02-2023
499,Railways,Ministry of Railways,CAOCWR WR mor,709813,New BG line intersection 5 nos between Geratpur-Sanand & Botad-Ahmedabad 16.51 km PB29/NR/2022-23,437,463.95,463.96,22,31-10-2027,27-10-2027,17-10-2022
500,Railways,Ministry of Railways,CAO/C-III/NFR NFR mor,705572,New Bongaigaon - Goalpara - Guwahati Kamakhya 176 km,4060,4983.94,3821.96,91,31-03-2026,31-03-2026,02-09-2016
501,Railways,Ministry of Railways,CAOC/NWR NWR mor,705764,Nimach-Badi Sadri NL Project 48 km,495,895.67,577.16,60,31-03-2026,30-06-2026,04-10-2018
502,Railways,Ministry of Railways,CAOCWR WR mor,705933,Nimach-Ratlam 133 km,1096,1770.58,1488.18,100,31-10-2027,31-10-2027,07-10-2021
503,Railways,Ministry of Railways,CAOC/SECR SECR mor,612815,Nipania-Bhatapra 14.4 km 4th line PB72/NR/2022-23,170,0,12.12,3,31-03-2027,,08-12-2022
504,Railways,Ministry of Railways,RCIL,705298,North Region Video Surveillance Project,274,0,0,48,31-03-2024,,01-06-2020
505,Railways,Ministry of Railways,CAOC/NWR NWR mor,617404,North Western Railway - New line between Ramdevra and Pokhran via Bhairav Gufa - Kailash Tekri 13.38 Km PB30/NR/2025-26,189,0,57.31,3,31-03-2028,,08-04-2025
506,Railways,Ministry of Railways,CAOC/CR CR mor,612845,Pachora-Jamner with extension upto Malkapur-Narrow gauge to broad gauge 84 km,955,2093.82,294.53,10,31-08-2027,,26-08-2022
507,Railways,Ministry of Railways,CAOCWR WR mor,611945,Petlad-Bhadran 22.5 km,307,307.12,114.73,32,31-05-2030,30-05-2030,17-05-2022
508,Railways,Ministry of Railways,Ministry of Railways,400280,Phase II extension of MRTS from Velachery to St Thomas Mount,734,734.01,486.53,100,24-07-2025,30-09-2025,15-11-2007
509,Railways,Ministry of Railways,CAOC/ER ER mor,705385,Pirpainti - Jasidih 97 km,2555,2700.43,1775.66,40,31-03-2028,31-03-2028,31-03-2014
510,Railways,Ministry of Railways,East Central Railway [ECR] - I,706837,Pradhan Kuntha Jn Line Doubling Project,349,349.22,145.57,72,30-11-2027,27-11-2027,21-11-2022
511,Railways,Ministry of Railways,CAO/Con/South/MHX ECR mor,617372,Pradhankhunta Jn-Patherdih Bazar-Bhojudih 17.1 km Umbrella work PB57/2019-20/NR,349,349.22,162.92,60,30-11-2027,31-03-2026,21-11-2022
512,Railways,Ministry of Railways,East Coast Railway [ECoR] - II,400045,Proposed 6 nos Road Over Bridge [ROB] at different locations under MCL Talcher Under Deposit Scheme.,168,0,69.85,82,31-03-2025,31-01-2025,08-08-2022
513,Railways,Ministry of Railways,CAOC/NWR NWR mor,616841,Pushkar - Merta Katyasani 51.346 km,800,799.64,242.08,7,31-12-2026,31-12-2028,13-02-2024
514,Railways,Ministry of Railways,RVNL - II,617409,Railway Manufacturing Unit,521,0,492.12,91,31-12-2026,31-03-2026,01-07-2016
515,Railways,Ministry of Railways,PCE/WR,705793,Raising of speed to 160 kmph/200 kmph on existing New Delhi-Mumbai route incl. Vadodara-Ahmedabad,6806,8095.12,9480.86,66,31-03-2024,31-03-2026,01-09-2019
516,Railways,Ministry of Railways,CAOCWR WR mor,706763,Rajkot-Kanalus 111.20 km,1081,1205.18,1107.75,90,31-10-2026,30-06-2026,07-10-2021
517,Railways,Ministry of Railways,CAOC/SECR SECR mor,705617,Rajnandgaon-Nagpur - 3rd line 228 km,3545,3544.92,3143.54,95,31-12-2024,30-06-2026,08-09-2016
518,Railways,Ministry of Railways,CPM/Kota WCR mor,705481,Ramganj Mandi-Bhopal 262 km,3032,5074.76,4498.51,86,25-12-2025,31-12-2027,22-02-2000
519,Railways,Ministry of Railways,CGM/CIVIL ECR mor,706759,Rampur Dumra-Tal-Rajendrapul - Addl bridge and doubling 14 km,2374,2535.13,2028.18,95,01-12-2024,31-12-2025,04-03-2016
520,Railways,Ministry of Railways,CAOCWR WR mor,705457,Ratlam-Mhow-Khandwa-Akola 472.64 km including material modification for Fatehabad-Chandrawati Ganj-Ujjain 22.96 km and Rau-DADN doubling 9.40 km,1656,13314.5,5045.54,75,31-03-2027,30-09-2028,17-01-2008
521,Railways,Ministry of Railways,CAOC/SWR SWR mor,705494,Rayadurg-Tumkur via Kalyandurg 213 km,2496,4612,1906.63,65,30-09-2015,29-02-2028,22-02-2007
522,Railways,Ministry of Railways,Ministry of Railways,613002,Redevelopment of Chennai Egmore Station,842,0,340,0,31-03-2026,,25-05-2022
523,Railways,Ministry of Railways,Rail Land Development Authority,613015,Redevelopment of Chhatrapati Shivaji Maharaj Terminus [CSMT] and construction of associated infrastructure,1813,0,873.99,25,31-03-2027,,28-04-2023
524,Railways,Ministry of Railways,CAO/C/SCoR SCoR mor,705610,"Renigunta 9.60 km, Wadi 7.60 km & Gooty 3.8 km - Bypass",302,850.74,421.36,50,31-12-2025,31-03-2026,22-04-2016
525,Railways,Ministry of Railways,CAO/C/SER SER mor,615915,Rourkela-Bondamunda A-Cabin 5th line 10 km Umbrella work PB57/2019-20/NR,245,244.99,155.23,45,30-09-2024,30-11-2026,26-09-2022
526,Railways,Ministry of Railways,North Western Railway [NWR],617403,SADULPUR - CHURU DOUBLING PROJECT,469,0,197.84,95,30-06-2026,,24-01-2024
527,Railways,Ministry of Railways,CAO/Con/North/MHX ECR mor,705527,Sagauli - Valmikinagar 109.7 km,1216,1558.77,1460.42,91,24-12-2025,25-12-2025,01-03-2018
528,Railways,Ministry of Railways,CAOC/NER NER mor,400205,Sahjanwa - Dohrighat 81.17 km,1320,1319.75,728.08,1,31-03-2029,31-03-2029,02-08-2019
529,Railways,Ministry of Railways,CAOC/ER ER mor,602797,"Sainthia, Sitarampur, Mughalsarai, Allahabad & Etawah - Bypass 35 km",462,797.94,185.23,15,31-03-2027,27-03-2027,10-08-2017
530,Railways,Ministry of Railways,CAO/Con/North/MHX ECR mor,400254,Sakri-Hasanpur 79 km,735,802.45,615.69,80,31-12-2024,31-03-2027,15-12-2023
531,Railways,Ministry of Railways,CAO/Con/North/MHX ECR mor,705526,Samastipur-Darbhanga 38 km,519,973.56,746.81,92,31-03-2025,31-10-2025,18-11-2015
532,Railways,Ministry of Railways,CAOCWR WR mor,611970,Samlaya-Timba Road 53.53 km,670,670.17,195.1,25,31-03-2030,30-03-2030,03-02-2023
533,Railways,Ministry of Railways,CAOCWR WR mor,611971,Samni-Jambusar 24.08 km,350,349.93,188.23,40,31-03-2030,30-03-2030,17-05-2022
534,Railways,Ministry of Railways,CE/C-4/WCR WCR mor,705659,Satna - Rewa 50 km,500,646.1,618.19,88,31-03-2026,31-03-2026,18-11-2015
535,Railways,Ministry of Railways,CAOC/NWR NWR mor,706866,Sawaimadhopur - Bypass line 6.98 km Umbrella work PB57/2019-20/NR,304,239,188.07,72,31-03-2026,27-05-2027,09-12-2022
536,Railways,Ministry of Railways,CAOC/SWR SWR mor,705761,Shimoga-Shikaripura-Ranebennur 103 km umbrella work PB23/2018-19/NR,1454,455.86,106.18,14,01-12-2027,30-06-2028,19-09-2019
537,Railways,Ministry of Railways,Indian Railway Construction International Limited [IRCON],705432,Sivok-Rangpo New Rail Line,7877,11775,11090.5,80,31-05-2015,31-12-2027,30-10-2009
538,Railways,Ministry of Railways,CAOC/CR CR mor,705735,Solapur-Osmanabad - New line via Tuljapur 84.44 km umbrella work PB23/2018-19/NR,905,1647.87,1202.73,22,31-03-2027,28-03-2028,08-01-2019
539,Railways,Ministry of Railways,CAO/C/SCoR SCoR mor,611754,South Central Railway - Rail road over double line between Guntakal West-Mallapa Gate 9.64 km PB34/CR/2023-24,293,0,91.42,0,31-07-2026,,27-07-2023
540,Railways,Ministry of Railways,CAO/C/SCoR SCoR mor,617216,South Central Railway- 3rd line between Gudur-Renigunta stations 83.17 km PB34/CR/2023-24,877,0,53.46,0,31-03-2027,,03-10-2024
541,Railways,Ministry of Railways,CAO/C/SCoR SCoR mor,617214,"South Central Railway- Rail connectivity to Amaravati, Capital of Andhra Pradesh Errupalem- Amaravati- Namburu New line 57 km PB7/WR/2023-24",2047,0,155,0,31-03-2027,,08-11-2024
542,Railways,Ministry of Railways,CAO/C/ECOR ECoR mor,705359,Talcher-Bimlagarh 154 km,1928,4546.84,2164.01,56,31-03-2025,31-03-2029,31-03-2004
543,Railways,Ministry of Railways,CAOC/ER ER mor,400273,"Tarakeswar-Bishnupur with extension upto Dhaniakhali, Arambagh-Irphala, Irphala-Ghatal 11.2 km, Arambagh-Champadanga 23.3 km & Bishnupur-Uparsol 31.8 km and new material modification for Mynapur-Kamarpukur via Birsha 19 km",1189,1878.82,1607.64,75,31-03-2019,28-02-2026,31-03-2001
544,Railways,Ministry of Railways,CAOC/NWR NWR mor,400022,Taranga Hill-Abu Road via Ambaji 116.65 km,2798,3198.16,1953.58,48,31-07-2030,31-07-2030,21-07-2022
545,Railways,Ministry of Railways,CAO/C-II/NFR NFR mor,705394,Teteliya-Byrnihat 21.5 km,1305,1432.14,1272.35,87,30-11-2011,30-06-2027,30-11-2006
546,Railways,Ministry of Railways,CAOC/SR SR mor,400275,Tindivanam-Nagari 179.2 km,3631,3631.34,1175.82,16,30-09-2016,31-03-2028,21-07-2008
547,Railways,Ministry of Railways,CAOC/SR SR mor,400223,Tiruchchirappalli-Nagore-Karaikal with extension of Nagapattinam-Velankani-Tiruthiraipundi incl. new material modification of Karaikal - Peralam 23 km new line,713,1748.55,1267.74,80,31-03-2025,31-03-2028,22-11-1995
548,Railways,Ministry of Railways,CAO/C/SCoR SCoR mor,617210,Tirupati-Pakala-Katpadi Doubling 104.39 Km Item83/NR/2024-25,1216,0,0,0,30-04-2029,,17-04-2025
549,Railways,Ministry of Railways,CAO/CN/ERS SR mor,705635,Trivandrum- Kanyakumari,1432,3785.45,3258.97,59,24-03-2025,30-06-2028,28-08-2017
550,Railways,Ministry of Railways,CAOC/SWR SWR mor,705496,Tumkur-Chitradurg-Davangere 199.7 km,1876,1801.01,676.71,22,31-03-2019,31-12-2027,03-03-2011
551,Railways,Ministry of Railways,CAO/C-II/NR NR mor,617213,"Varanasi- Pt. Deen Dayal Upadhyaya - Multitracking 15 km, including construction of a new Rail- cum- Road Bridge across Ganga River",2464,2464.46,109.93,5,30-10-2029,,24-10-2024
552,Railways,Ministry of Railways,CAO/C/SCoR SCoR mor,705632,Vijayawada19.50 km & Kazipet10.65 km -Byepass line,647,827.46,705.66,90,12-01-2025,31-12-2025,22-04-2016
553,Railways,Ministry of Railways,CAOC/SECR SECR mor,705479,Wadsa-Gadchiroli 49.5 km,1886,1880.61,1015.46,69,31-03-2027,31-03-2027,17-05-2017
554,Railways,Ministry of Railways,Central Railways,705497,Wardha - Yavatmal Nanded Railway Line Project,3445,4030.69,4053.03,47,31-12-2026,,16-02-2008
555,Railways,Ministry of Railways,CAOC/CR CR mor,705500,Wardha Sevagram-Nagpur - 3rd line 76.3 km,540,899.52,836.27,88,31-12-2025,31-10-2026,04-09-2015
556,Railways,Ministry of Railways,CAOC/CR CR mor,705502,Wardha-Balharshah - 3rd line 132 km,1385,2603.11,1894.7,86,31-12-2025,28-02-2026,07-03-2016
557,Railways,Ministry of Railways,CAOC/CR CR mor,705505,Wardha-Nagpur - 4th line 78.70 km,638,1194.59,1090.49,88,31-12-2025,31-10-2026,20-04-2017
558,Railways,Ministry of Railways,DFCCIL,705237,Western Dedicated Freight Corridor,51101,124005,124623,96,31-03-2022,31-12-2025,28-02-2008
559,Railways,Ministry of Railways,CAOCWR WR mor,611974,Western Railway- Samakhiali-Gandhidham Quadrupiling 53 km PB34/CR/2023-24,1430,0,748.46,50,30-12-2026,31-12-2027,25-08-2023
560,Real Estate,Department for Promotion of Industry & Internal Trade,National Industrial Corridor Development Corporation,701661,Development of IMC Khurpia Farms under AKIC Project,1265,0,0,3,30-09-2028,,28-08-2024
561,Real Estate,Department for Promotion of Industry & Internal Trade,National Industrial Corridor Development Corporation,603210,Development of Jodhpur Pali Marwar Industrial Area JPMIA in Rajasthan,922,0,0,6,27-07-2028,,28-08-2024
562,Real Estate,Department for Promotion of Industry & Internal Trade,National Industrial Corridor Development Corporation,701668,Development of Palakkad Node under extension of CBIC to Kochi,3805,0,57.93,5,22-04-2029,,28-08-2024
563,Real Estate,Department for Promotion of Industry & Internal Trade,National Industrial Corridor Development Corporation,601812,Development of Zaheerabad Node under Hyderabad Nagpur Industrial Corridor,2360,0,42.89,5,05-02-2029,,28-08-2024
564,Real Estate,Department for Promotion of Industry & Internal Trade,National Industrial Corridor Development Corporation,707420,Gaya Integrated Manufacturing Cluster IMC in Bihar,1339,0,0,5,04-04-2029,,28-08-2024
565,Real Estate,Department for Promotion of Industry & Internal Trade,National Industrial Corridor Development Corporation,707419,IMC at Prayagraj,658,0,75.63,28,18-06-2027,,28-08-2024
566,Real Estate,Department for Promotion of Industry & Internal Trade,National Industrial Corridor Development Corporation,701662,IMC Rajpura - Patiala Development Project,1368,0,0,3,06-09-2028,,28-08-2024
567,Real Estate,Department for Promotion of Industry & Internal Trade,NICDC,617729,Kopparthy Industrial Area,2136,0,39.75,5,30-10-2028,,28-08-2024
568,Real Estate,Department for Promotion of Industry & Internal Trade,National Industrial Corridor Development Corporation,701658,Krishnapatnam Node - Phase 1 - Roads and Services Development,2139,0,984.13,48,13-02-2027,,30-12-2020
569,Real Estate,Department for Promotion of Industry & Internal Trade,NICDC,617727,Orvakal Industrial Area,2786,0,356.05,16,30-10-2028,,28-08-2024
570,Real Estate,Department for Promotion of Industry & Internal Trade,NICDC,701657,Tumakuru Node - Phase 1 - Roads and Services Development,1702,0,337.56,27,21-09-2026,21-09-2027,30-12-2020
571,Real Estate,Ministry of Housing & Urban Affairs,ministry of housing and urban affairs,701766,Green Building Development Project,151,206,59.51,40,23-11-2023,31-12-2026,07-11-2019
572,Real Estate,Ministry of Housing & Urban Affairs,ministry of housing and urban affairs,707229,"Integrated Command control Center [ICCC] - Construction and Development of Integrated Command Control Center with Security, Surveillance, ITMS, Connecting Port, Ship Service, Smart Solid Waste Management, Smart Public Transport System",210,230,37.35,97,31-05-2023,31-10-2025,19-07-2021
573,Real Estate,Ministry of Housing & Urban Affairs,National Buildings Construction Corporation [NBCC],400188,Redevelopment of Seven General Pool Residential Accommodation [GPRA] Colonies in Delhi,32850,32841,14370.5,47,31-12-2025,31-12-2025,05-07-2016
574,Real Estate,Ministry of Housing & Urban Affairs,ministry of housing and urban affairs,701719,Rehablitation in Junavadaj Area Smart City Project,539,0,623.44,98,07-07-2022,31-07-2026,29-02-2016
575,Roads & Highways,Ministry of Road Transport & Highways,NHAI,618788,4L Greenfield Jalbhera Shahbad section from km. 0.000 to km. 22.850 of NH-152G,927,1173.66,550.65,87,31-05-2025,31-08-2026,31-03-2022
576,Roads & Highways,Ministry of Road Transport & Highways,NHAI,619095,Balance works of 4L Panvel Indapur section of NH66 old NH17 from km 42.300 kasu to km 84.600 Indapur,546,472.1,420.83,97,17-05-2024,31-08-2026,15-06-2022
577,Roads & Highways,Ministry of Road Transport & Highways,NHIDCL,618452,"2-laning of Zorinpui - Longmasu section of NH-502A from km 0.000 to km 28.244 in the State of Mizoram on EPC mode under NHO-NE, stretch of IMBR",782,0,48.26,5,06-12-2026,03-07-2027,16-02-2023
578,Roads & Highways,Ministry of Road Transport & Highways,NHAI,618547,2L NH-1 from km 8.660 to km 33.775 Sumbal to Wayul to 4L dual carriageway NH standard as part of Srinagar Ring Road PhaseII [Design Ch. 41.907 to Ch. 66.609],961,643.64,474.55,55,25-06-2026,15-06-2027,07-11-2022
579,Roads & Highways,Ministry of Road Transport & Highways,NHAI,618842,"2L PS Greenfield bypass lalganj ajhara, mohanganj and Raniganj on Raebareli - Jaunpur Section Design km 0.00 to Km 53177 of NH-31",1281,0,199.56,0,29-06-2028,31-12-2026,12-12-2024
580,Roads & Highways,Ministry of Road Transport & Highways,NHAI,618890,2L PS of Hamirpur Bypass from Km 121.175 to Km.138.295 of NH-103&3,739,754.82,369.94,94,28-10-2025,31-12-2026,25-08-2022
581,Roads & Highways,Ministry of Road Transport & Highways,NHAI,618751,2L PS of Hinotiya-Mehulwa section of NH-346 from Km. 27.000 to Km 75.700 Vidisha Mehulwa-Talbehat Pkg-II Section of NH- 346,582,592.71,273.7,69,12-09-2025,31-03-2027,12-10-2022
582,Roads & Highways,Ministry of Road Transport & Highways,NHAI,618909,2L PS of JH / WB Border km. 70.524 - Purulia km.84.400 & Purulia km. 94.30 - Chandil Junction with NH-33 km. 153.705 of Old NH-32,1652,1771.88,1652.04,98,06-08-2022,31-10-2026,13-03-2018
583,Roads & Highways,Ministry of Road Transport & Highways,NHAI,618955,2L PS of Majhauli to Charout section from km. 0.00 to km. 63.655,638,1067.51,1096.16,100,04-11-2021,31-08-2026,23-01-2018
584,Roads & Highways,Ministry of Road Transport & Highways,NHAI,618924,2L PS of Najibabad Kotdwar section from 112.575 to Km. 138.635 of NH 119,189,99.2,51.17,56,07-09-2025,20-10-2026,05-10-2021
585,Roads & Highways,Ministry of Road Transport & Highways,NHAI,618655,2L PS of Roshni to Ashapur Section of NH-347B from Design KM Ch. 89.900 to 114.000 KM Package III of Betul Khandwa,201,120.75,126.72,99,21-08-2026,21-08-2026,09-03-2024
586,Roads & Highways,Ministry of Road Transport & Highways,NHAI,618958,2L with ES of Yagyi - Kalewa section from Milepost 40/0 to Milepost 115/5 in Myanmar,1200,1200.14,0,52,01-06-2023,31-07-2027,09-12-2017
587,Roads & Highways,Ministry of Road Transport & Highways,NHAI,618907,2L/4L of Hoshiarpur to Una section including Hoshiarpur Bypass of NH 503A,571,481.88,257.79,26,20-05-2027,20-05-2027,20-03-2023
588,Roads & Highways,Ministry of Road Transport & Highways,NHAI,618908,3L Major Bridge over River Brahmani at Km. 401.250 Duburi - Chandikhole Section of NH-200 New NH -53,154,103.68,73.76,38,31-01-2025,30-09-2027,17-04-2022
589,Roads & Highways,Ministry of Road Transport & Highways,NHAI,618669,4 -Laning of MP/UP Border to Kabarai section of NH-34&35 from km 197.000 to km 242.991 Length 45.991 Km Sagar-Kabrai Package-5 under Bharat Mala Pariyojana EC in MP & UP on HAM,1633,1425.43,574.07,62,14-02-2027,14-02-2027,20-10-2022
590,Roads & Highways,Ministry of Road Transport & Highways,NHAI,619102,4 L of China Orampadu-Renigunta section of NH-716 Package-II of Kadapa-Renigunta section,1500,0,121.06,2,15-03-2028,14-03-2028,05-12-2022
591,Roads & Highways,Ministry of Road Transport & Highways,NHAI,618961,4 Lane Inner Ring Road around Allahabad City Pkg-1 Prayagraj Southern Bypass 34.400 43.200,776,498.97,70.02,25,18-12-2027,18-12-2027,19-02-2025
592,Roads & Highways,Ministry of Road Transport & Highways,NHAI,618960,4 Lane Inner Ring Road around Allahabad City Pkg-2 Prayagraj Southern Bypass 43.200 - 50.860,1378,1007.62,448.99,45,15-06-2026,14-06-2027,24-08-2023
593,Roads & Highways,Ministry of Road Transport & Highways,NHAI,618641,4 Lane of CG/JH Border-Gumla from km 0.000 to km 32.370 of NH-43 in the State of Jhrkhand,1326,0,293.4,10,17-02-2028,17-02-2028,02-08-2024
594,Roads & Highways,Ministry of Road Transport & Highways,NHAI,618892,"4 Lane with Paved Shoulder from Dareota Village to Kalar Bala NH 205, Design Chainage -Km 33185 to Km 41000, Design Length-7.815 Km Package-IIB",993,0,5.27,1,23-06-2028,24-06-2028,06-06-2025
595,Roads & Highways,Ministry of Road Transport & Highways,NHAI,618649,4 Lane with PS from Des. Ch 228.500 to Des. Ch. 273.400 of Belgaum-Hungund-Raichur Section of NH 748 A Package-6,1246,1012.78,399.31,54,20-11-2026,30-06-2027,29-03-2023
596,Roads & Highways,Ministry of Road Transport & Highways,NHAI,619108,4 Lane with PS from Des. Ch 0.000 to Des. Ch. 43.800 of Belgaum-Hungund-Raichur Section of NH-748A Package-1,1452,1256.55,490.31,40,17-06-2027,08-10-2027,12-02-2024
597,Roads & Highways,Ministry of Road Transport & Highways,NHAI,619107,4 Lane with PS from Des. Ch 136.100 to Des. Ch. 182.300 of Belgaum-Hungund-Raichur Section of NH-748A Package-4,1311,1123.35,227.73,15,28-09-2027,18-04-2028,07-02-2024
598,Roads & Highways,Ministry of Road Transport & Highways,NHAI,619106,4 Lane with PS from Des. Ch 182.300 to Des. Ch. 228.500 of Belgaum-Hungund-Raichur Section of NH 748 A Package-5,1142,868.65,255.41,41,20-11-2026,31-08-2027,27-03-2023
599,Roads & Highways,Ministry of Road Transport & Highways,NHAI,618651,4 Lane with PS from Des. Ch 43.800 to Des. Ch. 89.900 of Belgaum-Hungund-Raichur Section of NH-748A Package-2,1428,1293.94,594.55,59,28-02-2027,02-07-2027,20-02-2024
600,Roads & Highways,Ministry of Road Transport & Highways,NHAI,618650,4 Lane with PS from Des. Ch 89.900 to Des. Ch. 136.100 of Belgaum-Hungund-Raichur Section of NH-748A Package-3,1364,1219.62,306.09,24,03-04-2027,08-02-2028,11-01-2024
601,Roads & Highways,Ministry of Road Transport & Highways,NHAI,618691,4 laning of Aligarh-Palwal Section from Km. 46.390 Design Chainage to Km. 69.110 Terminating at junction EPE Package-II from Kurana- Eastern Peripheral Expressway of NH-334D,939,903.94,250.21,17,26-08-2027,27-08-2027,15-03-2024
602,Roads & Highways,Ministry of Road Transport & Highways,NHAI,618823,4 laning of Barasat - Barajaguli Section of NH-12 from Km. 31.000 to Km. 48.679 in the district of North 24 - Parganas,352,346.39,97.88,44,11-02-2026,31-10-2027,08-02-2024
603,Roads & Highways,Ministry of Road Transport & Highways,NHAI,618957,4 laning of Champa - Korba from km 0.00 to km 38.2,1002,1304.47,944.68,99,05-01-2024,31-08-2026,08-02-2021
604,Roads & Highways,Ministry of Road Transport & Highways,NHAI,619158,4 Laning of Duburi Chandikhole from km 388.376 to km 428.074 Pkg-III,789,907.61,724.96,86,09-08-2022,31-10-2026,19-01-2018
605,Roads & Highways,Ministry of Road Transport & Highways,NHAI,618826,4 Laning of NH-544D from Km 0.000 to km 37.000 of Anantapur- Muchukota section Pkg-1,908,905.98,468.12,92,21-07-2025,31-08-2026,11-10-2022
606,Roads & Highways,Ministry of Road Transport & Highways,NHAI,618827,4 Laning of NH-544D from Km 37.000 to km 69.000 of Muchukota- Bugga section Pkg-2,1098,1055.23,466.9,85,15-08-2025,31-12-2026,14-10-2022
607,Roads & Highways,Ministry of Road Transport & Highways,NHAI,619156,4 Laning of Paramakudi to Ramanathapuram Section of NH-87 Old NH-49,1853,0,169.53,0,14-05-2028,14-05-2028,01-07-2025
608,Roads & Highways,Ministry of Road Transport & Highways,NHAI,618964,4 Laning of Sandalpur to Nasrullaganj Pkg-1 section of NH-146B Length 43.2 Km.,1426,0,197.81,12,09-01-2028,09-01-2028,30-03-2025
609,Roads & Highways,Ministry of Road Transport & Highways,NHAI,619157,4 Laning of Talcher to end of Kamakhyanagar Bypass km 8.844 - km 15.725 of NH-149 and km 301.875 - km 335.946 of NH-53 Pkg-I,795,810.71,715.74,99,19-08-2021,31-10-2026,14-01-2018
610,Roads & Highways,Ministry of Road Transport & Highways,NHAI,619167,4 Laning with PS of Pathrapalli-Katghora km 53.3 to km 92.6 Pkg-II of Bilaspur Kathghora,865,1275.26,853.85,93,03-12-2022,30-11-2026,17-12-2019
611,Roads & Highways,Ministry of Road Transport & Highways,NHAI,618690,"4 lanning of Aligarh Palwal section from km 0.00 to km 46.39 package -1 from khereshwar junction-kurana of NH33D , including khair & jattari bypass in the state of UP on HAM mode",1663,1685.69,590.53,21,26-03-2027,26-03-2027,11-03-2024
612,Roads & Highways,Ministry of Road Transport & Highways,NHAI,618666,4- Laning of Mohari to Satai Ghat section NH-934 from Km 50300 to Km 89875 Total length 39.575 km Package-2 in the State of Madhya Pradesh on EPC Mode,711,539.08,518.99,100,23-08-2026,08-08-2026,08-08-2022
613,Roads & Highways,Ministry of Road Transport & Highways,NHIDCL,618282,4-L Bilasipara-Guwahati Package-10,1265,0,632.99,64,18-06-2026,31-03-2027,31-03-2023
614,Roads & Highways,Ministry of Road Transport & Highways,NHIDCL,618283,4-L Bilasipara-Guwahati Package-9,1000,0,505.47,60,11-06-2026,31-03-2027,07-03-2023
615,Roads & Highways,Ministry of Road Transport & Highways,NHIDCL,618316,4-Laning of Vairengte - Chhimluang section Package-3 of NH-306 from Existing Chainage km 43000 to Km 59700 Design Chainage km 46000 to km 60850 on Silchar - Vairengte- Sairang road in the State of Mizoram under Bharatmala Pariyojna under NHO-NE. Package-1&2 in Assam state,491,0,238.01,18,07-01-2027,30-12-2026,03-12-2021
616,Roads & Highways,Ministry of Road Transport & Highways,MoRTH,617941,4-Laning from End of Zuari approaches to Start of Margao Bypass section of NH-66 from Km 536.800 to Km 543.450,398,0,0.28,1,15-02-2028,15-02-2028,16-07-2024
617,Roads & Highways,Ministry of Road Transport & Highways,MoRTH,618013,4-laning of Puttaparthi-Koduru Section of NH-342,1319,909.19,464.06,90,06-11-2025,31-08-2026,17-10-2022
618,Roads & Highways,Ministry of Road Transport & Highways,NHIDCL,618328,4-Laning of Balance work of Dimapur-Kohima Road from design km 152.490 to km 166.700 Existing km 156.000 to km 172.900 Excluding Dimapur & Kohima Bypass under SARDP-NE Package-III,563,794.75,542.85,84,28-09-2025,30-09-2026,31-03-2016
619,Roads & Highways,Ministry of Road Transport & Highways,NHIDCL,618317,4-Laning of chhimluang-Kolasib from section pkg-4 of NH-306 & NH-6 existing chainage km 59700 to km 86000 design chainage km 61000 to km 77500 on Silchar-vairengte-sairang road in the state of Mizoram under Bharatmala Pariyojna on EPC mode Vairengte - Sairang Pkg-4,562,0,223.99,17,07-01-2027,30-12-2026,20-12-2021
620,Roads & Highways,Ministry of Road Transport & Highways,NHIDCL,618314,4-Laning of Dhanehari Lailapur / Vairengte section from Existing Chainage km 12920 to km 43000 of NH 306 Design Chainage km 20000 to km 49360 on Silchar - Vairengte Sairang road in the State of Assam under Bharatmala Pariyojna on EPC mode. Project Length 29.360 km under NHO-NE Package-2,1716,0,1057.72,82,14-08-2026,31-03-2027,31-03-2023
621,Roads & Highways,Ministry of Road Transport & Highways,NHIDCL,618436,4-Laning of Jamugurihat to end of Biswanath Chariali By-Pass from Km 182.000 to Km 208.000 of NH-52 on EPC mode in state of Assam under SARDP-NE,599,0,432.62,100,19-06-2019,30-07-2025,31-03-2015
622,Roads & Highways,Ministry of Road Transport & Highways,NHIDCL,618318,4-Laning of Kolasib - Sethawn section Package-5 of NH-6 from Existing Chainage km 86000 to km 107850 Design Chainage km 77500 to km 95500 on silchar - vairengte - sairang road under Bharatmala Pariyojna on EPC mode under NHO-NE Vairengte - Sairang Pkg-5,720,0,259.85,12,07-07-2027,28-06-2027,17-11-2021
623,Roads & Highways,Ministry of Road Transport & Highways,MoRTH,617943,4-laning of Navelim to Cuncolim Section of NH-66 from Km 554.245 to Km 561.480 on HAM Mode,747,0,0,0,21-10-2028,21-10-2028,20-12-2024
624,Roads & Highways,Ministry of Road Transport & Highways,NHIDCL,618438,"4-Laning of NH-37 Section between Demow to End of Moran Bypass From Km. 534.800 to Km. 561.700 including Emergency Landing Facility ELF under SARDP-NE, Phase 'A' in the State of Assam on EPC mode",386,0,680.44,100,20-07-2024,14-08-2025,14-01-2016
625,Roads & Highways,Ministry of Road Transport & Highways,NHAI,618783,4-laning of Pilibhit - Sitarganj from Km. 32.500 to Km. 70.800 Pkg-2 of NH-30,1471,1471.19,470.11,44,13-03-2026,31-10-2027,16-01-2023
626,Roads & Highways,Ministry of Road Transport & Highways,NHIDCL,618319,"4-Laning of Sethawn - N. Kawnpui section Package-6 of NH-6 from Existing Chainage km 107850 to km 126315 Design Chainage km 95500 to km 111850 on Silchar-Vairengte- Sairang road, Vairengte - Sairang Pkg-6",596,0,189.39,7,07-01-2027,30-12-2026,20-12-2021
627,Roads & Highways,Ministry of Road Transport & Highways,NHIDCL,618315,4-Laning of Silchar - Dhanehari section from Existing Chainage km 263800 of NH 37 to km 12920 of NH 306 Design Chainage km 0000 to km 20000 on Silchar - Vairengte - Sairang road in the State of Assam under Bharatmala Pariyojna on EPC mode Package-1,1257,0,632.2,60,23-07-2026,31-03-2027,28-02-2023
628,Roads & Highways,Ministry of Road Transport & Highways,NHAI,618672,4-lanning of Gyaraspur to Rahatgarh section of NH-146 from Design Ch. 88361 to Ch 124470 in the state of MP on HAM mode,903,592.44,169.82,35,05-11-2027,05-11-2027,28-10-2024
629,Roads & Highways,Ministry of Road Transport & Highways,NHAI,618671,4-lanning of Rahatgarh to Berkhedi section of NH-146 from Design Ch 124470 to Ch. 134.549,618,342.69,53.19,15,20-12-2027,19-12-2027,30-03-2025
630,Roads & Highways,Ministry of Road Transport & Highways,NHAI,619103,4/6 Laning of Raipur-Simga Pkg-I from km. 0.00 to km. 48.58,1097,1172.36,905.32,100,20-04-2018,31-08-2026,10-10-2015
631,Roads & Highways,Ministry of Road Transport & Highways,NHAI,618495,4/6L Access Control Expressway from Design Chainage Km 515.000 to 528.300 Kunjwani to Sidhra Section of NH-44 and from Design Chainage Km 550.900 to Km 566.520 Domel to Katra Section Phase II-Package XVII,2895,2894.74,1016.96,67,13-06-2025,08-11-2027,29-06-2022
632,Roads & Highways,Ministry of Road Transport & Highways,NHAI,619318,4/6L Greenfield Ludhiana Rupnagar highway from Jn. with NE-5 village near to ManewalLudhiana to Jn. with NH-205 near Bheora Village Rupnagar from Km. 0.00 to Km. 37.7 including spur to Kharar with Ludhiana bypass of NH-205K Pkg-1,1369,1382.48,533.33,15,10-12-2024,10-12-2027,27-05-2021
633,Roads & Highways,Ministry of Road Transport & Highways,NHAI,618785,4/6L Greenfield LudhianaRupnagar highway from Jn. with NE-5 village near to ManewalLudhiana to Jn. with NH-205 near Bheora Village Rupnagar from Km 66.0 to Km 91.0 i/c spur to Kharar from Km 0.0 to Km 19.5 with Ludhiana bypass of NH-205K Pkg-3,1501,1815.13,1162.52,80,15-02-2025,31-12-2026,30-07-2021
634,Roads & Highways,Ministry of Road Transport & Highways,NHAI,618969,4/6L of Spur to Haridwar Greenfield from Km. 0.000 to Km. 50.70,2156,2612.3,1543.12,93,19-02-2025,30-09-2026,15-11-2021
635,Roads & Highways,Ministry of Road Transport & Highways,NHAI,618517,4/6L of Bangalore - Pune Section of bypass connecting Dharwad - Hubli from km. 403.80 to km. 433.20,1135,763.36,744.42,83,21-09-2025,31-05-2027,27-12-2021
636,Roads & Highways,Ministry of Road Transport & Highways,NHAI,619132,4/6L of Gurgaon - Pataudi - Rewari from km. 0.00 to km.43.87 of NH-352W,1810,1917.5,1267.55,78,23-11-2023,31-08-2026,11-05-2020
637,Roads & Highways,Ministry of Road Transport & Highways,NHAI,618567,4/6L of Northern Ayodhya Bypass starting Km. 112.540 and ending Km. 139.928 north of existing NH-27 part-1 and part-2 south of NH-27 from km 0.000 to km 5.000.,2289,1834.25,285.67,34,06-01-2028,07-01-2028,02-08-2024
638,Roads & Highways,Ministry of Road Transport & Highways,NHAI,618568,4/6L Southern Ayodhya Bypass from Km 5.000 to Km 37.172 starting near Km. 112.540 and ending at Km. 153.281 of NH-27,2541,1983.05,318.53,40,27-09-2027,27-09-2027,02-08-2024
639,Roads & Highways,Ministry of Road Transport & Highways,NHAI,618741,4L Greenfield Alignment from Kalyanapur to Tal Dashraha of NH-119D Pkg-III,1858,1969.3,957.28,36,15-02-2025,31-03-2028,04-03-2022
640,Roads & Highways,Ministry of Road Transport & Highways,NHAI,618852,4L Sundar Nagar Bypass from Km.173.900 to Km.179.600 of NH-21,191,192.11,182.6,100,14-06-2024,31-08-2026,22-02-2022
641,Roads & Highways,Ministry of Road Transport & Highways,NHAI,618811,4L Access Controlled Greenfield Highway Section Mancherial Warangal from Pangidipalle village at Design Ch. 72.350 Km to Oorugonda village at Design Ch. 112.240 KmPackage-III,1184,1170.64,209.72,6,21-10-2027,31-01-2028,27-03-2023
642,Roads & Highways,Ministry of Road Transport & Highways,NHAI,619143,4L Access Controlled Greenfield Highway section on NH-163G Khammam Vijayawada from BrahmanapalliK village at Design Ch. 250.400 Km to Remidicherla village at Design Ch. 280.200 KmPackage-II,826,862.58,175.85,26,26-03-2027,30-06-2027,24-03-2023
643,Roads & Highways,Ministry of Road Transport & Highways,NHAI,618818,4L Access Controlled Greenfield Highway section on NH-163G Khammam Vijayawada from Remidicherla village at Design Ch. 280.200 Km to Jakkampudi village on NH-16 at Design Ch. 309.909 Km Package-III,1183,1225.14,228.68,6,07-05-2027,30-12-2027,20-03-2023
644,Roads & Highways,Ministry of Road Transport & Highways,NHAI,618817,4L Access Controlled Greenfield Highway section on NH-163G Khammam Vijayawada from V. Venkatayapalem village at Design Ch. 220.480 Km to BrahmanapalliK village at Design Ch. 250.400 Km Package-I.,973,1021.96,271.03,46,18-03-2027,30-06-2027,16-03-2023
645,Roads & Highways,Ministry of Road Transport & Highways,NHAI,618816,4L Access Controlled Greenfield Highway section on NH-163G Warangal-Khammam from Thallasenkesa village at Design Ch. 189.650 km to V.Vekatayapalem village in Khammam District at Design Ch. 220.480 KmPackage-III,1105,1098.05,168.28,10,03-07-2027,03-07-2027,28-03-2023
646,Roads & Highways,Ministry of Road Transport & Highways,NHAI,618815,4L Access Controlled Greenfield Highway section on NH-163G Warangal-Khammam from Venkatpur village in Warangal District at Design Ch. 150.240 Km to Thallasenkesa village in Mahabubabed District at Design Ch. 189.650 kmPackage-II,1093,1083.11,408.59,78,18-04-2026,31-03-2027,28-03-2023
647,Roads & Highways,Ministry of Road Transport & Highways,NHAI,618814,4L Access Controlled Greenfield Highway section on NH163G Warangal-Khammam from Oorugonda village in Hanamkonda District at Design Ch. 112.240 Km to Venkatpur village in Warangal District at Design Ch. 150.240 KmPackage-I,1143,1140.82,160.19,0,12-06-2027,31-05-2028,29-03-2023
648,Roads & Highways,Ministry of Road Transport & Highways,NHAI,618813,4L Access Controlled Greenfield Section Mancherial Warangal from Narva village at Design Ch. 3.834 Km to Puttapaka village at Design Ch. 35.300 Km Package-I,1128,1104.27,161.67,11,22-12-2026,31-10-2027,01-03-2023
649,Roads & Highways,Ministry of Road Transport & Highways,NHAI,618812,4L Access Controlled Greenfield Section Mancherial Warangal from Puttapaka village at Design Ch. 35.300 Km to Pangidipalle village at Design Ch. 72.350 KmPackage-II,1129,1145.41,210.45,9,13-06-2027,31-12-2027,20-01-2023
650,Roads & Highways,Ministry of Road Transport & Highways,NHAI,618481,4L Bangalore-Chennai Expressway from Km. 230.000 to Km. 261.705 of Kanchepuram to Sriperumbudur Section Phase-III/Package-IV,3606,3605.73,987.38,90,09-07-2024,31-10-2026,25-02-2021
651,Roads & Highways,Ministry of Road Transport & Highways,NHAI,618923,4L Behsuma at Km 39.250 Ex. Km 39240 To Bijnor at Km 78.810 Ex. Km 86590 Design Length 39.560 Km of NH-119 Pkg-II,2158,2553.12,1234.06,70,19-05-2026,31-12-2026,13-03-2023
652,Roads & Highways,Ministry of Road Transport & Highways,NHAI,618792,4L Bhiwani-Hansi road section of NH-148B,1330,1144.21,455.86,100,17-12-2025,31-08-2026,04-11-2022
653,Roads & Highways,Ministry of Road Transport & Highways,NHAI,618623,4L Boregaon Buzurg to Shahpur Pkg I of Boregaon Buzurg to Muktainagar of NH 753L,1504,1132.34,556.86,90,31-01-2026,09-10-2026,04-11-2022
654,Roads & Highways,Ministry of Road Transport & Highways,NHAI,618914,"4L Elevated Corridor and at-grade improvements from Design Ch0000 to Design Ch 19870 of Danapur Bihta Section, Design Ch0000 to Design Ch0231 connecting the existing RoB near Danapur station ,1.35 Km ramps and at-grade improvements to 4-lane section on Danapur side and Upgradation of existing Two lane carriageway to Four Lane carriageway from Design Ch19870 to Design Ch23500 of Bihta - Koilwar section",4433,2625.4,1578.15,64,08-09-2026,31-08-2027,06-10-2022
655,Roads & Highways,Ministry of Road Transport & Highways,NHAI,618736,4L Elevated corridor of Kalimandir-Dimna Chowk-Baliguma Jamshedpur Section of NH-33 New NH-18 from km 241940 to km 251961 Length 10.021 km,936,832.2,328.76,50,15-03-2027,15-03-2027,07-03-2024
656,Roads & Highways,Ministry of Road Transport & Highways,NHAI,618841,4L Elevated Section and at-grade improvements at Begusarai town Simaria - Khagaria section from Km. 221.047 to Km. 225.302 of NH-31,491,348.38,354.17,96,23-12-2024,31-08-2026,15-10-2021
657,Roads & Highways,Ministry of Road Transport & Highways,NHAI,619065,4L Expressway from Km 26.400 to km 53.500 of Malur to Bangarpet section of Bangalore-Chennai Expressway Phase-I Package-II,1745,1729.63,1103.49,100,19-09-2023,15-09-2026,18-12-2020
658,Roads & Highways,Ministry of Road Transport & Highways,NHAI,618868,4L from Devinagar Bypass End Existing Km. 208.000 of NH 530B/Design Km. 66.000 to Kasganj Bypass End Existing Km.150.100 of NH 530B/ Design Km. 123.100 of NH 530B,2290,2223.71,1027.01,77,05-06-2026,15-12-2026,20-03-2023
659,Roads & Highways,Ministry of Road Transport & Highways,NHAI,618661,4L from km 0.000 to 42.040 Bhopal Ratnaigiri Tiraha to Vidisha Morikodi,1032,1038.18,179.87,20,12-11-2027,12-11-2027,18-10-2024
660,Roads & Highways,Ministry of Road Transport & Highways,NHAI,618830,4L from Km 147.450 Bhogu to Km 196.870 Sankha on NH-75 Sec-III,1518,1652.09,1131.52,77,08-11-2025,31-03-2027,03-10-2022
661,Roads & Highways,Ministry of Road Transport & Highways,NHAI,618832,4L from Km 55.00 Kuru to Km 95.400 Udaipura on NH-75 Sec-I,1275,0,253.64,11,10-01-2028,10-01-2028,14-02-2024
662,Roads & Highways,Ministry of Road Transport & Highways,NHAI,618831,4L from Km 95.400 Udaipura to Km 147.450 Bhogu on NH-75 Sec-II,1437,1301.54,419.62,29,09-10-2026,31-03-2027,24-03-2023
663,Roads & Highways,Ministry of Road Transport & Highways,NHAI,618705,"4L Godibandha to Ballhar Chhak, Ballhar Chhak to Banarpal & Banarpal to Start of Angul bypass at Km.314.130 to Km.321.035 of NH53, at Km.75.200 to Km.84.000 of NH149 & at Km.84.000 to Km.86.100 of NH55",973,0,241.06,5,23-02-2028,23-02-2028,27-12-2024
664,Roads & Highways,Ministry of Road Transport & Highways,NHAI,618566,4L Green Field Northern East side Gorakhpur Bypass 26.616 Kms starting from NH-29E Chainage 83.308 and end at NH-28 Chainage 285.100,1974,1244.44,1035.52,74,02-01-2026,31-01-2027,28-02-2023
665,Roads & Highways,Ministry of Road Transport & Highways,NHAI,618739,4L Greenfield Alignment of Amas to Shivrampur from 0.000 Km. to 55.002 Km. of NH 119 D Pkg-I,1391,1427.43,642.43,55,29-03-2025,30-07-2027,01-02-2022
666,Roads & Highways,Ministry of Road Transport & Highways,NHAI,618740,4L Greenfield Alignment of Shivrampur to Ramnagar from Km. 55.002 to Km. 109.300 of NH 119 D Pkg-II,1494,1546.07,702.39,51,03-07-2025,30-11-2027,02-02-2022
667,Roads & Highways,Ministry of Road Transport & Highways,NHAI,618807,"4L Greenfield Road connecting North and South industrial cluster of Khandaleru Creek near Krishnapatnam port at Thamminapatnam to Mollur from Km 0.0 to Km 16.046, Part I & 6L extension of dedicated port road of NH-67 Km 18.0 to Km 19.3, Part II",609,559.98,579.22,84,24-09-2025,31-01-2027,24-08-2022
668,Roads & Highways,Ministry of Road Transport & Highways,NHAI,618654,4L Greenfield Rudhi to Deshgaon Pkg V of Betul-Khandwa/Deshgaon,521,469.68,199.48,64,05-10-2025,24-08-2027,04-11-2022
669,Roads & Highways,Ministry of Road Transport & Highways,NHAI,618917,4L Greenfield starting from NH-30 near Saristabad Patna to Nathupur Project end point of Patna-Gaya-Dobhi Section of NH-83,488,419.66,101.06,88,27-08-2025,15-09-2026,17-07-2023
670,Roads & Highways,Ministry of Road Transport & Highways,NHAI,618911,4L Greenfield Western Side spur of Rampur-Rudrapur Section from Km 0.000 to Km 13.700 connecting NH-24 to NH-87 bypassing rampur town,646,637.83,369.67,64,02-11-2024,28-02-2027,05-12-2021
671,Roads & Highways,Ministry of Road Transport & Highways,NHAI,619093,4L Ismailabad to Ambala Section of NH-152 Lot-4/Package-1,609,454.34,308,76,06-12-2025,28-02-2027,28-02-2023
672,Roads & Highways,Ministry of Road Transport & Highways,NHAI,618867,4L Kasganj-Badaun Section from Km. 123.100 to Km. 179.500 Pkg-III of NH530B,2009,1936.61,590.99,40,29-05-2027,31-12-2027,28-03-2023
673,Roads & Highways,Ministry of Road Transport & Highways,NHAI,619292,4L Medinipur to Ballupur from Km. 458.65 to Km. 487.65 of NH-07Pkg-2,1093,1072.5,739.13,94,17-02-2025,15-08-2026,30-03-2022
674,Roads & Highways,Ministry of Road Transport & Highways,NHAI,618588,4L Mitigation Measure structures on CH/MH Border to Wainganga Bridge Section of NH-6 New NH-53,540,468.92,464.29,100,07-11-2023,31-08-2026,06-02-2021
675,Roads & Highways,Ministry of Road Transport & Highways,NHAI,618735,4L of Chandesara to Khedakhajuriya from Km. 0.000 to - 750 & Km 0.000 to km 41.400 of NH-148NG Pkg-I,910,976.55,587.81,99,31-05-2024,30-09-2026,27-12-2021
676,Roads & Highways,Ministry of Road Transport & Highways,NHAI,619073,4L of 42.000 to km 80.00 of Dodaballapur Bypass to Hoskote section of NH-648 Old NH-207 [Bangalore Ring Road Pkg 2],1318,1846.52,1367.2,99,21-02-2023,30-09-2026,28-02-2020
677,Roads & Highways,Ministry of Road Transport & Highways,NHAI,618702,4L of Addahole Near Gundya to Bantwal Cross section Pkg-02 from Design Km 270.270 to Design km 318.55 including flyover at Kalladka Town including approaches from Km. 311.57 to Km. 313.67 of NH-75 Old NH-48,1660,1318.24,1452,94,22-11-2023,30-04-2027,23-12-2020
678,Roads & Highways,Ministry of Road Transport & Highways,NHAI,618906,4L of Amritsar-Ghoman - Tanda - Una Section from Km 8.270 to Km 54.000 of NH-503A Package-I,858,1443.47,772.91,69,19-06-2024,31-03-2027,23-12-2020
679,Roads & Highways,Ministry of Road Transport & Highways,NHAI,618941,4L of Bamni - Rajura - Warur - Devada upto M.S. Border of NH - 930D from km 19.000 to km 51.985,968,1187.19,826.96,78,27-03-2026,31-12-2026,30-03-2022
680,Roads & Highways,Ministry of Road Transport & Highways,NHAI,619163,4L of Baramati to Indapur Pkg-II from km. 41.400 to km. 84.550 of NH-965G Saint Tukaram Marg,1471,1297.48,1071,86,08-09-2023,31-12-2026,15-01-2021
681,Roads & Highways,Ministry of Road Transport & Highways,NHAI,618782,4L of Bareilly-Pilibhit-Sitarganj from Km. 0.000 to Km. 32.500 of NH-30 Pkg-1,1394,1394.14,622.58,64,13-03-2026,31-03-2027,03-02-2023
682,Roads & Highways,Ministry of Road Transport & Highways,NHAI,618949,4L of Basukinath- Deoghar Section of NH-114A,1445,1553.76,781.51,91,11-12-2025,31-08-2026,06-09-2022
683,Roads & Highways,Ministry of Road Transport & Highways,NHAI,618809,4L of Beas-Mehta-Batala-Dera Baba Nanak from intersection with Jalandhar-Amritsar Highway NH-3 near Beas till start of Batala Bypass near Village Acchhal from Km. 0.000 to Km. 31.300 Pkg-1,810,966.99,670.85,68,21-06-2025,31-05-2027,16-08-2021
684,Roads & Highways,Ministry of Road Transport & Highways,NHAI,618887,4L of Bettadahalli- Shivamogga section from Km.170.415 to km. 226.750 of NH-206 Tumkur- Shivamogga Pkg-IV,2083,2545.11,1645.24,84,19-10-2023,31-03-2027,22-01-2019
685,Roads & Highways,Ministry of Road Transport & Highways,NHAI,618889,"4L of Bhangbar Near Ranital to Kangra Bypass Section of Old NH-88 New NH-303,503 up to Intersection with NH-154 from Km 175.270 to Km 193.400 Pkg-VB",1323,1829.49,1102.58,97,27-12-2024,30-09-2026,18-03-2021
686,Roads & Highways,Ministry of Road Transport & Highways,NHAI,618639,4L of Bilaspur to Urga km 0.00 to 70.2 of NH-130A,1856,2523.86,1470.78,95,24-03-2024,31-12-2026,27-04-2020
687,Roads & Highways,Ministry of Road Transport & Highways,NHAI,618962,4L of Budhni to Shahganj Bypass End Package-III of NH-146B from Km. 73.750 to Km. 102.000,1103,770.21,196.68,28,17-08-2027,17-08-2027,07-03-2024
688,Roads & Highways,Ministry of Road Transport & Highways,NHAI,619214,4L of Channarayapatna Bypass and Hassan Bypass with structures in Devihalli - Hassan section,688,684.54,600.43,82,18-01-2023,31-10-2026,29-04-2020
689,Roads & Highways,Ministry of Road Transport & Highways,NHAI,618668,4L of Chowka to Kaimaha near MP/UP Border section NH-34 from D. Ch. 145.000 to D. Ch. 197.266 excluding existing Chhatarpur bypass from D. Ch. 160.307 to D. Ch. 168.630 Package-4,996,846.68,312.98,49,21-09-2027,08-08-2026,18-10-2024
690,Roads & Highways,Ministry of Road Transport & Highways,NHAI,618616,4L of Dhrol bypass section of NH-151A Approx. length 5.7 Km & widening upto 4 laning of missing link of Amran section of NH-151A Approx. length 6.55 Km from existing Ch. 42000 to 48500 of ongoing Dhrol-Bhadra-Pipaliya section of NH-151A,626,455.54,151.99,35,02-02-2027,02-02-2027,06-03-2024
691,Roads & Highways,Ministry of Road Transport & Highways,NHAI,618810,4L of existing Beas Baba Bakala - Dera Baba Nanak Section from start of Batala Bypass till intersection with Ajnala Gurdaspur Highway NH 354 near Dera Baba Nanak from Km. 31.300 to Km. 69.100 with Additional batala Bypass Pkg-II,1003,993.6,800.86,81,21-06-2025,31-03-2027,21-10-2021
692,Roads & Highways,Ministry of Road Transport & Highways,NHAI,618542,4L of existing Wayul Ganderbal Pandach Soura section of old NH-1 as a part of Srinagar Ring Road Phase IIA,828,0,265.02,0,18-05-2028,18-05-2028,16-12-2024
693,Roads & Highways,Ministry of Road Transport & Highways,NHAI,618793,4L of Fazilka to Abohar section of NH-07 including construction of Greenfield Abohar & Fazilka Bypasses,1410,1674.04,913.89,67,14-04-2026,31-08-2027,13-03-2023
694,Roads & Highways,Ministry of Road Transport & Highways,NHAI,618645,4L of Gola-BokaroJaina More section from Km 53.600 to Km 21.110 of NH-320PKG-1,1008,1030.64,617.85,78,25-06-2025,31-10-2026,25-02-2022
695,Roads & Highways,Ministry of Road Transport & Highways,NHAI,619127,4L of Greenfield Alignment from Km. 47.000 to Km. 89.210 of Balbhadarpur to Bela Nawda Section of NH-119D,2186,2118.46,764.97,30,10-03-2026,31-03-2028,30-03-2022
696,Roads & Highways,Ministry of Road Transport & Highways,NHAI,618776,4L of Greenfield section from Sirhind to Mohali,1238,1301.15,1391.6,99,07-05-2025,30-09-2026,24-03-2022
697,Roads & Highways,Ministry of Road Transport & Highways,NHAI,619317,4L of Hajipur-Muzaffarpur Section of the existing NH-77 from Km. 0000 Ramashish Chowk to Km. 46300 and new bypass starting at Km. 46300 and connecting NH-28 of E-W Corridor at Km. 515045,2723,2906.78,2160.8,99,06-02-2013,30-09-2026,12-08-2010
698,Roads & Highways,Ministry of Road Transport & Highways,NHAI,618875,4L of Haridwar Nagina section Design Ch. LME from km 13.829 to km 17.110 & km 26.077 to km 27.508 and Design Ch. RME from km 13.839 to km 17.120 & km 26.078 to km 27.509 of EUP mitigation measures on NH74,184,142.11,119.67,70,27-02-2024,30-12-2026,17-11-2021
699,Roads & Highways,Ministry of Road Transport & Highways,NHAI,619217,4L of Haridwar-Nagina section from km. 0.00 to km. 71.614 of NH-74,1659,1622.49,1546.89,100,22-07-2020,15-08-2026,01-12-2015
700,Roads & Highways,Ministry of Road Transport & Highways,NHAI,619153,4L of HP/Punjab Border - Mo from km. 11.00 to km. 42.00 of Old NH-20 New NH-154 Package-IA,1002,1363.04,819.72,69,17-05-2024,31-12-2026,26-03-2021
701,Roads & Highways,Ministry of Road Transport & Highways,NHAI,618557,4L of Indora Chowk to Pachpaoli and Agrasen Chowk - Ashoka Chowk,1039,918.53,696.83,84,30-06-2026,15-09-2026,20-03-2023
702,Roads & Highways,Ministry of Road Transport & Highways,NHAI,618622,4L of Indore - Boregaon Pkg-III [Balwara to Dhangaon] from km. 42.260 to km. 82.660 of NH347BG & 753L,1002,888.81,835.15,92,21-04-2024,18-10-2026,21-01-2021
703,Roads & Highways,Ministry of Road Transport & Highways,NHAI,619092,4L of Jind-Gohana road Package-1 from km. 0.00 to km. 40.601 of NH-352 A under NHO,994,1606.82,1064.47,100,23-07-2022,31-07-2026,25-01-2019
704,Roads & Highways,Ministry of Road Transport & Highways,NHAI,618633,4L of Kadapa China Orampadu section of NH-716 Package I of Kadapa-Renigunta section,1733,0,106.39,5,15-03-2028,14-03-2028,05-12-2022
705,Roads & Highways,Ministry of Road Transport & Highways,NHAI,618765,4L of Karimnagar-Warangal section from km 49.500 to km 117.820 of NH-563,2147,2486.51,1272.62,92,16-07-2025,31-08-2026,09-03-2022
706,Roads & Highways,Ministry of Road Transport & Highways,NHAI,618838,4L of Karwar Km. 281.980 of NH-62 Nagaur road to Dangiyavas of Jodhpur Ring Road Pkg-II,737,512.77,463.98,100,28-08-2024,31-08-2026,26-11-2021
707,Roads & Highways,Ministry of Road Transport & Highways,NHAI,618921,4L of Kathlighat to Shakral Village from Km 128.835 to Km 146.300 of NH- 5 Shimla Bypass - Pkg I,1703,2648.8,1182.61,64,21-04-2026,14-07-2027,21-03-2022
708,Roads & Highways,Ministry of Road Transport & Highways,NHAI,618584,4L of Kishanganj - Bahadurganj section from Km. 0.000 to Km. 23.649 & interchange at Start Point Length - 1.200 Km of NH-27,963,855.56,181.12,20,19-12-2027,19-12-2027,27-01-2025
709,Roads & Highways,Ministry of Road Transport & Highways,NHAI,618520,4L of km 0.00 to km 42.00 of Dobbaspet to Doddaballapura Bypass section of NH-648 old NH-207] [Bangalore Ring Road Pkg 1],1439,1786.57,1294.84,99,18-04-2023,30-09-2026,11-08-2020
710,Roads & Highways,Ministry of Road Transport & Highways,NHAI,618545,"4L of Km.165.092 to Km.171.855 North Bound and from Km.166.895 to Km.173.638 South Bound, excl. certain reaches of North Bound and South Bound of Ramban to Banihal Pkg-III of Old NH-1A New NH-44",614,444.76,306.05,43,03-08-2024,30-06-2027,19-07-2021
711,Roads & Highways,Ministry of Road Transport & Highways,NHAI,618945,4L of Kodad Design Km 0.00/Existing Km 185.00 of NH-65 to Khammam Design Km 31.800/Existing Km 29.400 of NH-365A,1149,1606.99,871.58,100,31-05-2024,31-08-2026,22-01-2021
712,Roads & Highways,Ministry of Road Transport & Highways,NHAI,618608,4L of left-over works including additional structures from Kerala/Tamil Nadu border to Kanyakumari Section from Km 43.0 to Km 96.174 of NH66,1564,1263.42,980.14,82,01-08-2025,31-12-2026,09-11-2022
713,Roads & Highways,Ministry of Road Transport & Highways,NHAI,618709,4L of Left-Over Works of Hospet-Bellary -Karnataka/AP border from Km.280.080 Dec.Ch. to Km.375450Des.Ch. of NH-63 New-67,1340,992.6,929.02,93,14-05-2025,10-04-2028,06-03-2023
714,Roads & Highways,Ministry of Road Transport & Highways,NHAI,618778,4L of Madanapalle to Pileru Section from Km 0.000 to Km 55.900 of NH-71Package-I,1877,1994.1,1182.65,95,12-01-2025,31-08-2026,23-02-2022
715,Roads & Highways,Ministry of Road Transport & Highways,NHAI,618894,4L of Madathukulam - Pollachi from km. 74.38 to km. 116.95 of old NH-209 New NH-83,1772,1772.13,1062.67,98,03-12-2022,30-09-2026,22-01-2019
716,Roads & Highways,Ministry of Road Transport & Highways,NHAI,618563,4L of Madurai Ring Road Phase 1 [Vadipatti-Thamrapatti] from km 0.00 - km 29.960,900,900.05,903.57,99,15-03-2022,15-08-2026,06-12-2018
717,Roads & Highways,Ministry of Road Transport & Highways,NHAI,618929,4L of Moradabad western side spur connecting NH-734 & NH-24 from Km. 0.000 to Km. 33.200 Pkg-I,1842,1843.54,1132.25,83,17-09-2025,31-12-2026,02-11-2022
718,Roads & Highways,Ministry of Road Transport & Highways,NHAI,618927,4L of Moradabad-Thakurdwara-Kashipur Section from Km. 0.000 to Km. 38.77 of NH-734 Pkg-II,2007,1890.05,981.64,55,14-03-2026,30-06-2027,07-10-2022
719,Roads & Highways,Ministry of Road Transport & Highways,NHAI,619307,4L of Munger Mirzachauki section from Km 157350 to Km 193931 Pkg-4,1377,1481.58,893.34,93,15-08-2024,31-08-2026,03-02-2021
720,Roads & Highways,Ministry of Road Transport & Highways,NHAI,619306,4L of Munger Mirzachauki section from Km 95580 to Km 125000 Pkg-2,1021,1235.65,643,96,10-03-2024,20-08-2026,10-02-2021
721,Roads & Highways,Ministry of Road Transport & Highways,NHAI,619289,4L of Munger Mirzachauki section from Munger to Kharia village junction from Km 69520 to Km 95580 Pkg-1,1660,1696.66,685.48,83,30-03-2024,31-10-2026,28-01-2021
722,Roads & Highways,Ministry of Road Transport & Highways,NHAI,619305,4L of Munger Mirzachauki section from start of existing Bhagalpur bypass to Rasulpur from Km 125000 to Km 157350 Pkg-3,1770,2024.59,675.5,77,12-04-2024,31-12-2026,28-01-2021
723,Roads & Highways,Ministry of Road Transport & Highways,NHAI,618937,4L of Nagpur-Katol Section from Km. 13.00 to Km. 62.900 of NH-353J,1167,1432.82,1181.42,82,28-10-2023,31-03-2027,11-02-2021
724,Roads & Highways,Ministry of Road Transport & Highways,NHAI,619162,4L of Najibabad Bypass from Km. 105.423 to Km. 118.373 excluding 2.45 Km. of NH-74 Bypass of NH-119,578,566.9,440.93,100,20-06-2024,15-08-2026,10-01-2022
725,Roads & Highways,Ministry of Road Transport & Highways,NHAI,618667,4L of near Satai Ghat to Chowka section of NH-34 from D. Ch. 89.875 to D. Ch. 145.000 Package-3,1006,882.21,193.4,38,27-10-2027,26-10-2027,18-10-2024
726,Roads & Highways,Ministry of Road Transport & Highways,NHAI,618947,4L of NH-80 from km 215.00 to km 260.00 Mirza Chauki to Farkka Pkg-I,1505,1508.21,1038.65,92,04-07-2023,31-10-2026,24-03-2018
727,Roads & Highways,Ministry of Road Transport & Highways,NHAI,618948,4L of NH-80 section of Mirza Chauki to Farakka section from existing km 190.00 to design km 200.75 junction at km 3.100 of NH 133 B and from existing km 260.00 to existing km 283.00 design km 274.133 in the state of Jharkhand package - II,782,0,224.06,9,31-01-2028,31-01-2028,27-02-2025
728,Roads & Highways,Ministry of Road Transport & Highways,NHAI,618644,4L of Ormanjhi-Gola section from Km 81.450 to Km 53.600 of NH- 320BPKG-II,1215,1462.19,993.6,87,20-06-2025,31-12-2026,28-02-2022
729,Roads & Highways,Ministry of Road Transport & Highways,NHAI,618642,4L of Palma to Gumla from km. 26.00 to km. 89.170 of NH-23,1883,1895.75,1371.55,100,31-03-2024,15-09-2026,04-03-2020
730,Roads & Highways,Ministry of Road Transport & Highways,NHAI,618646,4L of Pathalgaon-Kunkuri-CG/JH Border section of NH-43 from Km. 00.000 to Km.104.250,3147,0,0.03,0,06-04-2029,06-04-2029,02-08-2024
731,Roads & Highways,Ministry of Road Transport & Highways,NHAI,618786,4L of Phagwara - Hoshiarpur,1196,1503.79,556.23,20,30-03-2027,31-07-2027,09-11-2022
732,Roads & Highways,Ministry of Road Transport & Highways,NHAI,618777,4L of Pileru to Kalur Section from Km 55.900 to Km 92.800 & Km 94.500 to Km 95.717 of NH-71Package-II,1877,592.85,246.42,99,18-11-2025,31-08-2026,11-03-2022
733,Roads & Highways,Ministry of Road Transport & Highways,NHAI,618837,4L of Ratnagiri - Kolhapur section from km 112.340 to km 145.300 of NH-166 PkgIII,1939,1910.41,1079.17,69,24-05-2025,07-01-2027,08-02-2022
734,Roads & Highways,Ministry of Road Transport & Highways,NHAI,618836,4L of Ratnagiri - Kolhapur section from km 67.140 to km 112.340 of NH-166 Pkg II,1985,1798,1239.53,82,24-05-2025,12-01-2027,11-02-2022
735,Roads & Highways,Ministry of Road Transport & Highways,NHAI,619149,4L of Ratnagiri - Kolhapur section of NH-166 from km 0.000 to km 19.769 and km 31.000 to km 67.140 Pkg I,1774,2108.41,1444.74,97,21-11-2024,30-11-2026,14-02-2022
736,Roads & Highways,Ministry of Road Transport & Highways,NHAI,618952,4L of Sahibganj - Manihari Ganga Bridge including Manihari Bypass,1955,1978.01,2025.05,87,31-10-2024,31-10-2027,13-10-2016
737,Roads & Highways,Ministry of Road Transport & Highways,NHAI,618896,4L of Sannur to Bikarnakatte section from Km 691.350 to Km 736.362 of NH-169 Karkala - Mangalore Package-III,1386,2038.71,1251.68,76,08-10-2024,30-04-2027,24-03-2021
738,Roads & Highways,Ministry of Road Transport & Highways,NHAI,618922,4L of Shakral Village to Dhalli Section from Km 146.300 to Km 156.560 Shimla Bypass - Pkg II and Shimla connectivity from Km 0.000 to Km 0.725 of NH-5,1956,2880.72,1505.86,60,03-03-2027,20-12-2027,07-04-2022
739,Roads & Highways,Ministry of Road Transport & Highways,NHAI,618926,4L of Siwan- Masrakh section of Ram Janki Marg from Km 230.385 to Km 281.391 of NH-227A,1431,1927.04,504.03,11,19-11-2026,19-11-2028,23-08-2022
740,Roads & Highways,Ministry of Road Transport & Highways,NHAI,618798,4L of Sonauli - Gorakhpur,2556,2275.43,1328.22,89,05-03-2025,30-09-2026,24-12-2021
741,Roads & Highways,Ministry of Road Transport & Highways,NHAI,618744,4L of Thirumangalam to Vadugapatti section from km 0.000 to km 36.000 of NH-744,1077,791.6,685.52,96,21-02-2025,31-08-2026,04-03-2022
742,Roads & Highways,Ministry of Road Transport & Highways,NHAI,619219,4L of Tumkur-Shimoga Pkg-II from Km 65.195 Karadi to Km 121.900 Banawara of NH-206,1506,1989.89,1298.78,100,14-10-2021,31-12-2026,27-02-2018
743,Roads & Highways,Ministry of Road Transport & Highways,NHAI,618543,4L of twin tube tunnel configuration including approaches from Marog to Digdol from Km.154.210 to Km.158.650 North Bound and from Km.155.940 to Km.160.260 South Bound of Ramban to Banihal Pkg-I of Old NH-1A New NH-44,1912,1034.3,406.09,30,12-08-2025,31-12-2027,13-07-2021
744,Roads & Highways,Ministry of Road Transport & Highways,NHAI,618640,4L of Urga - Pathalgaon from Km. 70.200 to km. 157.745 of NH-130A,2261,2860.36,1120.45,82,08-08-2026,31-08-2026,30-03-2022
745,Roads & Highways,Ministry of Road Transport & Highways,NHAI,618881,4L PS bijni to mandi section from Km 202.815 to Km 208.000 of NH-20 New NH-154 of Pathankot-Mandi Package-VB,1113,1112.39,547.08,35,13-09-2027,13-09-2027,21-02-2023
746,Roads & Highways,Ministry of Road Transport & Highways,NHAI,618901,4L PS Divided Carriageway from Patan Near Rajpur to Gojariya From Km 52.000 to Km 128.940 of NH-68,1181,1098.23,934.16,87,07-03-2025,30-11-2026,03-12-2021
747,Roads & Highways,Ministry of Road Transport & Highways,NHAI,618931,4L PS from Ch. 179.780 in Bitada/Movi Village to Ch. 208.900 in Nasarpore Village of NH-56 Pkg-V,764,566.96,82.38,10,26-11-2027,26-11-2027,03-03-2023
748,Roads & Highways,Ministry of Road Transport & Highways,NHAI,618930,4L PS from Ch. 94.030 in Jabugam Village to Ch. 132.320 in Dhamasiya Village of NH-56 Pkg-III,1188,898,179.47,26,25-11-2027,25-11-2027,27-03-2023
749,Roads & Highways,Ministry of Road Transport & Highways,NHAI,618891,4L PS from Kalar Bala Village to Nauni Chowk of NH 205 from Km 41.000 to Km 58.450,1244,786.91,145.72,31,12-05-2027,09-09-2027,18-01-2024
750,Roads & Highways,Ministry of Road Transport & Highways,NHAI,618871,4L PS from Near Guddehosur to Start of Kushalnagara Bypass to near Hemmige Village Periyapatna - Hassan Road Jn from Km. 122.200 to Km. 144.900 of NH-275 Pkg. II,910,896.42,325.85,15,07-12-2027,03-05-2028,01-02-2023
751,Roads & Highways,Ministry of Road Transport & Highways,NHAI,618870,4L PS from near Hemmige Village Periyapatna - Hassan Road Jn. to near Hunsur - KR Nagar Jn section from Km. 144.900 to Km. 169.000 of NH-275 Pkg. III,884,1726.65,447.11,28,02-04-2027,24-01-2028,07-02-2023
752,Roads & Highways,Ministry of Road Transport & Highways,NHAI,618872,4L PS from near Hunsur - KR Nagar Junction to near Yalachahalli village KR Nagara - Yelawala Road Junction fcrom Km 169.000 to Km 195.550 of NH-275 Pkg-IV,1063,952.03,272.55,20,29-04-2027,26-03-2028,09-02-2023
753,Roads & Highways,Ministry of Road Transport & Highways,NHAI,618873,4L PS from near Yalachahalli village KR Nagara - Yelawala Road junction to Srirangapatna Bypass Near Paschima Vahini from km 195.550 to Km 214.535 of NH-275 Pkg-V,1273,1203.2,462.59,17,06-04-2027,11-04-2028,30-01-2023
754,Roads & Highways,Ministry of Road Transport & Highways,NHAI,618759,4L PS Mydukur - Badvel from Km 585.820 to Km 630.960 of NH-67,1064,1103.87,585.79,90,19-09-2025,31-10-2026,25-05-2022
755,Roads & Highways,Ministry of Road Transport & Highways,NHAI,619080,4L PS of Ambala Ring Road of New NH-44,1093,1225.41,595.59,93,10-10-2025,13-09-2026,27-02-2023
756,Roads & Highways,Ministry of Road Transport & Highways,NHAI,618791,4L PS under NH configuration of Manikpur-Sahebganj of NH-139W,1539,0,595.95,28,31-12-2027,31-12-2027,18-10-2024
757,Roads & Highways,Ministry of Road Transport & Highways,NHAI,618541,4L Ring road/bypass around Srinagar city from km 0.000 to km 42.100 Phase-I,2920,2604.76,1832.29,89,02-02-2024,31-10-2026,02-03-2021
758,Roads & Highways,Ministry of Road Transport & Highways,NHAI,619101,4L Shahpur to Muktainagar from Km. 186.000 to km 216.278 of NH 753L Pkg II of Boregaon Buzurg to Muktainagar,784,659.52,330.42,64,14-03-2026,30-10-2026,01-12-2022
759,Roads & Highways,Ministry of Road Transport & Highways,NHAI,618761,4L Spur of Meerut-Garh-Mukteshwar section connecting NH-119 and NH-58 bypassing Meerut Town of NH 709 A,992,977.73,865.93,97,16-02-2025,15-08-2026,07-10-2021
760,Roads & Highways,Ministry of Road Transport & Highways,NHAI,619218,4L Tumkur-Shimoga Pkg-I from Mallasandra to Karadi village of NH-206 from Km. 12.300 to Km. 65.195,1364,1692.12,1336.55,100,14-10-2021,31-08-2026,27-02-2018
761,Roads & Highways,Ministry of Road Transport & Highways,NHAI,618544,"4L twin tube tunnel including approaches from Digdol to Khuni Nallah North Bound connecting with existing major bridge on NB and South Bound connecting with Tunnel T4 ,Single tube tunnel of Ramban to Banihal Pkg-II of Old NH-1A New NH-44",1402,1020.99,1054.8,87,07-06-2024,30-09-2026,13-07-2021
762,Roads & Highways,Ministry of Road Transport & Highways,NHAI,618662,4L Vidisha Gyaraspur section of NH-146 from Design Chainage km 59475 existing chainage km 81240 to Design Chainage km 88361 existing chainage km 110.315,980,0,113.09,12,13-03-2028,11-03-2028,18-10-2024
763,Roads & Highways,Ministry of Road Transport & Highways,NHAI,618697,4LPS Access Controlled Highway of Bellary Bypass Balance work from Ch. 254750 to Ch. 266837 and construction of 4LPS from Ch. 277.690 to Ch. 278.690 at D. Hirehal Village Balance work of NH 150A of Bellary Byrapura Section,626,284.05,113.26,39,31-07-2026,14-10-2027,07-02-2024
764,Roads & Highways,Ministry of Road Transport & Highways,NHAI,618731,6 Lane Greenfield Varanasi- Ranchi- Kolkata Highway from Chatra to junction with NH- 100 in Deoria village from km 222.000 to km 253.000 Pkg -9,1418,0,143.72,0,16-07-2028,16-07-2028,29-03-2023
765,Roads & Highways,Ministry of Road Transport & Highways,NHAI,618730,6 Lane Greenfield Varanasi- Ranchi- Kolkata Highway from Deoria village to Donoreshan village from km 253.000 to km 288.600 Pkg -10,1546,0,183.44,6,29-05-2028,29-05-2028,29-03-2023
766,Roads & Highways,Ministry of Road Transport & Highways,NHAI,618729,6 Lane Greenfield Varanasi- Ranchi- Kolkata Highway from Donoreshan village to junction with NH-20 in Bongabar village from km 288.600 to km 325.500 Pkg -11,1856,0,261.78,0,05-07-2028,05-07-2028,29-03-2023
767,Roads & Highways,Ministry of Road Transport & Highways,NHAI,619077,6 laning of Balance Work of Chennai - Tada from km. 21.40 to km. 54.40,465,472.37,389.77,100,27-03-2020,31-08-2026,06-12-2017
768,Roads & Highways,Ministry of Road Transport & Highways,MoRTH,617913,6-laning of km 9.900 to km 19/948 Aramgarh to Shamshabad Section of Hyderabad-Bangalore section of NH-44 Under NHO EPC basis in the state of Telangana,283,300.7,480.41,93,09-05-2020,30-06-2026,18-01-2018
769,Roads & Highways,Ministry of Road Transport & Highways,NHAI,619074,6-laning of Krishnagiri Km.0.000 to Walajahpet Km.148.300 section on NH-46 under NHDP-V,1673,781.74,707.81,100,04-12-2013,31-08-2026,27-12-2009
770,Roads & Highways,Ministry of Road Transport & Highways,MoRTH,617939,6-Laning of Pune-Hyderabad Section of NH-65 from Km 493/0 to Km 524/0 from Sangareddy X Roads to Madinaguda in the State of Telangana,1298,0,0,46,03-07-2026,03-08-2026,27-03-2023
771,Roads & Highways,Ministry of Road Transport & Highways,NHAI,618720,6L Access Controlled Greenfield Highway from Audireddipalle Ch. 160000 to Mallapalle Ch. 176000Package-07,987,848.06,338.45,74,06-03-2026,30-04-2027,21-02-2023
772,Roads & Highways,Ministry of Road Transport & Highways,NHAI,618721,6L Access Controlled Greenfield Highway from Chandrasekharapuram Ch. 228000 to Polavaram Ch. 260000of [NH-544G] Package-11,1293,1110.33,358.41,64,10-02-2026,31-08-2027,15-02-2023
773,Roads & Highways,Ministry of Road Transport & Highways,NHAI,618718,6L Access Controlled Greenfield Highway from Kavulakuntla Ch. 196000 to Narayanmpet Ch. 203500Package-09,1092,956.4,242.13,55,07-02-2027,31-12-2027,21-02-2023
774,Roads & Highways,Ministry of Road Transport & Highways,NHAI,618719,6L Access Controlled Greenfield Highway from Mallapalle Ch. 176000 to Kavulakuntla Ch. 196000 Package-08,909,751.81,290.04,66,10-02-2026,31-07-2027,24-02-2023
775,Roads & Highways,Ministry of Road Transport & Highways,NHAI,619126,6L Access Controlled Greenfield Highway from Marripudi Ch. 285500 to Somavarappadu Ch. 314600 of [NH-544G] Package-13,976,798.71,370.82,73,09-02-2026,30-04-2027,18-02-2023
776,Roads & Highways,Ministry of Road Transport & Highways,NHAI,619123,6L Access Controlled Greenfield Highway from Narayanmpet Ch. 203500 to Chandrasekharpuram Ch. 228000Package-10,814,678.21,223.35,66,10-02-2026,31-07-2027,24-02-2023
777,Roads & Highways,Ministry of Road Transport & Highways,NHAI,619125,6L Access Controlled Greenfield Highway from Somavarappadu Ch.314.600 to Muppavaram Ch.343240 of [NH-544G] Package-14,1104,943.66,267.61,45,11-02-2026,31-10-2027,18-02-2023
778,Roads & Highways,Ministry of Road Transport & Highways,NHAI,618968,6L access control Greenfield highway of Vill-Khyawari to Vill-Latifpur at Saharanpur Bypass from Km. 82.000 to Km. 119.790 Pkg-4,1428,1439.35,1394.63,99,02-09-2024,31-08-2026,18-03-2021
779,Roads & Highways,Ministry of Road Transport & Highways,NHAI,618970,6L access control Greenfield highway of Vill-Lohadda to Vill-Karaunda Mahajan from Km. 27.000 to Km. 56.500 Pkg-2,1335,1335.38,1253.61,98,02-09-2024,31-08-2026,11-03-2021
780,Roads & Highways,Ministry of Road Transport & Highways,NHAI,619216,6L access Controlled Greenfield Highway from Adhoya Musalmana to Sadopur section of Shamli -Ambala Package-III Design Ch. Form km 84.400 to km 121.786,1492,1122.86,791.92,81,01-05-2025,31-12-2026,30-05-2022
781,Roads & Highways,Ministry of Road Transport & Highways,NHAI,618722,6L access Controlled Greenfield Highway from Gogwan Jalalpur Shamli to Ranipur Barsi Saharanpur of Shamli -Ambala section Package-I Design Ch. Form km 00.600 to km 45.500,1844,1247.55,759.32,68,15-05-2025,31-03-2027,23-06-2022
782,Roads & Highways,Ministry of Road Transport & Highways,NHAI,618712,6L Access Controlled Greenfield Highway from Kodur Ch. 0000 to Vanavolu Ch. 24300 of [NH-544G] Package-1,913,798.25,357.89,88,03-02-2026,31-03-2027,03-01-2023
783,Roads & Highways,Ministry of Road Transport & Highways,NHAI,618714,6L Access Controlled Greenfield Highway from Nallacheruvu palli Ch. 96300 to Yerragudipadu Ch. 129000 of [NH-544G] Package-5,1253,1095.78,389.19,67,10-02-2026,30-06-2027,18-02-2022
784,Roads & Highways,Ministry of Road Transport & Highways,NHAI,618715,6L Access Controlled Greenfield Highway from Odulapalle Ch. 72000 to Nallacheruvu-palli Ch. 96300 of [NH-544G]Package-4,1059,946.1,403.17,77,03-02-2026,30-04-2027,03-01-2023
785,Roads & Highways,Ministry of Road Transport & Highways,NHAI,619124,6L Access Controlled Greenfield Highway from Polavaram Ch. 260000 to Marripudi Ch. 285500 of [NH-544G]Package-12,747,626.83,250.93,70,10-02-2026,31-05-2027,18-02-2023
786,Roads & Highways,Ministry of Road Transport & Highways,NHAI,618723,6L access Controlled Greenfield Highway from Ranipur Barsi to Adhoya Musalmana section of Shamli -Ambala Package-II Design Ch. Form km 45.500 to km 84.400,1554,1241.89,847.9,83,16-05-2025,28-02-2027,22-06-2022
787,Roads & Highways,Ministry of Road Transport & Highways,NHAI,618717,6L Access Controlled Greenfield Highway from Vanavolu Ch. 24300 to Vankarakunta Ch. 45700 of [NH-544G] Package-2,751,626.91,261.4,87,01-03-2026,28-02-2027,03-01-2023
788,Roads & Highways,Ministry of Road Transport & Highways,NHAI,618716,6L Access Controlled Greenfield Highway from Vankarakunta Ch. 45700 to Odulapalle Ch. 72000 of [NH-544G]Package-3,993,888.07,351.23,77,01-03-2026,31-03-2027,12-12-2022
789,Roads & Highways,Ministry of Road Transport & Highways,NHAI,618713,6L Access Controlled Greenfield Highway from Yerragudipadu Ch. 129000 to Audireddipalle Ch. 160000 of [NH 544G] Package-6,1200,1019.69,282.16,47,10-02-2026,30-11-2027,15-02-2023
790,Roads & Highways,Ministry of Road Transport & Highways,NHAI,619212,6L Access Controlled Greenfield Highway of Julekal village to Dinnedevarapadu village from Km 242.200 to Km 280.400 Pkg-2,1228,1315.87,539.17,71,03-01-2025,30-04-2027,27-01-2022
791,Roads & Highways,Ministry of Road Transport & Highways,NHAI,619168,6L access controlled Greenfield highway of Junction of EPE Vill.-Mavikalan to Vill.-Lohadda from Km. 0.000 to Km. 27.000 Pkg-1,1602,1497.94,1423.29,99,02-09-2024,31-08-2026,18-03-2021
792,Roads & Highways,Ministry of Road Transport & Highways,NHAI,618632,6L Access Controlled Greenfield Highway of Nandinne village to Julekal village from Km 202.900 to Km 242.200 Pkg-1,972,1044.06,459.49,94,03-01-2025,31-08-2026,04-02-2022
793,Roads & Highways,Ministry of Road Transport & Highways,NHAI,618757,6L access controlled Highway from Km 40080 to Km 86513 Mator to Barodameo Section,2010,1565.88,708.28,37,14-03-2026,30-06-2027,27-09-2022
794,Roads & Highways,Ministry of Road Transport & Highways,NHAI,618647,6L Access Controlled Ludhiana-Bathinda Greenfield highway from Jn. with Amritsar-Bathanda Greenfield Road NH-754A near Rampura Phul to Jn. with Moga-Barnala Road NH-703 near village Tallewal from Km 0.0 to Km 30.3 of NH-754AD Pkg-1,907,1020.52,687.82,82,13-09-2025,31-10-2026,24-06-2021
795,Roads & Highways,Ministry of Road Transport & Highways,NHAI,619105,6L Access Controlled Ludhiana-Bathinda Greenfield highway from Jn. with Moga-Barnala Road NH-703 near village Tallewal to Jn. with Delhi-Katra Expressway NE-5 near Ludhiana village Ballowal from Km 30.300 to Km 75.543 of NH-754AD Pkg-2,1555,1564.66,711.39,26,29-09-2027,29-09-2027,05-07-2021
796,Roads & Highways,Ministry of Road Transport & Highways,NHAI,619308,6L access-controlled highway from Ganeshpur tonear Mohand of Ganeshpur Dehradun section from Km.0 to Km.8.3 of NH-72A Package-1,836,835.74,811.86,99,07-10-2023,15-08-2026,26-11-2020
797,Roads & Highways,Ministry of Road Transport & Highways,NHAI,618758,6L accesscontrolled highway from km 0000 to km 40080 Paniyala to Mator Section of Paniyala-Barodameo ICR,1765,1239.24,571.41,43,15-09-2026,07-08-2026,27-09-2022
798,Roads & Highways,Ministry of Road Transport & Highways,NHAI,618681,6L Aluru - Jakkuva Section of NH-130CD Road from km 365.033 to km 396.800 Pkg. 1,1216,1241.66,703.33,100,29-03-2024,31-08-2026,10-02-2021
799,Roads & Highways,Ministry of Road Transport & Highways,NHAI,619099,6L Amritsar-Bathinda Greenfield section from Jn. with Moga Jalandhar road NH-703 near Dharamkot to Jn. with Bhagta Bhai Ka-Bhadaur Road near Dyalpura Bhai Ka from km 39.000 to km 93.000 of NH-754A Pkg-2,1801,2172.71,1268.39,67,26-06-2026,30-06-2027,30-03-2021
800,Roads & Highways,Ministry of Road Transport & Highways,NHAI,618618,6L Amritsar-Bathinda Greenfield section from Jn. with Bhagta Bhai Ka-Bhadaur Road near Dyalpura Bhai Ka to Jn. with Mandi Dabwali Bathinda Road on NH-54 near Sangat Kalan from km 93.000 to km 154.866 of NH-754A Pkg-3,2029,2677.23,1442.16,74,16-06-2026,21-07-2027,31-03-2021
801,Roads & Highways,Ministry of Road Transport & Highways,NHAI,618617,6L Amritsar-Bathinda Greenfield section from village Tiba on NE-5A to Jn. with Moga Jalandhar road NH-703 near Dharamkot from km 0.000 to km 39.000 of NH-754A Pkg-1,1229,1549.32,1014.98,72,13-11-2024,14-12-2027,30-03-2021
802,Roads & Highways,Ministry of Road Transport & Highways,NHAI,618738,6L Bridge and its approaches across River Ganga as Part of Patna Ring Road NH-131G starting from Km 8.480 near Sherpur to Km 23.000 near Dighwara,6292,3351.62,734.19,22,05-09-2027,31-03-2029,27-09-2022
803,Roads & Highways,Ministry of Road Transport & Highways,NHAI,618805,6L Connectivity to Port Road from Sabbavaram Sheelanagar-NH516C,977,0,155.51,7,13-02-2028,12-02-2028,31-12-2024
804,Roads & Highways,Ministry of Road Transport & Highways,NHAI,618499,6L Elevated Kanpur - Lucknow Exeressway Pkg-1 from Km. 10980 to Km. 28500,1973,1943.27,770.81,100,30-07-2025,31-08-2026,29-12-2021
805,Roads & Highways,Ministry of Road Transport & Highways,NHAI,618808,6L Elevated Kona Expressway from Km. 0.145 to Km. 7.337 of NH-117,1213,1203.11,433.18,40,03-12-2026,31-12-2027,24-03-2023
806,Roads & Highways,Ministry of Road Transport & Highways,NHAI,618704,6L Flyover including RE Wall approaches with Flexible Pavement in the Elephant Corridor of Angul Sambalpur Section of NH-42 New NH-55 Km.202.533,151,106.32,106.14,100,20-01-2027,31-08-2026,19-09-2023
807,Roads & Highways,Ministry of Road Transport & Highways,NHAI,618516,6L from Sankeshwar Bypass to MH-KNT Border from Km. 555.017 to Km. 592.853 of NH-48 Pkg-II,1389,1066.86,1183.98,85,23-04-2025,31-05-2027,20-01-2022
808,Roads & Highways,Ministry of Road Transport & Highways,NHAI,618680,6L Greenfield Kandili - Aluru Section of NH-130-CD Road from km 342500 to km 365033 Package-OD-8,1493,1912.84,1088.96,100,17-10-2024,31-08-2026,20-12-2021
809,Roads & Highways,Ministry of Road Transport & Highways,NHAI,618678,6L Greenfield Baunsaguar - Baraja Section of NH-130-CD Road from km 293000 to km 338500 Package OD-6,1266,1635.44,1001.24,100,31-05-2024,31-08-2026,26-08-2021
810,Roads & Highways,Ministry of Road Transport & Highways,NHAI,618677,6L Greenfield Kaliagura Baunsaguar Section of NH-130-CD Road from km 249000 to km 293000 Package OD-5,1540,1918.49,1026.67,98,29-05-2024,30-11-2026,03-09-2021
811,Roads & Highways,Ministry of Road Transport & Highways,NHAI,618734,6L Greenfield Varanasi- Ranchi- Kolkata Highway from junction with NH-320 in Lepo village to Kamlapur villageJH/WB border from km 358.500 to km 387.200 Pkg -13,1154,1319.18,330.27,25,29-09-2027,29-09-2027,29-03-2023
812,Roads & Highways,Ministry of Road Transport & Highways,NHAI,618733,6L Greenfield Varanasi- Ranchi- Kolkata Highway from junction with NH-20 in Bongabar village to junction with NH-30 in Lepo village from km 325.500 to km 358.500 Pkg -12,1526,0,218.28,0,05-07-2028,05-07-2028,29-03-2023
813,Roads & Highways,Ministry of Road Transport & Highways,NHAI,618732,6L Greenfield Varanasi- Ranchi- Kolkata Highway from Sonepurbigha village to junction with NH- 22 Chatra Bypass near Chatra from km 184.700 to km 222.000Pkg -8,1728,0,200.25,4,22-05-2028,22-05-2028,29-03-2023
814,Roads & Highways,Ministry of Road Transport & Highways,NHAI,618724,6L Greenfield Varanasi-Ranchi-Kolkata Highway from Anarbansalea village to Sagrampur village From KM. 151200 to KM. 184700Package-7,1719,1723.42,340.33,28,30-06-2027,30-06-2027,24-03-2023
815,Roads & Highways,Ministry of Road Transport & Highways,NHAI,618727,6L Greenfield Varanasi-Ranchi-Kolkata Highway from junction with Bhabhua-Adhaura road in Bhairopur village to Konki village From KM. 54.000 to KM. 90.000Pkg-3,1577,1711.44,328.2,26,05-10-2027,05-10-2027,27-03-2023
816,Roads & Highways,Ministry of Road Transport & Highways,NHAI,618726,6L Greenfield Varanasi-Ranchi-Kolkata Highway from junction with Chandauli-Chainpur Road near Khainti village to junction with Bhabhua-Adhaura road near Palka village from Km. 27.000 to Km. 54.000 Pkg-2,1241,1341.52,252.44,27,05-10-2027,05-10-2027,24-03-2023
817,Roads & Highways,Ministry of Road Transport & Highways,NHAI,618728,6L Greenfield Varanasi-Ranchi-Kolkata Highway from junction with NH-19 & Varanasi Ring Road near Rewasa village to junction with Chandauli-Chainpur road near Khainti village from Km. 0.000 to Km. 27.000 - Pkg-1,1433,1564.15,559.01,48,24-11-2026,18-05-2027,24-03-2023
818,Roads & Highways,Ministry of Road Transport & Highways,NHAI,618725,6L Greenfield Varanasi-Ranchi-Kolkata Highway from Pachmon village to Anarbansalea village From KM. 116000 to KM. 151200 Package-6,1916,1920.21,431.04,25,03-09-2027,03-09-2027,24-03-2023
819,Roads & Highways,Ministry of Road Transport & Highways,NHAI,619111,6L Jakkuva Korlam Section of NH-130CD Road from km 396.800 to km 421.100 Pkg 2,841,840.51,573.9,100,29-03-2024,15-08-2026,09-02-2021
820,Roads & Highways,Ministry of Road Transport & Highways,NHAI,619112,6L Kantakapalle Sabbavaram Section of NH-130CD Road from Km 445.100 to Km 464.662 Pkg-4,1013,1012.57,702.4,85,04-10-2024,31-12-2026,25-02-2021
821,Roads & Highways,Ministry of Road Transport & Highways,NHAI,618682,6L Korlam-Kantakapalle Section of NH-130CD Road from Km 421.100 to Km 445.100 Pkg-3,1113,1127.63,849.98,100,18-02-2024,15-08-2026,25-02-2021
822,Roads & Highways,Ministry of Road Transport & Highways,NHAI,618598,6L Minor Bridge Paloli Palam at km. 203.160 & Major Bridge Morad at km. 204.895 and allied works,210,216.94,190.46,100,11-06-2022,30-09-2026,11-03-2020
823,Roads & Highways,Ministry of Road Transport & Highways,NHAI,618601,6L of Kappirikkad to Thalikulam section from km 335.85 to km 369.015 of NH - 66 old NH-17,4226,4225.59,3345.3,95,26-01-2025,30-06-2027,08-06-2021
824,Roads & Highways,Ministry of Road Transport & Highways,NHAI,619134,6L of Ambala-Chandigarh greenfield section from Km. 0.000 to Km. 25.000 with 4L spur to Lalru from Km. 0.000 to Km. 5.828 & spur to PR-7 road from Km. 0.000 to Km. 11.157,1642,1904.79,1277.92,90,12-10-2025,30-09-2026,31-03-2022
825,Roads & Highways,Ministry of Road Transport & Highways,NHAI,618579,6L of Anandapuram Pendurthi Anakapalli Section from km. 681.000 to km. 731.780 of NH-16,2527,2957.25,2376.11,100,01-07-2021,31-08-2026,19-01-2018
826,Roads & Highways,Ministry of Road Transport & Highways,NHAI,618531,6L of Aurangabad to Bihar-Jharkhand border Chordaha section from km. 180.000 to km. 209.827 of NH-2 PKG-01,1054,786.81,202.27,38,17-12-2026,17-12-2026,10-02-2021
827,Roads & Highways,Ministry of Road Transport & Highways,NHAI,618597,6L of Azhiyur-Vengalam from km. 189.200 to km. 230.400 of NH-66,3206,3898.46,2406.73,60,04-07-2024,30-03-2028,14-10-2020
828,Roads & Highways,Ministry of Road Transport & Highways,NHAI,619109,6L of Badakumari - Karki Section from Km 179.000 to km 226.500 of NH-130-CD Package OD-3,1102,1374.43,713.46,100,11-04-2024,31-08-2026,25-03-2021
829,Roads & Highways,Ministry of Road Transport & Highways,NHAI,618595,6L of Chengala - Neeleshwaram from km. 56.200 to km. 93.468,1746,2538.06,1447.45,91,15-04-2024,31-03-2027,02-06-2020
830,Roads & Highways,Ministry of Road Transport & Highways,NHAI,618585,6L of Gonde Km. 439.038 to Pimpri Sado Km. 459.905 section of NH-848 Old NH-3,857,718.84,160.05,40,11-04-2027,04-11-2027,28-02-2024
831,Roads & Highways,Ministry of Road Transport & Highways,NHAI,618526,6L of Gundugolanu Design km 1023.280 to Kalaparru Design km 1050.680 of NH-5 New NH-16,666,665.59,643.95,96,30-07-2021,31-08-2026,31-10-2018
832,Roads & Highways,Ministry of Road Transport & Highways,NHAI,619213,6L of Hatibena - Badakumari Section from Km 146.50 to km 179.00 of NH-130-CD Package OD-2,791,1070.63,733.61,100,02-03-2024,31-08-2026,11-02-2021
833,Roads & Highways,Ministry of Road Transport & Highways,NHAI,618610,6L of Jodhpur Romana Bathinda - Mandi Dabwali Punjab Haryana Border section of NH-54 from km. 0.000 to km. 27.400 of NH-54,789,1318.91,719.18,99,10-08-2025,31-08-2026,19-05-2020
834,Roads & Highways,Ministry of Road Transport & Highways,NHAI,618513,6L of Kagal-Satara section from Km 592.500 to Km 658.000 of NH-48 Pkg-I,2112,1435.46,634.07,51,11-01-2025,28-02-2027,22-12-2021
835,Roads & Highways,Ministry of Road Transport & Highways,NHAI,618514,6L of Kagal-Satara section from Km 658.000 to Km 725.000 of NH-48 Pkg-II,2331,317.4,206.68,90,15-12-2024,31-12-2026,22-12-2021
836,Roads & Highways,Ministry of Road Transport & Highways,NHAI,618603,6L of Kodugallur to Edapppally section from km 397.750 to km 423.780 of NH - 66 old NH-17,3466,3606.2,2178.55,71,21-04-2025,31-05-2027,09-11-2021
837,Roads & Highways,Ministry of Road Transport & Highways,NHAI,618772,6L of Kumarajapet to Veera Kaveri Raja Puram from km 43.800 to km 61.380 of NH-716B Pkg-II,703,799.36,405.81,100,29-10-2025,15-09-2026,10-02-2021
838,Roads & Highways,Ministry of Road Transport & Highways,NHAI,618631,6L of MH/KN Border Nimbal Village to KN/TS Border Singnodi Village from Km. 162.5 to Km. 203.100 in Raichur of NH-150C Pkg-IV,1500,1457.48,840.31,100,13-05-2025,31-08-2026,16-03-2022
839,Roads & Highways,Ministry of Road Transport & Highways,NHAI,618630,6L of MH/KN Border Nimbal Village to KN/TS Border Singnodi Village from Km. 26.000 to Km. 97.000 in Gulbarga of NH-150C Pkg-II,2356,1923.3,1012.1,81,27-06-2025,31-12-2026,24-02-2022
840,Roads & Highways,Ministry of Road Transport & Highways,NHAI,619211,6L of MH/KN Border Nimbal Village to KN/TS Border Singnodi Village from Km. 97.000 to Km. 162.500 in Yadgir of NH-150C Pkg-III,2105,2065.83,984.28,74,22-10-2025,30-11-2026,04-03-2022
841,Roads & Highways,Ministry of Road Transport & Highways,NHAI,619140,6L of Naidupeta Junction - Turpukanupur Section from km 57.046 to km 91.927,1399,965.58,388.87,54,19-10-2025,31-10-2027,10-08-2022
842,Roads & Highways,Ministry of Road Transport & Highways,NHAI,619206,6L of Perole Nileshwar town to Taliparamba from Km 94.248 to Km 134.650 of NH-66,3042,3867.66,2526.45,87,11-01-2024,31-03-2027,19-06-2020
843,Roads & Highways,Ministry of Road Transport & Highways,NHAI,618635,6L of Pondavakkam to Kannigaipair from km 96.040 to km 116.100 of NH 716B Pkg-IV,1360,1359.81,409.35,45,23-01-2025,31-12-2027,10-02-2021
844,Roads & Highways,Ministry of Road Transport & Highways,NHAI,618599,6L of Ramanatukkara Junction to start of Valanchery bypass section of NH-66,4919,4919.46,3765.27,100,19-07-2024,31-08-2026,28-01-2021
845,Roads & Highways,Ministry of Road Transport & Highways,NHAI,618596,6L of Taliparamba to Muzhappilangad from Km 134.650 to Km 170.6 of NH-66,2715,3557.65,2020.35,84,26-05-2024,31-01-2028,03-08-2020
846,Roads & Highways,Ministry of Road Transport & Highways,NHAI,618602,6L of Thalikulam to Kodugallur section from km 369.015 to km 397.850 of NH - 66 old NH-17,4302,4302.06,3312.68,95,14-02-2025,30-06-2027,24-06-2021
847,Roads & Highways,Ministry of Road Transport & Highways,NHAI,618600,6L of Valanchery bypass to Kappirikkad of NH 66 from km. 298500 to km 335850,4024,4023.94,2592.92,100,19-07-2024,31-08-2026,10-02-2021
848,Roads & Highways,Ministry of Road Transport & Highways,NHAI,618634,6L of Veera Kaveri Raja Puram to Pondavakkam from km 61.380 to km 96.040 of NH 716B Pkg-III,1440,1439.77,808.62,99,24-01-2025,15-09-2026,31-03-2021
849,Roads & Highways,Ministry of Road Transport & Highways,NHAI,618711,6L with access control provision Saharanpur bypass to Ganeshpur section from 13.89 Km to 41.820 Km of Delhi- Dehradun Economic Corridor package-2,797,560.03,508.43,99,03-11-2024,31-08-2026,28-04-2022
850,Roads & Highways,Ministry of Road Transport & Highways,NHAI,618564,6L with PS of Samakhiyali to Santalpur section from km. 339.700 to Km. 430.100 of NH-27,1554,34.34,28.66,65,27-12-2025,31-03-2027,17-01-2023
851,Roads & Highways,Ministry of Road Transport & Highways,NHAI,619090,8L of Dwarka Expressway Pkg-II RuB near Dwarka Sector 21-DL/HR Border from 5.300 Km.to 9.500 Km. of NH-248BB,2068,2670.22,2381.53,100,16-10-2021,31-08-2026,18-01-2018
852,Roads & Highways,Ministry of Road Transport & Highways,NHAI,619161,Access Controlled Highway of 4 Lane with Paved Shoulders from Tiruvallur Design Chainage Km 1756 to TN/AP Broder Design Chainage Km 6151 of NH-716 Chennai-Tirupati Package-1,1376,1247.7,181.78,46,27-12-2026,31-03-2027,07-03-2024
853,Roads & Highways,Ministry of Road Transport & Highways,NHAI,618920,Access Controlled Highway of 4 Lane with Paved Shoulders from TN/AP Border Design Chainage Km 6151 to Puttur Design Chainage Km 81540 of NH-716 & 6 Lane with Paved Shoulders from Mallavaram to Renigunta,1347,1260.37,188.68,42,13-12-2026,31-03-2027,11-03-2024
854,Roads & Highways,Ministry of Road Transport & Highways,NHAI,618505,Additional Structures on 6LGurgaon-Jaipur Section of NH-48 between KM 42.700 to KM 273.00,410,290.64,200.31,89,25-06-2024,31-08-2026,03-08-2022
855,Roads & Highways,Ministry of Road Transport & Highways,NHAI,618620,"Additional works 2VUPs, MR-10 junction flyover and underpass in Six lane Indore-Dewas section of NH-52 in the state of Madhya Pradesh on EPC Mode",208,211.27,150.59,80,17-07-2024,31-03-2027,04-08-2022
856,Roads & Highways,Ministry of Road Transport & Highways,NHAI,618707,Additional works under BM1 to ensure road safety under 6L of Bengaluru Mysuru Access control with close toll from Km.17.300 to Km.136.300 of NH-275,738,0,32.83,13,19-01-2028,16-05-2028,08-11-2024
857,Roads & Highways,Ministry of Road Transport & Highways,NHAI,618503,Ahmedabad - Dholera Pkg III from km. 48.52 to km. 71.06 [Vejallka Village - Start of DSIR zone],1034,1155.41,1125.55,100,19-07-2023,31-08-2026,05-05-2020
858,Roads & Highways,Ministry of Road Transport & Highways,NHAI,618504,Ahmedabad - Dholera Pkg IV from km. 71.06 to km. 109.019 [Start of DSIR zone - Adhelai Village],1182,1358.73,1222.79,98,13-12-2023,31-08-2026,05-05-2020
859,Roads & Highways,Ministry of Road Transport & Highways,NHAI,618636,Akkalkot MH/KN border New Greenfield corridor from Km 512.000 to Km 548.400 of NH-150C part of Akkalkot KN/TS Border section Package XIV,1371,1403.49,322.92,58,02-10-2026,30-06-2027,28-03-2023
860,Roads & Highways,Ministry of Road Transport & Highways,NHAI,618795,Amritsar Bypass Pkg III from km. 71.496 to km. 105.158,1475,1228.42,1222.67,83,30-08-2024,31-12-2026,11-02-2021
861,Roads & Highways,Ministry of Road Transport & Highways,NHAI,618794,Amritsarairport Junction - Ramdas from km. 100.835 to km. 139.813 Pkg - IV,525,416.58,395.48,96,17-09-2023,30-09-2026,31-12-2020
862,Roads & Highways,Ministry of Road Transport & Highways,NHAI,618775,Ara Bypass,226,0,5.95,26,05-04-2027,05-04-2027,19-03-2025
863,Roads & Highways,Ministry of Road Transport & Highways,MoRTH,617947,Arawali Kante section of NH-17New NH-66 4L PS from Km.241/300 to 281/300,1007,1443.09,0.17,80,13-11-2019,31-03-2026,31-03-2016
864,Roads & Highways,Ministry of Road Transport & Highways,NHAI,618604,Aroor-Thuravoor Thekku,2430,2382.83,1802.58,92,30-01-2026,07-12-2026,18-08-2022
865,Roads & Highways,Ministry of Road Transport & Highways,NHAI,619152,Bakhtiyarpur Km 153.300 to Mokama Km 197.900,1899,1898.84,1799.23,100,10-12-2019,31-08-2026,01-12-2015
866,Roads & Highways,Ministry of Road Transport & Highways,NHAI,618861,Bakhtiyarpur-Rajauli Pkg-II from km. 54.405 to km.101.630,897,1397.47,914.25,98,11-07-2023,31-08-2026,09-09-2020
867,Roads & Highways,Ministry of Road Transport & Highways,NHAI,618862,Bakhtiyarpur-Rajauli Pkg-III from km. 101.630 to km.152.520,2156,3046.61,1818.91,99,27-06-2024,31-08-2026,09-09-2020
868,Roads & Highways,Ministry of Road Transport & Highways,NHAI,618637,Bal. Works of Fagne Km. 510.000 to Maharashtra/Gujarat Border Km. 650.794,1654,1672.89,1447.76,100,18-09-2022,31-12-2026,27-12-2019
869,Roads & Highways,Ministry of Road Transport & Highways,MoRTH,619347,Balance Work Estimate of Rehabilitation and Up-gradation of NH- 43 from Km. 468.600 to Km. 531.250 Pathalgaon to kunkuri Section to two-lane with paved shoulder in the State of Chhattisgarh on SBD mode under NHO under Annual plan 2025-26,201,0,0,0,07-06-2028,,06-03-2026
870,Roads & Highways,Ministry of Road Transport & Highways,NHAI,618942,Balance work of 2L PS from Km 30.800 to Km 70.800 and 2L with Rigid Carriageway from Km 70.800 to km 84.120 of Khanapur- KA/GOA Border section of NH-4A,227,149.44,110.31,85,21-05-2024,31-03-2027,17-01-2022
871,Roads & Highways,Ministry of Road Transport & Highways,NHAI,619089,Balance work of 4L of NarimbangloJatinga Junction- Harangajoroad section from Km 0.000 to Km 49.230 of NH-27,1910,2745.74,1393.08,98,15-01-2026,03-08-2026,03-03-2022
872,Roads & Highways,Ministry of Road Transport & Highways,NHAI,618594,Balance work of 4L Panvel to Indapur section of NH-66 Old NH- 17 from km 0.000 Panvel to km 42.300 Kasu,330,196.87,184.17,99,22-10-2024,31-08-2026,13-12-2022
873,Roads & Highways,Ministry of Road Transport & Highways,NHAI,618592,"Balance work of 8 nos. of Elephant Underpasses EUPs, 1 no. of Vehicular Underpass VUP, 1 nos. of Light Vehicular Underpass LVUP, 1 nos. of Pedestrian Underpass PUP, 1 nos. of Foot Over Bridge FOB and A2 side approach of Jharpokharia Flyover at Km.215.270 in Baharagora-Singhara section of NH-49",321,244.85,55.3,25,02-05-2026,31-10-2027,26-09-2023
874,Roads & Highways,Ministry of Road Transport & Highways,NHIDCL,618296,Balance work of Construction of 2-lane with hard shoulder of Kohima - Jessami road on NH-29 old NH-150 from existing km 98.380 near Chizami vill. to km120.367 Nagaland/Manipur Border [Design km 95.700 to design km 117.200] [Design Length 21.500 km] in the state of Nagaland Under Bharatmala Pariyojna on EPC Mode Package-V under NHO,331,0,268.18,98,21-11-2025,31-07-2026,30-03-2020
875,Roads & Highways,Ministry of Road Transport & Highways,MoRTH,618009,Balance work of Construction of Ring Road for Raebareli City on eastern side of NH-24B Phase-1 on EPC mode.,320,347.8,0,95,04-04-2022,31-12-2026,10-12-2019
876,Roads & Highways,Ministry of Road Transport & Highways,MoRTH,618031,Balance work of Construction of Two/Four lane with paved shoulder from Km 422.000 to 523.600 Chitradurga to Shivamogga of NH-13 in the state of Kanataka on EPC mode.,517,0,121.75,98,30-12-2025,30-08-2026,01-01-2021
877,Roads & Highways,Ministry of Road Transport & Highways,MoRTH,617945,Balance work of NH-66 from design Km 84/00 to Km 87/100 Indapur Bypass and Km 91/600 to Km 99/100 Mangaon Bypass to four lane with paved shoulder in State of Maharashtra under NHO on EPC Mode.,354,0,0,67,08-04-2027,08-04-2027,23-03-2025
878,Roads & Highways,Ministry of Road Transport & Highways,MoRTH,618198,Balance work of Rehabilitation and Up-gradation to 2-lane road with paved shoulders configuration for NH- 965DD from Pacharal-Mandangad-Mhapral-Rajewadi Upto Junction of NH-66 Ch-22700 to 75100 Km and Ambadave connector Birth place of Dr. Babasaheb Ambedkar Ch-0000 to 7325 Km length Km 59.725 in the state of Maharashtra on EPC mode. Balance Work,389,341.69,170.26,93,04-01-2024,31-08-2026,27-03-2018
879,Roads & Highways,Ministry of Road Transport & Highways,MoRTH,618235,Balance work of Rehabilitation and Up-gradation to 4-Lane configuration of Ras-Beawar Section Km 00.000 to km 30.050 of NH-158 in the State of Rajasthan under Green National Highway Corridor Project GNHCP.,278,0,99.13,56,27-12-2026,27-12-2026,10-01-2025
880,Roads & Highways,Ministry of Road Transport & Highways,NHAI,618593,Balance work of Rehabilitation and Upgradation to four laning of Baharagora Singhara section of NH-49 from Km.229.727 to Km.238.990 Length 9.263 Km. including construction of five nos. of Elephant Underpasses EUP and fourteen nos. of Animal Underpasses AUP inside the buffer zone of Similipal Tiger Reserve Area in Bangriposi Ghat section in the State of Odisha on EPC Mode,263,163.07,13.82,10,22-11-2027,22-11-2027,21-03-2025
881,Roads & Highways,Ministry of Road Transport & Highways,NHAI,618507,"Balance work of Six Laning of Shamlaji-Motachiloda from Km. 401.200 to Km.494.410 section Design Chainage Km.447.385 to Km 540.595, Length- 93.210 Km of old NH-8 NH-48 in the state of Gujarat on single Percentage Item Rate Contract",467,501.48,577.62,92,06-06-2025,31-08-2026,07-06-2024
882,Roads & Highways,Ministry of Road Transport & Highways,NHIDCL,618349,Balance work of Widening to 2 Two lane with hard shoulder of Churachandpur to Tuivai section of NH-102B from Design Chainage km 118850 to km 130000 Package-4A in the State of Manipur on EPC Mode,204,0,112.41,26,29-08-2026,29-08-2026,27-04-2020
883,Roads & Highways,Ministry of Road Transport & Highways,NHIDCL,618348,Balance work of Widening to 2 Two lane with hard shoulder of Churachandpur to Tuivai section of NH-102B from km 130.000 to km 141.029 Package-4B in the State of Manipur on EPC Mode,178,0,97.93,9,07-11-2026,07-11-2026,15-06-2020
884,Roads & Highways,Ministry of Road Transport & Highways,MoRTH,619321,Balance work of widening to two laning/re-alignment and geometric improvement from Km. 11000 to Km. 114618 with rectification of damaged stretches and provision of protection works in vulnerable location of NH-44 in the State of Mizoram.,171,0,0,2,12-05-2028,,08-10-2025
885,Roads & Highways,Ministry of Road Transport & Highways,NHAI,618898,Balance Works for Four laning of Vikravandi to Sethiyathope section from Km 0.0 to Km 65.96 of NH-45C in Tamil Nadu under NHDP Phase-IV on EPC mode,1163,834.46,264.13,38,24-06-2027,24-06-2027,22-01-2025
886,Roads & Highways,Ministry of Road Transport & Highways,NHAI,618522,Balance Works for six laning of Sriperumbudur to karaipettai section of NH-4 New NH-48 from 37000 Existing Km 37000 to Km 71015 Existing Km 71000 in Tamilnadu on EPC mode underNHDP Phase-V,411,411.16,134.65,38,27-10-2026,31-03-2027,07-06-2024
887,Roads & Highways,Ministry of Road Transport & Highways,NHAI,619160,Balance works in AP Portion and punch list items in TN & AP portion of NH-205,167,113.46,98.52,100,04-01-2025,05-01-2026,06-10-2022
888,Roads & Highways,Ministry of Road Transport & Highways,NHAI,618784,Balance works of 4 lane divided carriageway of Missing Link section of NH-39 Rewa Bypass from junction with NH 30 near Bela to Junction with MPRDC ring road near Silpara on SH 9 design length 13.100 km on EPC Mode under Bharatmala Pariyojana in the State of Madhya Pradesh,355,355.36,253.13,84,23-04-2026,31-01-2027,16-08-2023
889,Roads & Highways,Ministry of Road Transport & Highways,NHAI,618574,Balance Works of 4L of NH-31D from Km. 113.200 to Km. 154.854 Package-II A Ghoshpukur-Salsalabari Section,1818,962.31,461,61,01-06-2027,01-06-2027,14-11-2023
890,Roads & Highways,Ministry of Road Transport & Highways,NHAI,619222,"Balance works of four lane from km 43.950 Thiruvallur Bypass to km 61.470 Veppampattu Bypass passing through Thannerkulam, Thozur and Sevapet Bypass 17.520 kms of Tirupathi- Tiruttani- Chennai section of NH 205",468,699.68,595.08,98,20-09-2024,15-08-2026,08-03-2022
891,Roads & Highways,Ministry of Road Transport & Highways,MoRTH,619039,"Balance Works of Rehabilitation and Up gradation of NH-43 New NH-30 from Krn 162120 to Krn 173500 Length 11.380 Km. Keshkal Bypass 4-Lane with Paved shoulder in the State Of Chhattisgarh under NHDP-IV through Engineering, Procurement & Construction EPC Basis",308,0,0,0,10-06-2028,,16-06-2025
892,Roads & Highways,Ministry of Road Transport & Highways,NHAI,619199,Bangalore Chennai Expressway Phase-II Pkg-I from km.71.000 to Km 96.000 Bethamangala in the state of Karnataka to Byreddypalli,1410,1410.01,744.42,99,09-10-2024,15-09-2026,04-12-2020
893,Roads & Highways,Ministry of Road Transport & Highways,NHAI,618475,Bangalore Chennai Expressway Phase-II Pkg-II from km.96.000 to Km 127.000 Baireddypalle to Bangarupalem section,2548,2548.04,1332.41,94,07-06-2025,30-10-2026,19-02-2021
894,Roads & Highways,Ministry of Road Transport & Highways,NHAI,618476,Bangalore Chennai Expressway Phase-II Pkg-III from km.127.000 to Km 156.000 Bangarupalem to Gudipala section,1407,1407.33,868.62,99,03-10-2024,31-08-2026,23-11-2020
895,Roads & Highways,Ministry of Road Transport & Highways,NHAI,618477,Bangalore Chennai Expressway Phase-III Package I Gudipala to Walajajhpet from Km 156.000 to Km 180.000,1482,1481.87,746.74,99,28-05-2024,31-08-2026,21-10-2020
896,Roads & Highways,Ministry of Road Transport & Highways,NHAI,618478,Bangalore Chennai Expressway Phase-III Package II Walajahpet to Arakkonam from Km 180.000 to Km 204.500,1107,1106.65,593,93,14-07-2024,31-08-2026,08-01-2021
897,Roads & Highways,Ministry of Road Transport & Highways,NHAI,618479,Bangalore Chennai Expressway Phase-III Package III Arakkonam to Kancheepuram from Km 204.500 to Km 230.000,1525,1525.1,360.95,54,29-07-2024,31-12-2027,08-12-2020
898,Roads & Highways,Ministry of Road Transport & Highways,NHAI,618519,Bangalore Ring Road STRR-NH-948A- Package-I of Phase-III from Belagondapalli TN to TN/KNT border from km 144.480 to 179.969,1261,1218.47,777,93,16-05-2025,31-12-2026,16-03-2022
899,Roads & Highways,Ministry of Road Transport & Highways,NHAI,618706,Bangalore-Nidagatta Pkg. I,3496,4087.42,4315.21,99,09-11-2021,30-09-2026,13-02-2018
900,Roads & Highways,Ministry of Road Transport & Highways,NHAI,619072,Bangalore/TN border to Hoskote,1182,1297.76,1153.14,95,14-02-2025,30-11-2026,14-02-2022
901,Roads & Highways,Ministry of Road Transport & Highways,NHAI,618863,Barhi-Koderma Section of NH31 km 0.00 - km 27.5,662,826.59,825.2,98,03-08-2024,31-08-2026,27-02-2017
902,Roads & Highways,Ministry of Road Transport & Highways,NHAI,618533,Barwa Adda Km. 398.240 to Panagarh Km. 521.120,1560,1568.22,1694.94,100,26-09-2016,31-08-2026,17-08-2010
903,Roads & Highways,Ministry of Road Transport & Highways,NHAI,618799,Belakeri Port to Kumta - Sirsi road from km 0.00 - km 4.265 of Belekeri Port Road Link Rd. and km 4.965 - km 60.00 of SH-69,440,456.79,471.12,95,07-12-2022,30-11-2026,27-03-2018
904,Roads & Highways,Ministry of Road Transport & Highways,NHAI,619164,Belgaum-Khanapur Pkg I Km 0.000-Km 30.800 of NH-4A,1214,1195.74,917.82,76,02-09-2021,31-03-2027,04-03-2018
905,Roads & Highways,Ministry of Road Transport & Highways,MoRTH,617908,Bemetara Bypass NH 30,162,0,0,42,28-04-2027,28-04-2027,08-01-2024
906,Roads & Highways,Ministry of Road Transport & Highways,NHAI,618664,Berkhedi to Godpehra on NH-44 Sagar link road,525,471.31,385.98,93,03-11-2024,31-12-2026,03-02-2022
907,Roads & Highways,Ministry of Road Transport & Highways,NHAI,618523,Bhadrak KM 136.500 to Baleshwar KM 199.141,845,1394.82,783.98,91,15-09-2021,30-11-2026,27-11-2014
908,Roads & Highways,Ministry of Road Transport & Highways,NHAI,618925,Bijnor-Kotawali,301,334.48,299.77,99,02-05-2023,15-08-2026,25-02-2021
909,Roads & Highways,Ministry of Road Transport & Highways,NHAI,618572,Binnaguri Bypass-Descoped portion of Ghoshpukur-Dhupguri Section of NH-31Dpkg-1,310,306.02,4.77,4,06-11-2027,06-11-2027,21-03-2025
910,Roads & Highways,Ministry of Road Transport & Highways,NHAI,618693,Bodhre - Dhule,1345,1292.7,837.67,98,27-07-2024,31-08-2026,03-02-2021
911,Roads & Highways,Ministry of Road Transport & Highways,NHAI,618825,Bridge over Ganga River at d/s of Farraka Barrage including Approaches connecting Farakka-Raiganj,622,646.1,628.08,97,18-12-2021,30-09-2026,09-08-2018
912,Roads & Highways,Ministry of Road Transport & Highways,NHAI,619150,BRT Tiger Reserve Boundary Km.287.500 to Bangalore Section Km.458.420 of NH-209 in Karnataka,2083,2859.93,2242.71,100,20-08-2019,30-09-2026,07-04-2016
913,Roads & Highways,Ministry of Road Transport & Highways,NHAI,618619,Bypass on Western side of Gwalior City,999,0,195.31,0,12-01-2028,12-01-2028,30-03-2025
914,Roads & Highways,Ministry of Road Transport & Highways,NHAI,619043,Capacity Augmentation in the stretch of DhulePimpalgaon section of NH60 Km. 261.720 to Km. 380.000 by Construction of Slip/Service Road on either side at various locations total length 30.30 Km LHSRHS and Flyover 2 x 30m at Sawadgaon Phata Km. 310.415,342,0,10.9,5,17-10-2026,16-10-2027,09-12-2025
915,Roads & Highways,Ministry of Road Transport & Highways,NHAI,619204,"Capacity Augmentation in the stretch of Pimpri Sado Vadape section of NH848 Km. 460900 to Km. 537000 by Construction of Slip/Service Road on either side at various locations total length 25.140 Km LHSRHS, Flyover 2 x 25m at Borivali Junction Km. 528550 & LVUP 1 x 15m at Sherekarpada Km. 528800",372,0,1.5,1,27-10-2027,27-10-2027,09-12-2025
916,Roads & Highways,Ministry of Road Transport & Highways,NHAI,619086,Chengapalli km 102.035 to Neelambur Km144.680 and Madukkarai Km 170.880 to Walayar K183.010 Package No. NS-2/BOT/TN-08,1247,285.55,7.24,100,07-03-2013,30-10-2026,18-10-2009
917,Roads & Highways,Ministry of Road Transport & Highways,MoRTH,618209,Construction & up gradation of existing road to 2-Lane with paved shoulder from existing chainage km 468000 to km 489350 Design Chainage km 465150 to km 471500 of NH-07 Old NH-58 including Joshimath bypass on EPC mode in the state of Uttarakhand Length 6.35 km,259,0,0,37,13-09-2025,27-08-2027,15-03-2022
918,Roads & Highways,Ministry of Road Transport & Highways,NHIDCL,618449,Construction & Upgradation of existing road to 2-lane with paved shoulder from km27.200 End of Rongli bypass to km37.600New Rolep Bridge of Rhenok-Menla spur NH-717B on EPC Mode under SARDP-NE Phase-A in Sikkim Pkg-II B,230,244.91,249.71,86,15-04-2023,30-09-2026,09-07-2020
919,Roads & Highways,Ministry of Road Transport & Highways,NHIDCL,618446,Construction & Upgradation of existing road to 2-lane with paved shoulder from New Rolep Bridge at km 37.600 to Chochenpheri at km 52.00 in the section of Rongli to Chochenpheri of NH 717B Pkg-II C,493,478.79,395.19,79,23-05-2024,30-09-2026,07-10-2020
920,Roads & Highways,Ministry of Road Transport & Highways,NHIDCL,618427,Construction & upgradation of existing road to 2-lane with paved shoulder including geometric improvement of Kafer- Lava More section from km 40.00 to km 61.100 of NH717-A on EPC under SARDP-NE A in state of West Bengal Pkg-VA,311,273.78,268.2,96,05-04-2023,31-12-2026,25-06-2020
921,Roads & Highways,Ministry of Road Transport & Highways,NHIDCL,618429,Construction & upgradation of existing road to 2-lane with paved shoulder including geometric improvement of sect. from Pedong bypass to Reshi Border km 79.700 to km 96.254 of NH-717A under SARDP-NE-A on EPC as part of Alternate connectivity to Gangtok Lava More-Reshi Border Pkg-VB,345,395.59,418.73,97,17-04-2022,31-08-2026,29-06-2020
922,Roads & Highways,Ministry of Road Transport & Highways,NHIDCL,618395,"Construction & Upgradation to 2-lane with paved shoulder from Design Ch. Km 51700 at Premnagar km 66315 to Km 66535 New Thatri at Start of Km 83rd, Tunnel Km 82665 of 14.835 Km design length on Chenani-Sudhmahadev-Goha Khellani-Kishtwar-Vailoo Donipawa-Ashajipora section of NH-244 in the UT of J&K on EPC Mode under NHO-Gen Pkg - 2",512,0,164.66,53,24-02-2023,31-10-2026,30-03-2021
923,Roads & Highways,Ministry of Road Transport & Highways,NHIDCL,618400,Construction & Upgradation to 2-lane with paved shoulder from Design Km 67.805 at the end of Km 83rd Tunnel near Dhrabshalla Ex. Km 83905 to Km 80.675 start of Kishtwar Bypass - Dulhasti Ex. Km 970751 of 12.870 Km length on chenani-Sudhmahadev-Goha Khellani-Kishtwar-vailoo-Donipawa-Ashajipora seition of NH-244 in the UT of J&K on EPC Mode under NHO-Gen Pkg-3,399,0,120.09,99,31-12-2022,31-08-2025,30-03-2021
924,Roads & Highways,Ministry of Road Transport & Highways,MoRTH,617968,Construction & Widening Including Augustmuni Bypass Ch-16.545 to Ch - 19.890 to 2L/PS from Km 16.545-Km 33.130 & 45.980 -57.975 Augustmuni to Kund & Guptkashi to Sitapur on NH 109 in UK,419,0,426.18,95,16-02-2020,15-03-2024,20-03-2017
925,Roads & Highways,Ministry of Road Transport & Highways,NHIDCL,618289,Construction and up gradation to 4-Lane of existing two lane with paved shoulder from Hapachara to Tulungia road of NH-117 of existing Km 0.00 to km 14.050 and Design Km 0.000 to km 14.660 under BMP on EPC mode,225,0,209.95,98,26-12-2022,31-03-2026,17-03-2020
926,Roads & Highways,Ministry of Road Transport & Highways,NHIDCL,618393,"Construction for Mitigation Measures of 10 Nos. Landslides, 01 No. Sinking Zones and 1 No. of Minor Bridge in between at Ch. Km 368.00 to Km 433.00 on NH-07 on EPC Mode in Uttarakhand Package-1",217,0,117.83,100,05-12-2025,29-02-2024,07-12-2023
927,Roads & Highways,Ministry of Road Transport & Highways,NHIDCL,618391,"Construction for Mitigation Measures of 5 Nos. Landslides, 05 No. Sinking Zones and 01 No. Bridge from Ch. 450.00 to Ch. 468.00 18 Km. Length on NH-07 Package-III",250,0,100.93,88,05-12-2025,24-02-2027,07-12-2023
928,Roads & Highways,Ministry of Road Transport & Highways,NHIDCL,618392,"Construction for Mitigation Measures of 5 Nos. Landslides, 5 Nos. Sinking Zones in between Ch. 433.00 to 450.00 BANERPANI VILLAGE on NH-07 on EPC mode in the state of Uttarakhand Package-2",260,0,0,68,08-06-2026,31-01-2027,07-12-2023
929,Roads & Highways,Ministry of Road Transport & Highways,MoRTH,617923,Construction of Daspalla Bypass from km 195.250 To 200.635 of NH-57 including land acquisition in the state of Odisha on EPC mode under Annual Plan 2022-23.,156,0,53.05,25,16-05-2027,16-05-2027,28-02-2023
930,Roads & Highways,Ministry of Road Transport & Highways,NHIDCL,618356,Construction of 2 -Lane with paved shoulders road from Tamenglong to Mahur in the state of Manipur from km 31.430 at Old Tamenglong to km 43.480 ending near Phelong on EPC Mode Package-3,234,0,201.13,98,20-12-2022,15-04-2026,30-03-2021
931,Roads & Highways,Ministry of Road Transport & Highways,NHIDCL,618357,Construction of 2 -Lane with paved shoulders road from Tamenglong to Mahur NH-137 in Manipur starting from km 54.180 near Azuram to km 80.630 near Mandeu on EPC Mode Package 5,478,0,330.13,85,19-05-2023,31-01-2026,09-09-2021
932,Roads & Highways,Ministry of Road Transport & Highways,NHIDCL,618358,Construction of 2 -Lane with paved shoulders road from Tamenglong to Mahur NH-137 starting from km 80.630 near Mandeu to km 96.870 near Jiri River on EPC Mode Package-6,311,0,231.08,87,20-05-2023,31-12-2025,13-09-2021
933,Roads & Highways,Ministry of Road Transport & Highways,MoRTH,618034,Construction of 2 lane Barpeta Bypass from Km 77900Baradi to Km 86150 Deurikuchi Length8.25Km on NH-427 in the state of Assam under EPC ModeJob No.427/AS/2022-23/245,174,0,11.38,20,14-08-2026,13-08-2026,28-03-2023
934,Roads & Highways,Ministry of Road Transport & Highways,MoRTH,618160,"Construction of 2 lane Major Bridge including approaches over Brahmaputra between Majuli on North Bank and Jorhat on South Bank from km. 11.690 to km. 19.715 length of bridge 6,812.5m Package - II on NH-715K in the state of Assam Job no. 715/AS/2020-21/213",1019,0,0,3,10-12-2027,10-12-2027,29-03-2025
935,Roads & Highways,Ministry of Road Transport & Highways,MoRTH,618200,Construction of 2 lane with Paved Shoulder for Northern Bypass Phase-II of Kota city in the State of Rajasthan.,318,0,6.14,50,14-04-2025,30-11-2026,31-03-2022
936,Roads & Highways,Ministry of Road Transport & Highways,MoRTH,618011,Construction of 2 lane with paved shoulder for the work of Development of remaining sections of NH-325 Balotra to sanderao via Jalore to 2 lane with paved shoulder configuration by Construction of Byasses for town portions1 Asotra- Brahmdham bypass 2Siwana Bypass 3 Mokalsar Bypass 4 Major realignment at Kathadi 5 Major realignment at Bishangarh 6 Jalore Bypass 7 Ahore Town portion 8 Dujana Bypass in the state of Rajasthan on EPC Mode,411,0,85.69,93,11-05-2024,31-10-2026,07-12-2021
937,Roads & Highways,Ministry of Road Transport & Highways,MoRTH,618184,Construction of 2 Lane with paved shoulder from km 55.6 to km 90.7 existing chainages of NH-766C complete Realignment of 13.76 km with 2 major Bridges across Sharavathi Backwaters on EPC mode under Annual Plan 2022-23 in the state of Karnataka NH-766C-KNT-2022-23 dated 14.10.2022,314,0,160.08,65,12-02-2026,21-12-2027,12-01-2023
938,Roads & Highways,Ministry of Road Transport & Highways,MoRTH,617929,Construction of 2 lane with paved shoulder of Kund Bypass from Design Km 35.130 to Km 47.700 existing Km 33.130 to Km 41.260 of NH-109 in the State of Uttarakhand,247,0,114.6,74,06-05-2020,31-12-2026,26-02-2018
939,Roads & Highways,Ministry of Road Transport & Highways,NHIDCL,618420,"Construction of 2 lane with paved shoulder of Shillong Western Bypass starting from NH-06 near Ladumsaw existing km 60.900 of old NH-40 to NH-106 old NH-44E, Package-II km 12800 to km 24700 under SARDP-NE Phase A in the State of Meghalaya on EPC Mode",686,0,357.32,50,01-09-2026,02-09-2026,16-03-2023
940,Roads & Highways,Ministry of Road Transport & Highways,MoRTH,618202,Construction of 2 lane with paved shoulders Baramulla Bypass Greenfield bypass from existing Ch. Km 47020 to Km 56720 and Design Ch. From 48500 to 62600 Total length 14.100 km on road Srinagar Baramulla Uri NH-01 in the UT of Jammu & Kashmir under Project.Package-III,992,0,112.16,47,01-09-2026,31-07-2027,22-03-2023
941,Roads & Highways,Ministry of Road Transport & Highways,NHIDCL,618413,Construction of 2 laning with Hard shoulder of Peren-Dimapur section on NH 129A from Design Km 146.208 to Km 163.592 Length- 17.384 km in the state of Nagaland on EPC mode under NHO-TSP Package-III,178,199.02,111.71,96,06-06-2025,30-08-2026,11-02-2021
942,Roads & Highways,Ministry of Road Transport & Highways,MoRTH,618127,Construction of 2- Lane with paved shoulder from km 56.45 Dharampur More to 93.050 Pakur of NH-333A in the State of Jharkhand on EPC mode,256,0,10.06,15,03-05-2027,03-05-2027,27-03-2023
943,Roads & Highways,Ministry of Road Transport & Highways,NHIDCL,618324,Construction of 2-lane Aizawl Bypass from km 15.200 to km 34.500 Package-3 on Sairang - Phaibawk section of NH-6 in the State of Mizoram under Bharatmala Pariyojna on EPC Mode under NHO-NE,721,0,102.62,15,10-11-2028,,28-02-2023
944,Roads & Highways,Ministry of Road Transport & Highways,MoRTH,617892,Construction of 2-lane road of Potin to Pangin section of NH-13 from Km 163.59 to Km 206.66 Package-5 on EPC Mode in the State of Arunachal Pradesh under Arunachal Pradesh Package of Roads and Highways of SARDP-NE [Job No SARDP-NE/P-P/Pkg-A/NH-13/Ar.Pr./PWD/2018-19/116],451,0,345.01,97,18-11-2023,31-10-2026,01-03-2019
945,Roads & Highways,Ministry of Road Transport & Highways,NHIDCL,618297,Construction of 2-lane with hard shoulder of Kohima - Jessami road on NH-29 Old NH-150 from existing Km 30.474 Near Kidwema road Chakahabama to existing Km 53.220 Near Kikruma Village Design Km 29.60 to Km 51.50 Design length-21.90 Km in the state of Nagaland Under Bharatmala Pariyojna on EPC Mode under NHO Package-II -Balance work,356,0,0,43,04-01-2026,31-12-2026,11-03-2020
946,Roads & Highways,Ministry of Road Transport & Highways,NHIDCL,618423,Construction of 2-Lane with hard shoulders of Merangkong-Tamlu-Mon MTM Road from existing Km 20.456 to Km 41.065 Design Km. 20 to Km. 40.0 Design Length-20.000 Km in the State of Nagaland under SARDP-NE Phase-A Pkg-2 Balance work,216,0,173.12,100,21-08-2025,13-03-2026,22-03-2018
947,Roads & Highways,Ministry of Road Transport & Highways,NHIDCL,619059,Construction of 2-Lane with hard shoulders of Merangkong-Tamlu-Mon Road on EPC Basis from existing road Km. 76.640 to Km 98.065 Design chainage Km. 63.800 to Km. 86.835 Design Length-23.035 Km in the state of Nagaland under SARDP-NE PKG-IV Balance work,324,0,147.37,79,10-09-2025,31-12-2026,22-03-2018
948,Roads & Highways,Ministry of Road Transport & Highways,NHIDCL,618422,"Construction of 2-lane with hard shoulders of Merangkong-Tamlu-Mon road Wakching Twon portion on EPC basis from existing Chainage Km 59000 to Km 73640 [Design Km. 59000 to Km, 72450] Design length - 13.450 Km under SARDP-NE package-V Balance work",162,0,101.28,100,07-09-2025,31-07-2026,31-03-2021
949,Roads & Highways,Ministry of Road Transport & Highways,NHIDCL,618290,"Construction of 2-lane with Paved shoulder of Kohima- Bypass Road Connecting NH-39New NH-02, NH-150New NH-02, NH-61New NH-29, NH-39New NH-02 from Design Km 32.00 to Design Km 43.454Design Length-11.454 Km in the State of Nagaland under SARDP-NE on EPC Mode Package-IV",202,0,102.32,47,17-04-2022,31-12-2026,31-07-2020
950,Roads & Highways,Ministry of Road Transport & Highways,NHIDCL,618292,Construction of 2-Lane with paved shoulder of Kohima-Bypass Road connecting New NH-02 and New NH-29 from Design Km 10.500 to design Km 21.000 [Design Length- 10.500 km] including TUNNEL of 500m at Ch. 11.000 in the state of Nagaland Under SARDP-NE on EPC Mode Package-2,277,0,201.99,70,15-10-2022,30-10-2027,07-07-2020
951,Roads & Highways,Ministry of Road Transport & Highways,NHIDCL,618291,"Construction of 2-lane with Paved shoulder of Kohima-Bypass Road connecting NH- 39 New NH-02, NH150New NH-02, NH7-61 New NH-29 and NH-39 New NH-02 from Design km 21.000 to km 32.268 [Design length11.268 km] in the state of Nagaland Under SARDP-NE on EPC Mode Package- 3",160,342.29,128.32,40,15-06-2025,31-12-2026,31-07-2020
952,Roads & Highways,Ministry of Road Transport & Highways,NHIDCL,618293,"Construction of 2-Lane with paved shoulder of Kohima-Bypass Road connecting NH-39New NH-02, NH-150New NH-02, NH-61New NH-29 and NH-39New NH-02 from design Km 0.00 to Km 10.500 in the State of Nagaland under SARDP-NE on EPC Mode Package-1 -Balance work",232,350.88,120.92,27,08-11-2026,08-11-2026,07-07-2020
953,Roads & Highways,Ministry of Road Transport & Highways,NHIDCL,618421,"Construction of 2-Lane with paved shoulder of Shillong Western Bypass starting from NH-06 near Ladumsaw Existing km 60.900 of old NH-40 to NH106 old NH-44E, km 0000 to km 12800 Package-I under SARDP-NE PHASE A in the State of Meghalaya on EPC Mode Greenfield alignment",620,0,332.95,75,01-09-2026,02-09-2026,07-03-2023
954,Roads & Highways,Ministry of Road Transport & Highways,NHIDCL,618419,"Construction of 2-Lane with paved shoulders of Shillong Western Bypass starting from NH-06 near Ladumsaw existing Km 60.900 of old NH40 to NH106 old NH 44E Package-III, from km 24700 to km 38256 under SARDP-NE PHASE A in the state of Meghalaya on EPC Mode Greenfield alignment",562,0,340.17,52,01-09-2026,02-09-2026,13-03-2023
955,Roads & Highways,Ministry of Road Transport & Highways,NHIDCL,618363,Construction of 2-laning with hard shoulder configuration of Chhumkhum to Tlabung from Design Chainage Km 37.420 to Km 74.950 of NH-302 in Mizoram under Bharatmala Pariyojana on EPC mode [Pkg-B],741,0,494.49,61,09-01-2023,31-12-2026,28-06-2021
956,Roads & Highways,Ministry of Road Transport & Highways,NHIDCL,618362,Construction of 2-laning with hard shoulder of Lunglei to Chhumkhum from Design Chainage Km 0.000 to Km 37.420 of NH-302 [Lunglei-Tlabung] Package-A,698,0,553.89,65,30-12-2022,15-11-2026,30-03-2021
957,Roads & Highways,Ministry of Road Transport & Highways,NHIDCL,618387,Construction of 2-laning with Hard shoulder of Ukhrul Tolloi - Tadubi section of NH-102A from Design Chainage km 9450 to km 50850 in the State of Manipur on EPC mode under NHO-NE Package-2,579,0,278.6,80,01-03-2026,31-12-2026,07-03-2023
958,Roads & Highways,Ministry of Road Transport & Highways,NHIDCL,618388,Construction of 2-laning with Hard shoulder road of Ukhrul - Tolloi - Tadubi section of NH-102A from Design Chainage 50.850 km to 81.870 km in the State of Manipur on EPC mode under NHO-TSP Package -3,316,0,257.41,94,20-01-2025,31-12-2026,09-09-2021
959,Roads & Highways,Ministry of Road Transport & Highways,NHIDCL,618389,Construction of 2-laning with Hard shoulder road of Ukhrul - Tolloi - Tadubi section of NH-102A from Design Chainage 81.870 km to 105.825 km in the State of Manipur on EPC mode under NHO-TSP Package -4,311,0,287.73,97,28-02-2024,31-08-2026,07-09-2021
960,Roads & Highways,Ministry of Road Transport & Highways,NHIDCL,618445,Construction of 2-Laning with hard shoulders of Demwe-Brahmakund section of NH-13 from Ch.0.00 km to 18.464 km on EPC under SARDP-NE NHO-NE -Balance Work,354,0,26.82,20,18-12-2027,18-12-2027,19-08-2020
961,Roads & Highways,Ministry of Road Transport & Highways,NHIDCL,618448,Construction of 2-Laning with Paved Shoulder of New Greenfield Alignment From Chochenpheri at Km 52000 to Helipad near Menla at Km 82000 of Rhenock-Menla Spur NH-717B Package-IIIA on EPC Basis under SARDP-NE Phase 'A' in the State of Sikkim.,817,786.6,474.96,64,09-12-2023,19-05-2027,07-10-2020
962,Roads & Highways,Ministry of Road Transport & Highways,NHIDCL,618447,Construction of 2-Laning with Paved Shoulder of New Greenfield Alignment From Helipad near Menla at Km 82000 to Menla at Km 94030 of Rhenock-Menla Spur NH-717B Package-IIIB on EPC Basis under SARDP-NE Phase 'A' in the State of Sikkim.,411,379.3,241.77,83,24-02-2024,31-05-2027,18-01-2021
963,Roads & Highways,Ministry of Road Transport & Highways,NHAI,618556,"Construction of 26 VUPs, Major Bridge, Service Road etc. on Lalitpur-Sagar-Lakhnadon section of NH-44 NS",666,665.91,574.39,97,05-03-2026,10-08-2026,01-02-2023
964,Roads & Highways,Ministry of Road Transport & Highways,NHAI,619293,Construction of 4 Lane Access Controlled Bypass for Dehradun on NH307 from Design Chainage km 0050 Jhajra on NH-07 to Design Chainage km 12220 Asharori on EPC Mode in the State of Uttarakhand under NHO,716,337.11,191.78,63,23-04-2027,23-04-2027,07-12-2023
965,Roads & Highways,Ministry of Road Transport & Highways,MoRTH,619253,Construction of 4 lane Bypass to Nalgonda Town lrorn Km 000 Existing Ch. 181590 to Km 14.00 Existing Ch. 28/685 ol Nakrekal to Nagarjunsagar Section of NH -565 in the State of Telangara on EPC under Annual Plan 2024 -25,516,0,0,56,06-10-2027,06-10-2027,29-10-2024
966,Roads & Highways,Ministry of Road Transport & Highways,MoRTH,617896,"Construction of 4 lane Gauripur Bypass Starting bfrom Km 852.56 of NH-31Dumardoha Pt-II and Terminating at Km 862.17 Baladmara via. Khudimari Pt.- II, Fulkumari, Charaldanga, Sajuakuti,Geramari Pt.-III and finally meeting at km 862.17 of NH-17New/ NH-31Old in the State of Assam under EPC Mode Job no. 31/AS/ 2023-24/265",421,0,0,34,24-10-2026,24-10-2026,15-03-2024
967,Roads & Highways,Ministry of Road Transport & Highways,MoRTH,618247,Construction of 4 lane Mirzapur bypass including bridge over river Ganga from km 0.000 to km 15.000 of NH 135A in the State of Uttar Pradesh on HAM Mode.,1709,0,0,7,17-01-2029,17-01-2029,07-03-2024
968,Roads & Highways,Ministry of Road Transport & Highways,MoRTH,617969,Construction of 4 Lane ROB and its approaches at the level crossing LC No 29 B of Km 29 Ekangarsarai at NH 110 New NH 33 & Railway Km 32.63 at Fatwa FUT Islampur IPR section in the state of Bihar on EPC mode.,201,0,0.01,62,19-07-2026,31-12-2026,11-03-2023
969,Roads & Highways,Ministry of Road Transport & Highways,MoRTH,617905,Construction of 4 lane ROB with approaches in lieu of LC No. RV-172 at km 176.00 of NH-201 present NH-26 at Kesinga including land acquisition in the state of Odisha on EPC mode under Annual Plan 2021-22,324,0,88.48,78,08-05-2025,20-05-2027,30-12-2021
970,Roads & Highways,Ministry of Road Transport & Highways,MoRTH,618205,"Construction of 4 lane with paved shoulder from Existing Ch. 14200 to 24320 Design Ch. 14200 to 24400, Ch. 33760 to 42780 Design Ch. 35300 to 44294 & Ch. 43440 to 47020 Design Ch. 44958 to 48500 Delina Flyover including construction of flyover length 1.704 km of total length 22.736 kms in AOR of 760 BRTF on road SRINAGAR BARAMULA URI NH-01 in the UT of Jammu & Kashmir under project BEACON, Border Roads Organization BRO Package-IJob No NH-1-J&K-2022-23-110",823,0,298.96,86,24-08-2025,31-12-2026,29-06-2022
971,Roads & Highways,Ministry of Road Transport & Highways,MoRTH,618203,"Construction of 4 lane with paved shoulder Pattan bypass Greenfield bypass from existing Ch. Km 24320 to Km 33760 and Design Ch. from Km 24400 to Km 35300, total length 10.900 km on road SrinagarBaramulla Uri NH-01 in the UT of Jammu & Kashmir under Project BEACON, Border Roads Organization BRO on EPC mode. Package-II",980,0,132.03,57,31-07-2026,28-02-2027,22-03-2023
972,Roads & Highways,Ministry of Road Transport & Highways,MoRTH,619061,Construction of 4 lane with PS Idar-Badoli bypass section from design km 81/300 to km 95/500 of NH 168G in the State of Gujarat,705,0,0,7,06-05-2028,06-05-2028,27-03-2025
973,Roads & Highways,Ministry of Road Transport & Highways,MoRTH,617919,Construction of 4 Nos Grade separtor between km. 281.000 to km. 307.600 km. 286.400 kumhari km. 299.000 Transport Nagar km. 302.000 Power House km. 304.000 Chandra Moura Chowk to km. 305.000 supeia of NH-53 old NH-06 Raipur -Durg 4 Lane on EPC mode in the state of chhattisgarh job NO. NH-53old NH-06 CG-2017-18-56,349,0,304.04,98,27-01-2021,31-08-2025,22-03-2018
974,Roads & Highways,Ministry of Road Transport & Highways,NHIDCL,619057,Construction of 4-Lane Badarpur Bypass from Design Chainage km 27300 at crossing with NH-6 Old NH-44 Near Siddeswar Pt.-I Village to Design Chainage km 38600 on NH-37 Old NH-44 at Kandigram Chaita Village on Silchar - Churaibari stretch in the State of Assam on EPC Mode under Bharatmala Pariyojana in Economic Corridors Silchar- Churaibari Pkg-3,574,0,330.98,71,09-08-2026,31-03-2027,28-02-2023
975,Roads & Highways,Ministry of Road Transport & Highways,NHIDCL,618373,"Construction of 4-Lane Bridge including approaches over River Brahmaputra between Dhubri on North Bank,Assam and Phulbari on south Bank,Meghalaya on NH-127B under JICA ODA Loan assistance Phase-III",4997,0,3081.08,77,12-09-2028,12-09-2028,06-05-2019
976,Roads & Highways,Ministry of Road Transport & Highways,NHAI,619142,Construction of 4-lane connectivity to Banbasa ICP at India Nepal border from NH-09 old NH-125 Sitarganj-Tanakpur at Km 40.00 near Jagbuda bridge under Bharatmala Priyojana of NH-109D on EPC mode in the State of Uttarakhand,217,237.01,213.92,75,01-09-2024,11-04-2027,17-06-2022
977,Roads & Highways,Ministry of Road Transport & Highways,MoRTH,618001,"Construction of 4-lane flyover at Amberpet-X road, Hyderabad on NH-202 in the State of Telangana",217,265.88,172.17,92,28-06-2023,30-06-2026,08-05-2018
978,Roads & Highways,Ministry of Road Transport & Highways,MoRTH,618166,Construction of 4-lane green field highway from Km. 35.000 to Km. 49.155 of NH-731A with paved shoulders on Hybrid Annuity Mode in the state of Uttar Pradesh,698,0,0.04,100,29-10-2025,09-07-2026,06-01-2022
979,Roads & Highways,Ministry of Road Transport & Highways,NHIDCL,618308,Construction of 4-Lane Panchgram Bypass from Design Chainage km 15500 on NH-37 Old NH-53 at Kalinagar Pt.-I Village to Design Chainage km 27300 at crossing with NH-6 Old NH-44 Near Siddeswar Pt.-I Village on Silchar - Churaibari stretch in the State of Assam on EPC Mode under Bharatmala Pariyojana in Economic Corridors Silchar- Churaibari Package-2,676,728.97,339.78,57,09-02-2027,31-03-2027,16-03-2023
980,Roads & Highways,Ministry of Road Transport & Highways,NHIDCL,618417,"Construction of 4-Lane with paved shoulder Agartala bypass Western side, length 25.402 km connecting NH-8 near Amtali to NH-108B near Lembuchhera in the state of Tripura on EPC basis under NHO-NE",2026,0,462.34,9,09-03-2027,09-03-2027,22-03-2023
981,Roads & Highways,Ministry of Road Transport & Highways,NHIDCL,618320,Construction of 4-Laning of N. Kawnpui N. Mualvum Mualkhang via Khamrang Village section Package-7 of NH-6 from Existing Chainage km 127200 to km 142000 Design Chainage km 111850 to km 123400 on Silchar - Vairengte - Sairang road in the State of Mizoram on EPC mode,866,0,190.01,19,28-10-2028,,12-02-2024
982,Roads & Highways,Ministry of Road Transport & Highways,NHIDCL,618321,Construction of 4-Laning of West Serawlg-Sairang section of NH-6 from Existing Chainage km 142000 to km 158900 Design Chainage km 123400 to km 136260 on Silchar - Vairengte - Sairang road in the State of Mizoram under Bharatmala Pariyojna on EPC mode under NHO-NE Package-8,876,0,288.34,14,01-11-2028,,12-02-2024
983,Roads & Highways,Ministry of Road Transport & Highways,NHAI,618869,"Construction of 4/6 lane Highway of Southern Bareilly Bypass, starting at Ch. 237000 of NH 530 near Jhumka chauraha, Dhantiya village and ending at Ch. 267000 of NH 30 near Invertis University including Trumpet Interchange",1122,1869.59,620.25,16,23-06-2028,23-06-2028,18-12-2024
984,Roads & Highways,Ministry of Road Transport & Highways,NHAI,618500,Construction of 4L Connector from Delhi Meerut Expressway Km 50.000 of Pkg IV to Km 8.520 of NH-235 Pkg-5,1081,1116.19,455,78,29-03-2024,31-08-2026,06-09-2021
985,Roads & Highways,Ministry of Road Transport & Highways,NHAI,618609,Construction of 4L Flyover from MES College Junction to Bogmalo Junction on NH-566 from Km. 7.106 to Km. 10.460 and 4L VUP at Queeny Nagar Junction from Km. 3.330 to Km. 4.550,463,316.28,168.21,59,31-07-2026,31-05-2027,18-01-2024
986,Roads & Highways,Ministry of Road Transport & Highways,NHAI,619298,Construction of 6 Lane Elevated corridor from KM 612582 to KM 617540 including construction of Service Roads in Kolhapur City on NH -48 in the State of Maharashtra on EPC mode under NHO,1039,0,0.06,0,08-06-2029,08-06-2029,02-02-2026
987,Roads & Highways,Ministry of Road Transport & Highways,NHAI,618524,Construction of 6 lane elevated corridor including its approaches from Km. 629880 to Km. 634470 Design Chainage of NH-16 in Ranasthalam Town portion in the state of Andhra Pradesh on EPC Mode under NHO.,258,192.85,55.83,39,20-03-2027,31-08-2027,16-07-2024
988,Roads & Highways,Ministry of Road Transport & Highways,MoRTH,617912,Construction of 6 lane flyover from Khapari ROB to Mihan Interchange design chainage km 8760 to 11450 L- 2.69 km and upgradation of existing 4L PS road to 6LPS with service road by flexible pavement design chainage km 11450 to 14500 L-3.05 [total project length 5.74 km] in section of Nagpur - Hyderabad NH-44 Old NH-7 in Nagpur district in the state of Maharashtra on HAM mode.,620,0,18.35,8,03-10-2027,02-10-2027,15-03-2024
989,Roads & Highways,Ministry of Road Transport & Highways,NHAI,618932,Construction of 6 lane Indore western bypass from km 0000 to Km 34000 Pkg -l in the State of Madhya Pradesh on Hybrid Annuity Mode under NHO,1535,1472.68,657.89,28,31-12-2027,31-12-2027,28-02-2024
990,Roads & Highways,Ministry of Road Transport & Highways,NHAI,618933,Construction of 6 lane Indore western bypass from km 34000 to Km 64000 Pkg-II in the state of Madhya Pradesh on Hybrid Annuity Mode under NHO,1431,0,662.93,18,16-02-2028,16-02-2028,08-03-2024
991,Roads & Highways,Ministry of Road Transport & Highways,MoRTH,618233,Construction of 6-lane bridge on Ganga on NH-96 and its approaches in Phaphamau Allahabad on EPC mode,1948,1465.41,0.43,91,15-02-2024,30-09-2026,11-07-2018
992,Roads & Highways,Ministry of Road Transport & Highways,MoRTH,618250,Construction of 6-Lane Elevated / Extra Dose Cable Bridge on River Ganga parallel to & Western side of Digha-Sonepur Rail cum-Road Bridge of NH 139W in the State of Bihar,3064,0,0,19,02-11-2027,30-12-2028,05-01-2024
993,Roads & Highways,Ministry of Road Transport & Highways,NHAI,618591,"Construction of 6-lane flyover at Ainthapali junction and a 2-lane ROB LHS on NH-53 Earlier NH-6 in Sambalpur, on EPC mode in Odisha under NHO",374,211.74,106.91,54,18-12-2026,18-12-2026,11-03-2024
994,Roads & Highways,Ministry of Road Transport & Highways,NHAI,618742,"Construction of 6-lane Greenfield corridor from Ramnagar to Kacchi Dargah NH-119D from Km 109700 to Km 122300, including widening of the existing NH-31 from Km 196700 to Km 198600, as part of the Amas-Darbhanga.",1113,0,12.44,1,23-04-2028,23-04-2028,27-01-2025
995,Roads & Highways,Ministry of Road Transport & Highways,NHAI,618627,Construction of 7 Nos of Standalone safety structures/works at different locations on various NHs,169,112.03,26.78,33,27-01-2027,20-01-2027,16-01-2025
996,Roads & Highways,Ministry of Road Transport & Highways,NHAI,619299,Construction of a 6-Lane Elevated Corridor from Km 593766 to Km 596620 Including Construction of Service Roads in Kagal City on NH-48 in the State of Maharashtra on EPC Mode.,358,0,0.08,0,08-06-2028,08-06-2028,05-03-2026
997,Roads & Highways,Ministry of Road Transport & Highways,MoRTH,618228,construction of a new 4 lane Parallel to existing MG Setu with its approaces from km 0.00 to km 14.500 across river Ganga on NH-19 at Patna in the state of Bihar.,2926,0,622.65,75,22-09-2024,31-12-2027,12-02-2019
998,Roads & Highways,Ministry of Road Transport & Highways,MoRTH,618234,Construction of a new 4-lane major bridge across river Kosi at Phulaut including Rehabilitation and upgradation of existing Birpur and Bihpur section of NH-106 from km 106.000 to km 136.000 to 2-lane with paved shoulders in the State of Bihar on EPC mode,1478,0,901.52,99,06-06-2024,28-02-2027,20-09-2018
999,Roads & Highways,Ministry of Road Transport & Highways,NHAI,618882,Construction of additional 3-Lane Bridge over River Ganga for connection between Buxar and Bharauli on NH-922 in the State of Uttar Pradesh and Bihar on Hybrid Annuity Mode,532,444.92,47.11,22,19-02-2028,19-02-2028,15-03-2024
1000,Roads & Highways,Ministry of Road Transport & Highways,MoRTH,617893,Construction of additional major Bridge with 4- lane configuration of length 1.48 km on NH-60 NH-14 over River Kangshabati from Km. 117.770 to Km 119.250 and additional major Bridge with 4- lane configuration of length 0.900 km on NH-60 NH-14 over River Shilabati from Km. 173.220 to Km 174.120 in the district of Paschim Medinipur of West Bengal under Annual Plan for FY 2023-24 on EPC mode. Job No 014-W8-2023-24/527 .,305,0,0.15,0,15-05-2028,15-05-2028,16-11-2023
1001,Roads & Highways,Ministry of Road Transport & Highways,NHAI,618508,Construction of Additional Structures including Approaches in Vadodara Surat Section of NH48 between existing Km. 108.000 to Km. 250.000,907,907.39,368.63,49,28-01-2027,30-06-2027,06-03-2024
1002,Roads & Highways,Ministry of Road Transport & Highways,NHAI,618506,"Construction of Additional Structures, Improvement of Service Road & Maintenance of Six Lane Gurgaon-Jaipur Section of NH-48 old NH-8 between km 42700 to km 107100 in the State of Haryana",402,240.02,131.79,61,05-05-2027,05-05-2027,29-05-2024
1003,Roads & Highways,Ministry of Road Transport & Highways,NHIDCL,618430,Construction of alternative highway to Gangtok in Sikkim via Bagrakot -Chuikhim-Nimbong -Kafer-Bakhim-Algarah-Rhenock in the State of West Bengal and from Rhenok-Rorathang-Pakyong along with spur from Aritar-Rolep-Menla in the State of Sikkim from Km 0.00 to Km 13.00 of Bagrakot -Kafer section of NH 717A on EPC Mode under Phase-A of SARDP-NE in the State of West Bengal PKG- IVA,403,0,261.9,99,03-04-2022,30-08-2026,22-03-2018
1004,Roads & Highways,Ministry of Road Transport & Highways,NHIDCL,618431,Construction of alternative highway to Gangtok in Sikkim via Bagrakot -Chuikhim-Nimbong -Kafer-Bakhim-Algarah-Rhenock in the State of West Bengal and from Rhenok-Rorathang-Pakyong along with spur from Aritar-Rolep-Menla in the State of Sikkim from Km 13.00 to Km 25.60 of Bagrakot -Kafer section of NH 717A on EPC Mode under Phase-A of SARDP-NE in the State of West Bengal PKG- IVB,296,0,255.94,98,05-04-2023,31-12-2026,22-03-2018
1005,Roads & Highways,Ministry of Road Transport & Highways,MoRTH,618066,Construction of Amethi bypass Part-II at km.30.050 of NH-931 under EPC mode in the state of Uttar Pradesh,284,0,38.69,48,11-02-2027,11-02-2027,12-12-2022
1006,Roads & Highways,Ministry of Road Transport & Highways,NHAI,619301,Construction of Approach Road to Rail-cum- Road Bridge across river Ganga at Munger Ghat NH-333 B,538,633.91,573.97,100,28-05-2021,31-08-2026,29-07-2013
1007,Roads & Highways,Ministry of Road Transport & Highways,MoRTH,618157,Construction of Ater realignment & Bhind bypass Total length. 21.50 km Section of NH-552Extn. to Two lane with paved shoulder configuration in the State of Madhya Pradesh on EPC mode.,348,0,79.84,79,09-06-2026,31-12-2026,27-03-2023
1008,Roads & Highways,Ministry of Road Transport & Highways,NHIDCL,618414,Construction of Balance work for 2-lane with hard shoulder of Peren- Dimapur section on NH-129A from Design Km 126.775 to Km 146.208 Length 19.433 Km in the state of Nagaland on EPC mode under NHO-TSP Package-II,259,0,136.09,97,09-09-2025,09-09-2025,18-01-2021
1009,Roads & Highways,Ministry of Road Transport & Highways,NHIDCL,618433,Construction of Balance work of 2-Lane with PS of Joram Koloriang Road from existing Km122.600 to km138.00 [Design Km108.724 to Km123.714] in Arunachal Pradesh on EPC Mode under SARDP-NE Pkg-7,185,0,156.42,100,02-04-2022,30-04-2026,15-02-2017
1010,Roads & Highways,Ministry of Road Transport & Highways,NHIDCL,618437,"Construction of Balance Work of 4-Laning of NH-37 Section between End of Moran Bypass to Bogibeel junction near Lapetketa Km. 561.700-Km. 580.875 under SARDP-NE, Phase 'A' in the State of Assam on EPC mode Pkg-I Road works & Toll Plaza",274,0,116.66,100,14-03-2025,11-08-2025,12-01-2016
1011,Roads & Highways,Ministry of Road Transport & Highways,NHIDCL,618441,"Construction of Balance Work of 4-Laning of the Section from Jhanji to Demow of NH-37 Old from Km 490.800 to Km 501.800 11.000 Km, under SARDP- NE under EPC Mode in the state of Assam Pkg-I Road Works",468,476.5,97.88,87,28-09-2025,31-10-2026,04-01-2016
1012,Roads & Highways,Ministry of Road Transport & Highways,NHIDCL,618440,"Construction of Balance Work of 4-Laning of the Section from Jhanji to Demow of NH-37 Old from Km 490.800 to Km 534.800, under SARDP- NE on EPC Mode in the state of Assam Pkg- IV Structures & Toll Plaza",187,100.22,16.71,58,13-10-2025,31-10-2026,04-01-2016
1013,Roads & Highways,Ministry of Road Transport & Highways,NHIDCL,619013,"Construction of Balance Work of 4-Laning of the Section from Jhanji to Demow of NH-37 Old from Km 501.800 to Km 514.800 13.000 Km, under SARDP- NE under EPC Mode in the state of Assam Pkg-II Road Works",509,542.87,111.18,74,22-01-2026,31-10-2026,31-10-2014
1014,Roads & Highways,Ministry of Road Transport & Highways,NHIDCL,619060,"Construction of Balance Work of 4-Laning of the Section from Jhanji to Demow of NH-37 Old from Km 514.800 to Km 534.800 20.000 Km, under SARDP- NE under EPC Mode in the state of Assam Pkg-III Road Works",345,619.7,56.58,72,28-09-2025,31-10-2026,31-10-2014
1015,Roads & Highways,Ministry of Road Transport & Highways,NHIDCL,618442,"Construction of Balance Work of the 4-Laning of the Section from Jorhat to Jhanji of NH-37 Old from Km 477.000 to Km 490800 13.800 Km, under SARDP- NE under EPC Mode in the state of Assam Pkg-III Road Works",359,0,100.4,100,11-08-2024,30-06-2026,10-01-2024
1016,Roads & Highways,Ministry of Road Transport & Highways,NHIDCL,619186,Construction of Balance works of Major Bridge over Middle Strait Creek between Km.106.590 to km108.553 of NH-04 connecting South Andaman & Baratang Island in the Union Territory of Andaman & Nicobar Islands on EPC basis,263,371.88,112.15,13,25-02-2026,31-12-2026,31-03-2015
1017,Roads & Highways,Ministry of Road Transport & Highways,MoRTH,618054,Construction of Balrampur bypass with 2L flexible pavement configuration from km.223.000 of NH-330 to km.328.300 of NH-730 under EPC mode,516,0,128.55,56,02-02-2026,31-12-2026,13-12-2022
1018,Roads & Highways,Ministry of Road Transport & Highways,MoRTH,618243,Construction of Basti Ring Road Phase-I with 4L configuration for Basti City in the state of Uttar Pradesh on HAM mode,1139,0,0.07,37,12-06-2027,12-06-2027,08-12-2022
1019,Roads & Highways,Ministry of Road Transport & Highways,MoRTH,618004,Construction of Bhabhua Bypass from Ch. 10800Design Ch. 10800 to Ch. 19860 Design Ch. 18150 and Chand Bypass from Ch. 38060 Design Ch. 36250 to Ch. 40460 Design Ch. 38650 and widening of existing road to 2 - lane with Paved shoulder from Ch. 40460 Design Ch. 38650 to Ch. 46860 Design Ch. 45050 of NH-219 Total length-16.150 Kmunder EPC mode in the state of Bihar,180,0,2.37,2,02-12-2027,02-12-2027,17-02-2022
1020,Roads & Highways,Ministry of Road Transport & Highways,MoRTH,618083,Construction of byepass around Lohardaga town of NH-143A in the Sate of Jharkhand under EPC mode.,459,0,2.32,5,05-01-2026,30-09-2026,22-02-2022
1021,Roads & Highways,Ministry of Road Transport & Highways,MoRTH,619005,Construction of bypass around Chatra Town on NH-22 old NH-99 in the state of Jharkhand under EPC Mode,235,199.2,0.86,13,01-01-2028,01-01-2028,17-03-2023
1022,Roads & Highways,Ministry of Road Transport & Highways,MoRTH,618028,"Construction of Bypass at Kuknoor, Yelburga, Gajendragada of Bhanapur Gaddanakeri section of NH-367 in the State of Karnataka under NHO on EPC mode under Annual Plan 2022-23. NH-367-KNT-2022-23-973 dated 08.02.2023",334,0,63.62,36,26-06-2027,25-06-2027,08-02-2023
1023,Roads & Highways,Ministry of Road Transport & Highways,MoRTH,617930,Construction of Bypass on NH-59 from Km 336/350 to 349/910 13.56 km near Berhampur town including 4-lane RoB in the state of Odisha.,197,0,59.55,70,11-12-2025,31-12-2026,31-03-2021
1024,Roads & Highways,Ministry of Road Transport & Highways,MoRTH,617904,Construction of Bypass road to Balangir town from km 72/400 Desing km 0/0 to km 79/800 Design km 11/670 of NH-26 in the State of Odisha.,239,0,6.79,55,25-10-2025,31-12-2026,22-02-2022
1025,Roads & Highways,Ministry of Road Transport & Highways,MoRTH,617925,Construction of Bypass to Khordha town from Km 294/000 to 300/300 on NH-57 including LA in the State of Odisha on EPC mode.,157,0,33.69,92,02-11-2024,31-08-2026,09-02-2022
1026,Roads & Highways,Ministry of Road Transport & Highways,MoRTH,617962,"Construction of Bypass to Madurai Achambathu Viratipathu in between km 6/850 10/382 of NH 49 Extn New NH 85 including Land Acquisition on Engineering, Procurement & Construction EPC basis Contract under NH O Annual Plan 2021-22 in the state of Tamil Nadu job No.NH-49 Extn New NH 85 - TN-2021-22-997",239,260.07,126.56,94,23-08-2026,23-08-2026,21-03-2022
1027,Roads & Highways,Ministry of Road Transport & Highways,NHAI,618950,Construction of Bypass to NH-114A Connecting NH-333 and NH-133 Deoghar Bypass from design km 0.000 to design Km 49.000,1565,0,106.04,12,27-01-2028,27-01-2028,27-11-2024
1028,Roads & Highways,Ministry of Road Transport & Highways,MoRTH,617890,Construction of Champawat Bypass with two lane with paved shoulder configuration starting from existing chainage 121.700 to existing chainage 129.450 Design Length 9.847 of NH-125 in District-Champawat in the state of Uttrakhand on EPC mode.,221,0,0,8,31-12-2027,,20-02-2025
1029,Roads & Highways,Ministry of Road Transport & Highways,MoRTH,617951,Construction of Chintamani Bypass from Design Ch.0000 Existing Ch.428880 to Design Ch.15400 Existing Ch.444010 on NH-69 in the State of Karnataka in EPC Mode under NHO Annual Plan 2022-23. NH-69-KNT-2022-23-989 dated 24.03.2023,315,0,7.02,14,18-07-2027,18-07-2027,24-03-2023
1030,Roads & Highways,Ministry of Road Transport & Highways,MoRTH,618262,Construction of Deoria Bypass from existing Km. 27.140 to existing Km. 46.780 Design Km. 49.109 on NH727A Design length 21.969 Km. to four lane with paved shoulder configuration under Hybrid Annuity Mode HAM in the State of Uttar Pradesh,1735,0,0,10,31-07-2027,31-07-2027,27-03-2023
1031,Roads & Highways,Ministry of Road Transport & Highways,MoRTH,618079,Construction of Dharmagarh Bypass on NH-130C including land acquisition in the state of Odisha on EPC Mode under Annual plan 2022-23.,173,0,0,15,21-10-2026,21-10-2026,13-03-2023
1032,Roads & Highways,Ministry of Road Transport & Highways,MoRTH,619004,"Construction of Dubrajpur Bypass with 4-lane configuration of length 5.676 km on NH-60 new NH-14 from design chainage 0.00 existing km 316.135 on NH-60 to design chainage 5.676 existing km 320.980 on NH-60 in the district of Birbhum, West Bengal under Annual Plan 2022-23 in EPC Mode- reg. Job. No. 014-WB-2022-23/518 .",561,0,0.31,8,18-12-2027,17-12-2027,29-03-2023
1033,Roads & Highways,Ministry of Road Transport & Highways,NHAI,619271,Construction of Elevated Corridor at Kherwara Town on Udaipur Ratanpur Shamlaji Section of NH-48 in Udaipur District in the State of Rajasthan on EPC mode,364,0,0.38,0,08-01-2029,08-01-2029,30-03-2026
1034,Roads & Highways,Ministry of Road Transport & Highways,MoRTH,617935,"Construction of Elevated corridor from Km. 135.650 to 136.300 on 63, from Km. 249 to Km. 250.050 on old NH-4 and from Km. 192.910 to Km. 193.350 on NH-218 from decongestion of traffic in Ranichennamma circle in Hubli city in the state of Karnataka on EPC basis",298,349.49,232.09,65,04-06-2024,30-11-2026,31-08-2020
1035,Roads & Highways,Ministry of Road Transport & Highways,NHAI,618525,Construction of flyover at Gammon Junction at Km.903.265 on NH16 including vent at Diwancheruvu junction at Km.902.308 Blackspot ID No.AP03299 in Andhra Pradesh on EPC mode under NHO,327,223.29,43.82,19,20-10-2027,20-10-2027,07-03-2025
1036,Roads & Highways,Ministry of Road Transport & Highways,NHAI,619141,Construction of four lane access controlled highway from Chillakuru cross road to Turpu KanupurPart 1 of Package - II km 0.000 131.500 of NH - 16 to km 23.770 on New NH-516W including six lane flyover and approaches on NH-16 length km 1.050 and six lane access controlled from Turpu Kanupur to Port South Gate Part 2 of Package - II km 23.770 to km 35.015 on New NH-516W in the state of Andhra Pradesh on HAM Mode under Bharatmala Pariyojana Phase I,864,844.39,358.97,56,06-12-2025,08-03-2026,10-08-2022
1037,Roads & Highways,Ministry of Road Transport & Highways,NHAI,618853,Construction of Four lane Elevated Structure at Raniwada Circle in Sanchore City on NH-68,353,241.34,192.88,89,11-07-2026,22-11-2026,29-01-2024
1038,Roads & Highways,Ministry of Road Transport & Highways,MoRTH,619194,"Construction of Four Lane Gola Flyover at Km 99.850 of NH 730 Major Junction with State Highways -93 of Engineering, Procurement and Construction EPC mode in the State of Uttar Pradesh.",168,0,0,12,29-10-2027,29-10-2027,26-03-2025
1039,Roads & Highways,Ministry of Road Transport & Highways,NHAI,618883,Construction of Four Lane Highway form Ghazipur- Ballia-UP/Bihar State Border Greenfield section of NH-31 Package I [from Hridaipur km 0.000 to Shahapur km 42.500] on EPC Mode in the state of Uttar Pradesh.,1706,1579.59,1447.58,100,02-07-2025,31-08-2026,07-10-2022
1040,Roads & Highways,Ministry of Road Transport & Highways,NHAI,618884,Construction of Four Lane Highway from Ghazipur- Ballia-UP/Bihar State Border Greenfield section of NH-31 Package II [from Shahapur km 42.500 to Pindari km 78.150] on EPC Mode in the state of Uttar Pradesh.,1494,1311.44,775.96,98,26-10-2025,30-08-2026,14-10-2022
1041,Roads & Highways,Ministry of Road Transport & Highways,NHAI,619154,Construction of Four Lane Highway from Ghazipur- Ballia-UP/Bihar State Border Greenfield section of NH-31 Package III [from Pindari km 78.150 to Rawalganj Bypass Km 117.120] on EPC Mode in the state of Uttar Pradesh.,1494,1493.59,1044.81,86,28-08-2025,31-10-2026,05-10-2022
1042,Roads & Highways,Ministry of Road Transport & Highways,NHAI,618885,Construction of Four Lane Highway from Ghazipur- Ballia-UP/Bihar State Border Greenfield section of NH-31 Package IV [from Buxur Spur of length km 17.270 on EPC Mode in the state of Uttar Pradesh.,618,549.02,286.1,91,14-06-2025,30-11-2026,12-10-2022
1043,Roads & Highways,Ministry of Road Transport & Highways,MoRTH,618164,Construction of four lane highway with paved shoulder from Km.74.700 to Km.112.950 of NH-731A i/c Yamuna Bridge on HAM in the state of Uttar Pradesh.,1142,1157.31,0,100,23-06-2026,31-08-2026,30-03-2022
1044,Roads & Highways,Ministry of Road Transport & Highways,NHAI,619300,Construction of Four Lane Nagpur-Katol section of NH-353J including Mitigation Structures from Design Ch. 37000 to Ch. 45990 Tiger Corridor-I Mitigation Structures from Design Ch. 37000 to Ch. 45990 Tiger Corridor-I in the State of Maharashtra on EPC Mode,301,0,0,0,17-12-2027,17-12-2027,13-01-2026
1045,Roads & Highways,Ministry of Road Transport & Highways,MoRTH,618003,Construction of four lane ROB and its approaches in lieu of existing Level Crossing No. RV-71 at km 435 on NH-217 New NH-353 at Khariar including land acquisition under NHO in Annual Plan 2021-22 for the state of Odisha for F.Y. 2021-22 to F.Y 2033-34,154,0,25.17,90,26-12-2024,30-09-2026,15-11-2021
1046,Roads & Highways,Ministry of Road Transport & Highways,NHAI,618790,Construction of four laning of Bakarpur- Manikpur road section starting from village Chitarsenpur km 0000 and terminating at SH-74 near Manikpur 38814 at NH-139W under Bharatmalapariyona,1422,1537.99,635.91,49,05-04-2027,30-09-2027,27-03-2023
1047,Roads & Highways,Ministry of Road Transport & Highways,MoRTH,618059,Construction of four-lane Concrete Road from Police Headquarter Gondia City to Rawanwadi Village Birsi Airport Junction from design km 0.000 to km 15.781 existing km 39/720 of NH-753 to existing Km 8/400 of NH 543 on sections from Kohmara- Goregaon- Police HeadquarterKaranja - Collector Office Square - Balaghat T Point- Rawanwadi- Rajegaon of NH-753 and NH-543 in Gondia District in the state of Maharashtra. Total Length of the project 15.781 Km.,328,0,111.48,34,14-08-2025,30-10-2026,14-02-2023
1048,Roads & Highways,Ministry of Road Transport & Highways,MoRTH,618120,construction of Four-Lane of chausa-Buxar Bypass from Km 45.000 to Km 65.915 Package - 2 in the State of Bihar on EPC Mode.,1060,0,0.22,4,13-01-2028,13-01-2028,22-09-2022
1049,Roads & Highways,Ministry of Road Transport & Highways,NHAI,619068,Construction of Greenfield Connectivity to Jewar International Airport from DND-Faridabad-Ballabhgarh Bypass KMP Link - Spur to Delhi Mumbai Expressway,2921,3485.77,1772.67,76,21-06-2025,16-04-2027,07-07-2022
1050,Roads & Highways,Ministry of Road Transport & Highways,NHIDCL,618412,Construction of i Connecting Road from Z-Morh Tunnel to Zojila Tunnel Road Length 18.475km and ii 14.150 Km long 2-L Bi-directional single tube Zoji-la Tunnel across Zojila Pass on Sonamarg - Kargil section from Km 82 to Km 118 of NH-01 under PMDP,6809,0,3574.5,69,30-09-2026,28-02-2028,18-01-2018
1051,Roads & Highways,Ministry of Road Transport & Highways,NHIDCL,618405,"Construction of Intermediate Lane of Pango to Jorging Road from 0000 to Design Km Design Km 40000 Design Length 40.00 Km, Pkg-l, Greenfield Alignment in the State of Arunachal Pradesh on EPC mode Pkg-1",898,0,255.52,40,16-07-2027,16-07-2027,15-01-2024
1052,Roads & Highways,Ministry of Road Transport & Highways,NHIDCL,618403,Construction of Intermediate Lane Road with hard shoulder from design Km 0.000 to Km 17.387 Total length 17.387 km of Hunli to Ithun Bridge section on NH-913 Frontier Highway in State of Arunachal Pradesh on EPC mode under NHO-NE,276,0,163.15,56,30-01-2027,30-01-2027,27-02-2024
1053,Roads & Highways,Ministry of Road Transport & Highways,NHIDCL,618402,"Construction of Intermediate Lane with Hard Shoulder of Hunli to Hayuliang from Design Km 0.000 to Km 53.000 Design Length 53.000 km, Greenfield Section of Frontier Highway NH-913 in the State of Arunachal Pradesh on EPC Mode Package-I",1262,0,255.45,19,29-02-2028,01-03-2028,27-02-2024
1054,Roads & Highways,Ministry of Road Transport & Highways,NHIDCL,618401,"Construction of Intermediate Lane with Hard Shoulder of Hunli to Hayuliang Package-III from design Km 60.000 to Km 121.500 Design Length 61.500 km, Greenfield Section of Frontier Highway NH-913 in the State of Arunachal Pradesh on EPC Mode Pkg-3",1419,0,93.19,2,17-07-2028,17-07-2028,27-02-2024
1055,Roads & Highways,Ministry of Road Transport & Highways,MoRTH,617922,Construction of Jharsuguda Bypass including Land acqusition on NH-49 from km 258.636 to km 283.300 design chainage 258.636 to km 289.876 under NHO in Annual Plan 2022-23 for the state of Odisha Job No.NH-49-OD-2022-23-655,587,0,52.58,25,07-07-2027,07-07-2027,26-09-2021
1056,Roads & Highways,Ministry of Road Transport & Highways,MoRTH,618068,"Construction of Kaithi-Padaria Kala bypass, Patna-Tamoli bypass, Jaso bypass and Nagod bypass total length 15.44 Km to 2-lane with paved shoulders flexible pavement on NH-943 in the State of Madhya Pradesh on EPC Mode.",158,0,36.36,63,06-10-2025,31-12-2026,04-03-2022
1057,Roads & Highways,Ministry of Road Transport & Highways,MoRTH,618129,"Construction of Kasrawad bypass, Selani bypass, Khargone bypass & Bistan bypass Total length. 31.950 km Section of NH-347 C to Two lane with paved shoulder configuration in the State of Madhya Pradesh on EPC mode.",468,0,167.65,99,31-12-2026,31-12-2026,24-03-2023
1058,Roads & Highways,Ministry of Road Transport & Highways,NHIDCL,618399,Construction of Kishtwar bypass with 2 lane with paved shoulder from Design Km. 80.675 Dulhasti to km 95.550 Bandarkoot of 14.88 km & a link road to Kishtwar town from 0000 to 1.871 of length1.871 Km on Khellani - Kishtwar - Chattroo section in UT of Jammu and Kashmir on EPC Mode Pkg-4,860,0,363.03,51,23-08-2023,30-06-2027,30-03-2021
1059,Roads & Highways,Ministry of Road Transport & Highways,NHAI,618554,Construction of left out portion of Agra Inner Ring Road connecting village Deori to NH-44 village Bad from Km. 0.000 to Km. 7.772,879,787.58,629.11,94,19-09-2024,31-08-2026,15-07-2022
1060,Roads & Highways,Ministry of Road Transport & Highways,NHIDCL,618404,Construction of lntermediate Lane Road with hard shoulder from design chainage Km 0.000 to Km 53.040 Existing Length68.500 Km & Total Design length 53.04 km of Tato to Monigong section of NH-913 Frontier Highway on Nafra Bomdila to Vijaynagar along China border in state of Arunachal pradesh on EPC mode,626,0,269.64,23,14-11-2027,14-11-2027,07-12-2023
1061,Roads & Highways,Ministry of Road Transport & Highways,MoRTH,617989,Construction of Major Bridge at Km.180.865 across river Krishna on NH 167 Hagari Jadcherla section,157,187.61,103.33,69,06-11-2021,30-04-2027,06-03-2019
1062,Roads & Highways,Ministry of Road Transport & Highways,NHAI,618956,Construction of Major Bridge over Baghmati and Lakhandei River along with Approaches from Design km.16.500 to km.21.500,499,380.3,57.23,27,30-04-2027,16-03-2028,14-02-2024
1063,Roads & Highways,Ministry of Road Transport & Highways,MoRTH,617895,Construction of Mangaldoi Bypass NH-15 starting at Ch 26400 and terminating at Ch 41505 under Rangia NH Division L 15.105 Km in the State of Assam. Job No. 15/AS/2021-22/234,535,0,209.27,76,28-04-2025,09-12-2026,30-03-2022
1064,Roads & Highways,Ministry of Road Transport & Highways,MoRTH,618081,Construction of Mariahu Bypass with four lane paved shoulder configuration Km. 53.540 to Km.59.200 of NH-135A on EPC mode in the state of Uttar Pradesh,438,362.39,81.45,55,28-02-2026,31-12-2026,01-03-2023
1065,Roads & Highways,Ministry of Road Transport & Highways,MoRTH,618253,Construction of missing link from Birhu to Lathiani from Km 35/550 Design chainage Km 0.000 to Km 42/800 Design Chainage Km 8.153on NH-503A including Lathiani Bridge on back water of Govindsagar and its approaches in Himachal Pradesh.,871,896.86,0,0,29-03-2029,29-03-2029,23-06-2023
1066,Roads & Highways,Ministry of Road Transport & Highways,MoRTH,618156,"Construction of Morena bypass, Ambah bypass & Porsa bypass Totat length 27.16 km Section of NH-552 Ext. to TWo lane with paved shoulder configuration in the state of Madhya Pradesh on EPC mode",493,0,0,74,02-10-2026,02-10-2026,08-02-2023
1067,Roads & Highways,Ministry of Road Transport & Highways,MoRTH,618159,"Construction of new 2 Lane with paved shoulders of NH Standards from km 0.080 to km 11.690 L11.610 km in Majuli and from km 19.715 to km 27.484 L 7.769 km in Jorhat on the newly declared NH 715K and construction of 1.10 km flyover on NH-715 with its approaches and service roads L1.10 km, Total Length 20.479 km in the State of Assam Job No. 715K/AS/2023-24/256",382,0,28.96,7,28-03-2027,28-03-2027,23-02-2024
1068,Roads & Highways,Ministry of Road Transport & Highways,NHIDCL,618286,Construction of New 2-Lane Bridge with its approaches from km 0000 to Km 4385 across River Brahmaputra on NH-17 at Jogighopa in Assam on EPC mode,747,0,435.79,81,10-11-2024,18-12-2026,09-09-2021
1069,Roads & Highways,Ministry of Road Transport & Highways,MoRTH,617926,Construction of new 4 lane major bridge with approaches on Sabarmati River near Dharoi at Km. 82/00 to 86/00 Design length 3.300 km on NH-58 in the State of Gujarat on Hybrid Annuity Mode HAM,398,0,0,53,19-08-2027,19-08-2027,15-03-2024
1070,Roads & Highways,Ministry of Road Transport & Highways,MoRTH,618246,Construction of New 4-Lane Bridge Parallel to existing Vikramashila Setufrom km 8920 to Km 13375including approach road 35m Naugachhia side &53 m Bhagalpur sideacross River Ganga on newly declared NH-131B at Bhagalpur in the State of Bihar,1110,0,522.58,53,08-05-2027,31-03-2029,17-07-2020
1071,Roads & Highways,Ministry of Road Transport & Highways,NHAI,618801,Construction of New Double Tier 4-lane Elevated Corridor from Chennai Port to Maduravoyal in Chennai District from Km -0342 to Km 20223 Package 1 from Km -0342 to Km 4604,1389,1388.59,275.2,23,20-05-2026,31-03-2029,15-03-2023
1072,Roads & Highways,Ministry of Road Transport & Highways,NHAI,618800,Construction of New Double Tier 4L Elevated Corridor from Chennai Port to Maduravoyal in Chennai District from km -0.342 to Km 20.593 and Package II from Km 4.604 to Km 9.700,1617,1616.97,250.4,18,20-05-2026,31-03-2029,15-03-2023
1073,Roads & Highways,Ministry of Road Transport & Highways,NHAI,619139,Construction of New Double Tier 4L Elevated Corridor from Chennai Port to Maduravoyal in Chennai District from km -0.342 to Km 20.593 and Package III from Km 9.700 to Km 14.185,1299,1299.36,193.34,17,20-05-2026,31-03-2029,15-03-2023
1074,Roads & Highways,Ministry of Road Transport & Highways,NHAI,619045,Construction of New Double Tier 4L Elevated Corridor from Chennai Port to Maduravoyal in Chennai District from km -0.342 to Km 20.593 and Package IV from Km 14.185 to Km 20.593,1205,1210.21,88.16,9,20-05-2026,31-03-2029,15-03-2023
1075,Roads & Highways,Ministry of Road Transport & Highways,MoRTH,617932,Construction of New Four Lane Bypass to Parbhani City Parwa to Asola Km 463/265 to Km 481/180 Design Ch. 19220 to Ch. 34434 Length-15.214 Km section of NH-61 on EPC mode in the State of Maharashtra.,497,0,210.17,70,15-10-2024,30-10-2026,29-03-2022
1076,Roads & Highways,Ministry of Road Transport & Highways,MoRTH,617960,Construction of new road at the missing link portion of NH-81 along approved alignment between Harishchandrapur and Eastern approach of Kalindri Bridge from Km 46.550 to Km 59.697 in the district of Malda. Job No-081-WB-2015-16/400,271,291.2,216.61,86,01-11-2018,31-10-2026,12-08-2016
1077,Roads & Highways,Ministry of Road Transport & Highways,NHIDCL,618355,"Construction of of 2 -Lane with paved shoulders road from Tamenglong-Tousem-Lisang-Mahur Road NH-137 starting near Dialong Village from km 10.000 at Dialong to km 31.430 near Old Tamenglong , near Barak River on EPC Mode Package-2",484,0,375.87,95,16-03-2023,31-03-2026,20-07-2021
1078,Roads & Highways,Ministry of Road Transport & Highways,MoRTH,618254,Construction of Paderu bypass Km 0000 to Km 13000 of 2- lane with paved shoulder on NH-516E,244,0,21.96,13,08-07-2026,31-12-2026,29-03-2023
1079,Roads & Highways,Ministry of Road Transport & Highways,MoRTH,618055,Construction of Pratapgarh Bypass Extension connecting NH-31 to NH-330 on EPC mode in the State of Uttar Pradesh.,225,0,66.96,78,30-06-2025,30-09-2026,10-10-2022
1080,Roads & Highways,Ministry of Road Transport & Highways,MoRTH,617897,Construction of proposed 4Lane Revelgunj bypass NH-19 in the State of Bihar on EPC mode connecting NH 19 to 85 origin,295,0,44.18,89,09-07-2025,31-12-2026,31-03-2022
1081,Roads & Highways,Ministry of Road Transport & Highways,MoRTH,618244,Construction of Raebareli Ring Road Phase-2 with four Lane configuration for Raebareli City in the state of Uttar Pradesh on Hybrid Annuity Model HAM basis,1274,0,0,55,01-05-2027,01-05-2027,31-03-2022
1082,Roads & Highways,Ministry of Road Transport & Highways,MoRTH,618204,Construction of realignment between Pandrass- Pashkyun Total length 27.10 km on road Zozila-Kargil -Leh NH-1 to 2 lane specifications i.e. Drass alignment 9.30 km Kharboo realignment 6.30 km & Kargil alignment 11.50 km under project Vijayak BRO in the UT of Ladakh on EPC Mode,426,0,112.2,55,18-06-2025,31-07-2027,09-11-2021
1083,Roads & Highways,Ministry of Road Transport & Highways,MoRTH,617909,Construction of Rewa Bypass to 4-lane with paved shoulder along with service road from Ratahara Chowk to Chorhata Chowk Road section of NH-30 from km 00.000 to 19.200 in the State of Madhya Pradesh on Hybrid Annuity Mode HAM.,648,0,0,50,26-02-2027,26-02-2027,15-03-2024
1084,Roads & Highways,Ministry of Road Transport & Highways,NHAI,618540,Construction of Ring Road around Kanpur from Ch.23.325 to Ch.32.090 Chaudhariya to Transganga Package-IIA,1089,977.45,252.18,50,31-10-2027,29-04-2028,02-08-2024
1085,Roads & Highways,Ministry of Road Transport & Highways,NHAI,618538,Construction of Ring Road around kanpur from Ch.51.200 to Ch. 68.650 Badarka to Harbanch-Uchti Pkg-III,1793,1126.75,284.83,35,27-07-2027,27-07-2027,06-09-2023
1086,Roads & Highways,Ministry of Road Transport & Highways,NHAI,618536,Construction of Ring Road around Kanpur from Ch.68.650 to Ch.93.209 Jarkala to Pakari Package-IV in State of Uttar Pradesh.,1604,1192.16,266.36,39,29-06-2027,29-06-2027,10-02-2023
1087,Roads & Highways,Ministry of Road Transport & Highways,NHAI,618537,Construction of Ring Road around Kanpur from Km.000 to Km. 23.325 Chachendi Sachendi I to Maharajpur Package-I,1754,1311.7,479.56,62,06-06-2026,28-02-2027,01-01-2023
1088,Roads & Highways,Ministry of Road Transport & Highways,NHAI,618539,Construction of Ring Road Kanpur from Ch. 32.090 to Ch.51.200 Transganaga to Sathara Package-II B,1089,1106.92,54.19,20,21-09-2027,21-09-2027,02-08-2024
1089,Roads & Highways,Ministry of Road Transport & Highways,MoRTH,617931,Construction of ROB and its approaches in lieu of LC No. 10/B/T at Km 307.050 of NH-60.,156,138.57,20.6,17,06-08-2025,31-10-2027,04-03-2016
1090,Roads & Highways,Ministry of Road Transport & Highways,MoRTH,617967,Construction of Rudraprayag tunnel of length 900.30 MTR including approaches and one major bridge on river Alaknanda connecting NH-107/old-109 to NH-07old-58 on EPC mode in the state of Uttarakhand.,252,0,108.94,99,25-07-2025,31-07-2026,16-02-2021
1091,Roads & Highways,Ministry of Road Transport & Highways,MoRTH,618260,"Construction of Salempur bypass to 4LPS from km 64.000 of NH-727A Km 171.00 of Sonauli Balia Marg, old SH-01, near Mahadahan Chauraha to km 61.500 of NH-727B Km 178.500 of Sonauli Balia Marg, old SH-01, near near Ahirauli Village under Hybrid Annuity Mode HAM in the State of Uttar Pradesh",1348,0,0,35,10-11-2027,11-11-2027,27-03-2022
1092,Roads & Highways,Ministry of Road Transport & Highways,MoRTH,618057,Construction of Shohratgarh Bypass on NH-730 under EPC mode in the State of Uttar Pradesh,189,0,31.42,54,23-05-2025,31-12-2026,10-10-2022
1093,Roads & Highways,Ministry of Road Transport & Highways,MoRTH,618038,Construction of Shopian Bypass on NH-444 taking off from existing chainage Km 36500 and re-joining at km 47588 of existing Chainage New Design Ch. From km 28000 to km 36925 as 2- lane with paved shoulder in the UT of Jammu & Kashmir on EPC mode.,224,0,0,3,11-01-2028,,11-03-2024
1094,Roads & Highways,Ministry of Road Transport & Highways,MoRTH,617980,Construction of six lane elevated corridor from km 7.950 Uppal to km 14.200 of NH-163 to De-Congest the urban limits of Hyderabad-Bhoopalapatnam section on EPC mode in the state of Telangana,627,0,24.4,54,01-07-2020,31-12-2027,27-03-2018
1095,Roads & Highways,Ministry of Road Transport & Highways,MoRTH,617942,Construction of Six lane Elevated Corridor from Km. 508.000 to Km. 513.150 including approaches on NH-66,641,0,0,99,15-04-2026,14-10-2026,25-04-2023
1096,Roads & Highways,Ministry of Road Transport & Highways,NHAI,618535,Construction of Six lane elevated flyover including reconstruction/rehabilitation of existing pavement from Km 406100 to Km 411150 Length 5.05 Km at Gobindpur area in the Barwa Adda Panagarh section of NH-19 from Km.398.240 to Km.521.120 including Panagarh Bypass in the State of Jharkhand on EPC Mode.,688,442.52,67.84,20,21-03-2028,21-03-2028,27-01-2025
1097,Roads & Highways,Ministry of Road Transport & Highways,NHAI,618534,Construction of Six lane elevated flyover including reconstruction/rehabilitation of existing pavement from Km 426230 to Km 430500 Length 4.27 Km at Nirsa in the Barwa Adda Panagarh section of NH-19 from Km.398.240 to Km.521.120 including Panagarh Bypass in the State of Jharkhand on EPC Mode.,471,0,0.93,0,16-08-2028,16-08-2028,27-01-2025
1098,Roads & Highways,Ministry of Road Transport & Highways,MoRTH,619042,"Construction of six lane Flyover at Katraj junction at Km, 3/880 of NH 548-DD Vadgaon - Katraj - Kondhwa - Mantarwadi Chowk - Loni Kalbhor - Theur Phata - Lonikand Road in Pune Dist of the State of Maharashtra. On Engineering Procurement and construction EPC Basis mode L.1.326 Km,",164,0,80.23,83,18-02-2026,25-02-2023,23-02-2021
1099,Roads & Highways,Ministry of Road Transport & Highways,MoRTH,617950,Construction of Srinivasapura Bypass from existing Km 453.890 Design Ch. 0000 to existing Km 461.450 Design Ch 10080 on NH-69 in the State of Karnataka Under NH O in EPC mode under Annual Plan 2022-23 NH-69-KNT-2022-23-966 dated 22.11.2022,204,0,9.76,22,11-01-2027,11-01-2027,30-11-2022
1100,Roads & Highways,Ministry of Road Transport & Highways,NHAI,618939,Construction of Standalone Flyover cum ROB from Design Ch.66.600 to Design Ch.68.800 in Gadchandur Town on NH-353B,191,107.76,37.07,40,25-07-2027,25-07-2027,24-02-2025
1101,Roads & Highways,Ministry of Road Transport & Highways,NHAI,618480,Construction of Trumpet Interchange Connecting Bangalore Chennai Expressway km.261705 to km. 262800 with Maduravoyal to Walajapet Section of NH 48 near Sriperumbudur Toll Plaza at km. 35700,163,162.56,54.98,39,23-08-2025,31-10-2026,03-05-2023
1102,Roads & Highways,Ministry of Road Transport & Highways,NHAI,618549,Construction of twin tube tunnels on Jammu Kashmir Ring Road NH-244A Between Design Ch. 50600 to 51700 and design Ch. 53535 to 55700 on EPC mode under residual NHDP component of Bharatmala Pariyojna,243,731.59,677.47,84,07-06-2025,31-12-2026,28-11-2022
1103,Roads & Highways,Ministry of Road Transport & Highways,NHIDCL,618323,Construction of Twin Tube Uni-directional Aizawl Bypass Tunnel of 2.5 km and its approaches of 2.1 km from km 10.600 to km 15.200 on Sarrang - Phaibawk section of NH-6 in the State of Mizoram on EPC Mode under NHO-NE Package-2,1313,0,0.11,0,02-12-2028,,10-01-2024
1104,Roads & Highways,Ministry of Road Transport & Highways,MoRTH,618170,Construction of Two lane with paved shoulder configuration of Shujalpur Bypass section of NH-752C from km 33100 Design to km. 42570 Design total design length 10.470 km in the State of Madhya Pradesh on EPC mode.,214,0,38.07,46,14-09-2025,31-12-2026,22-03-2023
1105,Roads & Highways,Ministry of Road Transport & Highways,MoRTH,618075,Construction of two lane with paved shoulder from existing Km.0.000 to Km.55.610 design km. 0.000 to km. 54.048 of NH-124D,841,773.58,210.11,77,08-02-2026,31-03-2027,22-12-2021
1106,Roads & Highways,Ministry of Road Transport & Highways,MoRTH,618071,Construction of two lane with paved shoulder Gangtok Bypass Road from Ranipool to Burtuk Ch 0.00 Km to 23.316 L23.316 Km in the State of Sikkim,385,342.89,203.36,92,22-05-2024,31-12-2026,18-10-2021
1107,Roads & Highways,Ministry of Road Transport & Highways,MoRTH,618169,Construction of Two Lane with paved shoulder highway from Design Ch.0.000 to Ch.49.2OO of NH-731B on EPC Mode,640,602.76,270.82,98,29-11-2025,30-09-2026,24-03-2022
1108,Roads & Highways,Ministry of Road Transport & Highways,MoRTH,619251,Construction of two lane with paved shoulder of Ghatol Bypass from km 133.250 to km 140.950 of NH-56 old NH No. 113 on EPC mode in the State of Rajasthan.,170,0,0,17,23-09-2027,,30-03-2025
1109,Roads & Highways,Ministry of Road Transport & Highways,NHAI,618843,Construction of two lane with paved shoulders bypass to Mungrabadshapur town starting from near Kodahu at Km 47/225 of NH-319D and ending near Nauwadandi at Km 219/720 of NH-31 under NHO in the state of Uttar Pradesh on EPC mode,198,165.28,54.54,23,21-03-2027,21-03-2027,13-02-2025
1110,Roads & Highways,Ministry of Road Transport & Highways,NHAI,618848,Construction of Underpass beneath airport runway on NH-31 old NH-56 for proposed expansion of runway of Babatpur Airport Varanasi,649,0,0.09,22,29-09-2027,29-09-2027,03-02-2025
1111,Roads & Highways,Ministry of Road Transport & Highways,MoRTH,617894,"Construction or 4 lane Raniganj Bypass of length 5.261 km on NH-60 new NH-14 from km 273.00 of NH to km 478.18 of NH-2 New NH 16 in paschim Bardhaman, West Bengal in EPC Mode- reg. Job No. 014-WB-2022-23/514",411,0,184.64,67,08-03-2026,05-05-2027,06-03-2023
1112,Roads & Highways,Ministry of Road Transport & Highways,MoRTH,617902,construction or By-pass road on NH-26 for Nabrangpur Town,169,0,11.13,38,01-12-2026,31-12-2026,27-03-2023
1113,Roads & Highways,Ministry of Road Transport & Highways,NHAI,618963,Construction work of 4-laning of Shahganj bypass end to Badi Package-IV of NH-146B from design km 102.000 to design km 142.357 Design length 40.357 km,784,836.64,318.16,52,24-03-2027,24-03-2027,28-02-2024
1114,Roads & Highways,Ministry of Road Transport & Highways,NHIDCL,618390,"Construction, Operation & Maintenance of 2-L Bi-directional Silkyara Bend- Barkot Tunnel with escape passage including approaches Tunnel-4.531 & Approach road- 0.328 on Dharasu-Yamunotri section b/w Chainage 25.400km and 51.00km falling along NH-134 Old NH-94 on EPC mode",1384,0,842.44,76,08-07-2022,31-03-2027,09-03-2018
1115,Roads & Highways,Ministry of Road Transport & Highways,NHIDCL,618426,Construction/Up gradation of Existing road to 2 Lane with Paved Shoulder including Geometric Improvement from Ranipool to Pakyong Balance work from Km 2.000 to 16.167 of NH-717-A on EPC basis under SARDP-NE Phase A in the State of Sikkim,265,380.94,127.34,87,06-07-2024,31-12-2026,22-03-2018
1116,Roads & Highways,Ministry of Road Transport & Highways,NHIDCL,619038,Construction/upgradation to 2-lane with paved shoulder from Design Km 95.55 Bandarkoot to Km. 111.06 Chattroo of 15.52 Km length on Khellani-Kishtwar-Chattroo section on NH-244 in UT of Jammu and Kashmir on EPC Mode Pkg-5,497,0,270.82,100,19-02-2023,31-03-2026,31-03-2021
1117,Roads & Highways,Ministry of Road Transport & Highways,NHAI,618550,Corridor Efficiency Improvement including removal of black spots in Lakhanpur - Samba section of NH-44 from Chainage Km. 16.300 to Km. 74.100,856,215.68,203.55,75,11-06-2024,15-12-2026,16-06-2022
1118,Roads & Highways,Ministry of Road Transport & Highways,NHAI,619119,Cuttack-Angul Section of NH-42 New NH-55 from km 0.400 to km 60.200 Pkg-I in the State of Odisha,999,1178.31,1128.52,99,16-07-2020,30-09-2026,25-10-2017
1119,Roads & Highways,Ministry of Road Transport & Highways,NHAI,619215,Cuttack-Angul Section of NH-42 New NH-55 from Km.60.200 to Km. 112.000 Pkg-II in the State of Odisha,991,1168.82,1083.8,100,06-09-2020,30-09-2026,25-10-2017
1120,Roads & Highways,Ministry of Road Transport & Highways,NHAI,618518,Davanagere - Haveri of NH-48 Old NH-4 from km. 260.00 to km. 338.923,1455,1805.84,1273.5,99,24-07-2020,31-12-2026,12-01-2017
1121,Roads & Highways,Ministry of Road Transport & Highways,NHAI,618804,Dedicated Port road to Krishnapatnam Port Package-I from Km. 0.000 to Km. 18.000,349,341.36,310.54,80,19-12-2020,31-03-2027,27-03-2018
1122,Roads & Highways,Ministry of Road Transport & Highways,NHAI,618497,Delhi Amritsar Katra Expressway Phase-II Pkg XVIII Development and Upgradation of Four lane Access Control Expressway from Design Chainage KM 530.00 to KM 545.300 Sidhra to Domel Section of NH-44,1026,975.38,631.2,70,19-11-2025,30-06-2027,20-12-2022
1123,Roads & Highways,Ministry of Road Transport & Highways,NHAI,618482,Delhi-Amritsar-Katra Expressway Phase-I Pkg-I from Jussur Kheri on NH-KMP Expressway to Junction with Rohtak-Panipat road NH-709 near Rukhi Paani village Km 0000 to Km 34000,1866,2429.9,1609.72,100,26-12-2023,31-07-2026,07-12-2020
1124,Roads & Highways,Ministry of Road Transport & Highways,NHAI,618483,Delhi-Amritsar-Katra Expressway Phase-I Pkg-II from Junction with Rohtak-Panipat road NH-709 near Rukhi Paani village to Junction with Jind-Panipat road NH-352A near Gangana village Km 34000 to Km 60800,1534,1792.53,1176.23,100,13-01-2024,31-07-2026,23-12-2020
1125,Roads & Highways,Ministry of Road Transport & Highways,NHAI,618489,Delhi-Amritsar-Katra Expressway Phase-I Pkg-IX from Junction with Ludhiana-Moga road NH-5 near Mullanpur Dakha to Junction with Jalandhar - Moga road NH-703 near Kang Sahibu village Km 260860 to km 303900,1851,2407.14,1935.88,73,16-07-2024,31-03-2027,23-12-2020
1126,Roads & Highways,Ministry of Road Transport & Highways,NHAI,618486,Delhi-Amritsar-Katra Expressway Phase-I Pkg-V from Junction with Ambala-Kaithal-Hissar road NH-152 near Kharak Pandwa village to Junction with Patiala-Samana-Patran road SH-10 near Ghagga village Km 120250 to Km 157920,1742,2281.02,1508.2,99,22-05-2024,31-08-2026,28-01-2021
1127,Roads & Highways,Ministry of Road Transport & Highways,NHAI,618492,Delhi-Amritsar-Katra Expressway Phase-I Pkg-XII from Junction with Amritsar-Mehta-SriHargobindpur-Tanda road NH-503A near SriHargobindpur to Junction with Pathankot-Gurdaspur road NH-54 near Gurdaspur Km 362420 to km 397700,1734,1538.47,780.61,28,20-02-2027,30-06-2027,04-03-2021
1128,Roads & Highways,Ministry of Road Transport & Highways,NHAI,618493,Delhi-Amritsar-Katra Expressway Phase-I Spur-I from Jn. with Kapurthala - Sultanpur Lodhi Road NH-703A near Isharwal village to Jn. with Kapurthala - Tarn Taran road NH-703AA near Goinwal Sahib [Km 24000 to Km 41000 of Amritsar connectivity],2165,1519.6,618.22,35,16-04-2026,10-03-2028,13-12-2021
1129,Roads & Highways,Ministry of Road Transport & Highways,NHAI,619200,Delhi-Amritsar-Katra Expressway Phase-I Spur-III from Junction with Amritsar-Jalandhar road NH-3 near Bhishambarpura to Junction with Amritsar-Anjala road NH-354 near Amritsar Airport [Km 71000 to Km 99000 of Amritsar connectivity],1642,1951.7,1364.2,34,26-10-2024,31-10-2027,04-03-2021
1130,Roads & Highways,Ministry of Road Transport & Highways,NHAI,619066,Delhi-Amritsar-Katra Expressway Phase-II Pkg-XIV from Junction with Pathankot-Gurdaspur road NH-54 near Balsua to Junction with Hiranagar Road near village Gurha Baildaran km 423500 to km 468100,3044,3707.91,1776.5,87,25-09-2024,31-10-2026,29-10-2021
1131,Roads & Highways,Ministry of Road Transport & Highways,NHAI,618494,Delhi-Amritsar-Katra Expressway Phase-II Pkg-XV [Junction with Hiranagar Road near village Gurha Baildaran to Junction with Jammu Ring Road NH-244A near Jakh village from Km 468100 to Km 503250],2715,3716.56,1846.59,90,25-09-2024,31-12-2026,07-10-2021
1132,Roads & Highways,Ministry of Road Transport & Highways,NHAI,618496,Delhi-Amritsar-Katra Expressway Phase-II Pkg-XVI Existing Jakh Vijaypur-Kunjwani section of NH-44 including spur Connectivity to Jammu Airport NH-144A [Km 503500 to km 514500],1822,2522.56,1238.6,94,26-09-2024,30-09-2026,03-09-2021
1133,Roads & Highways,Ministry of Road Transport & Highways,NHAI,618457,Delhi-Vadodara Greenfield Alignment NH-148N Pkg-10 Ch. 292.950 to Ch. 319.400 [End of Interchange on NH-166 near village Mui to Hardeoganj village near Indergarh],1273,1265.16,1150.13,95,21-05-2023,30-09-2026,25-11-2019
1134,Roads & Highways,Ministry of Road Transport & Highways,NHAI,618458,Delhi-Vadodara Greenfield Alignment NH-148N Pkg-15 Ch. 419.000 to Ch.427.300 [Junction with NH-12 near village Ummedpura to Major bridge over Takli river near Nayagaon Jageer village],1855,1854.68,1530.92,98,04-01-2024,15-08-2026,03-07-2020
1135,Roads & Highways,Ministry of Road Transport & Highways,NHAI,618459,Delhi-Vadodara Greenfield Alignment NH-148N Pkg-26 Ch.696890 to Ch.726390,1555,1556.4,1288.32,86,31-08-2024,28-02-2027,08-09-2020
1136,Roads & Highways,Ministry of Road Transport & Highways,NHAI,619197,Delhi-Vadodara Greenfield Alignment NH-148N Pkg-27 Ch.729.700 to Ch.756.052,1186,1259.27,1045.08,99,14-02-2024,10-08-2026,08-09-2020
1137,Roads & Highways,Ministry of Road Transport & Highways,NHAI,618462,Delhi-Vadodara Greenfield Alignment NH-148N Pkg-31 Ch.824920 to Ch.844382 [Junction near Pratap nagar Village - Junction near Dodka Village],1645,1651.14,1297.76,100,18-05-2023,10-08-2026,25-11-2019
1138,Roads & Highways,Ministry of Road Transport & Highways,NHAI,618612,Deogarh near Dhandhaniya-Rajasthan/Gujarat Border Phase-I AJ/DRGB-Package-6,847,740.62,705.48,100,11-08-2023,31-08-2026,01-10-2019
1139,Roads & Highways,Ministry of Road Transport & Highways,NHAI,618613,Deogarh near Dhandhaniya-Rajasthan/Gujarat Border Phase-I AJ/DRGB-Package-7,662,597.77,561.75,99,15-07-2023,31-08-2026,01-10-2019
1140,Roads & Highways,Ministry of Road Transport & Highways,NHAI,618803,Development of 4L Road from Samarlakota to Achampeta Junction as part of Kakinada Port Connectivity to NH-16 Rajanagaram Junction in East Godavari District,646,750.2,680.09,93,15-08-2025,29-12-2026,05-09-2022
1141,Roads & Highways,Ministry of Road Transport & Highways,NHAI,618648,"Development of 6-lane Greenfield Southern Ludhiana Bypass from intersection with NH-44 near Village Rajgarh to intersection with Delhi Katra Expressway NE-5 near Village Ballowal, km 0000 to km 25240",1425,0,162.39,6,06-03-2028,06-03-2028,22-11-2024
1142,Roads & Highways,Ministry of Road Transport & Highways,NHAI,618552,Development of 6L Greenfield Jalandhar Bypass starting from Kahlwan NH-03 ending at Kang Sahbu NH-703 via Sarmastpur NH-44 - Madara NH-03 - Khajurla NH-44,1755,2167.39,1252.02,57,14-01-2025,30-06-2027,31-03-2021
1143,Roads & Highways,Ministry of Road Transport & Highways,NHAI,618675,Development of 6L of Basanwahi Marangpuri Section from km 99.500 to km 124.661 of NH-130-CD,1307,1303.63,489.55,71,15-10-2025,31-03-2027,21-03-2022
1144,Roads & Highways,Ministry of Road Transport & Highways,NHAI,618673,Development of 6L of Jhanki Sargi Section Road from km 0.000 to km 42.800 of NH-130CD Pkg-CG-1,1368,1129.14,715.32,99,28-09-2024,12-02-2027,22-11-2021
1145,Roads & Highways,Ministry of Road Transport & Highways,NHAI,618674,Development of 6L Sargi Basanwahi Section from km 42.800 to km 99.500 of NH-130CD Pkg-CG-2,1471,1461.81,757.62,100,08-01-2025,31-08-2026,20-12-2021
1146,Roads & Highways,Ministry of Road Transport & Highways,NHAI,618509,Development of 6L UER II [Package - I] NH-1 Near Bakoli till Karala Kanjhawala Road from km. 0.70 to km.15.00,2090,2203.45,1834.91,100,27-10-2023,31-08-2026,03-07-2020
1147,Roads & Highways,Ministry of Road Transport & Highways,NHIDCL,618455,Development of External Trunk Connectivity and Internal Infrastructure Works at Multi Model Logistics ParkMMLP at Jogighopa in the State of Assam on EPC Mode Package-I Road and Utility Works,694,0,308.85,100,01-04-2022,30-09-2024,03-02-2020
1148,Roads & Highways,Ministry of Road Transport & Highways,MoRTH,618010,Development to 4-lane with paved shoulder for the road section Talwandi Sabo-Raman road to refinery Road junction with Bathinda Dabwali Road of NH-254 from existing Km 131.600 to Km 155.650 Design Km 131600 to km 155600 in the State of Punjab. Job No NH-254-PB-2022-23-565,547,0,0,45,05-11-2026,05-11-2026,29-03-2023
1149,Roads & Highways,Ministry of Road Transport & Highways,NHAI,618824,"Development to 4-laning of the de-scoped stretches from Km 115.342 to Km 191.700 of NH-34 in Nadia District 3.962 & Murshidabad District 5.538 pertaining to Krishnagar to Berhampore section of NH-34 New NH-12 , in the state of West Bengal under NHO.",201,197.74,64.63,55,16-01-2026,30-06-2027,05-03-2024
1150,Roads & Highways,Ministry of Road Transport & Highways,MoRTH,618227,Development to 4/6-lanning of NH-31 New NH-10 with both side service roads from km 569.258 to km 581.030 end of AH-02 project on NH- 31 near Shivmandir to Sevoke Army Cantonment in districts of Darjeeling and Jalpaiguri in the state of West Bengal on EPC Mode Job No. 010/WB/2021-22/490,995,1059.2,590.78,75,19-09-2025,31-03-2027,16-03-2022
1151,Roads & Highways,Ministry of Road Transport & Highways,MoRTH,618155,Development/Widening of Talegaon Chakan Shikrapur Nhavara Section of NH-548D from existing chainage km. 54/000 to 82/300 and Design chainage Km. 54/000 to 82/120 Shikrapur to Nhavara Section to 2LPS/4L Configuration on EPC Mode in the State of Maharashtra.,396,0,99.7,76,09-07-2026,30-09-2026,12-03-2024
1152,Roads & Highways,Ministry of Road Transport & Highways,NHAI,619100,Dhangaon - Borgaon section km 81.000 to km 139.000 [Indore - Edlabad Pkg IV],866,1185.04,746.57,100,03-08-2023,30-08-2026,03-01-2020
1153,Roads & Highways,Ministry of Road Transport & Highways,NHAI,619210,Dharampuri-Lonand from km. 117.00 to 166.40 Pkg-IV on Mohol-Alandi Section,1412,1358.68,1474.28,97,14-09-2023,30-09-2026,15-01-2021
1154,Roads & Highways,Ministry of Road Transport & Highways,NHAI,618710,DL/UP Border - EPE Crossing Pkg-02,2003,1889.78,1739.72,100,07-11-2023,31-08-2026,08-09-2020
1155,Roads & Highways,Ministry of Road Transport & Highways,NHAI,618589,Durg-Raipur Bypass Section Package - 1 from km. 0.00 to km. 44.50 near Tendesara to near Khatti Village,1828,1656.73,1063.62,75,20-07-2025,31-03-2027,29-06-2022
1156,Roads & Highways,Ministry of Road Transport & Highways,NHAI,618590,Durg-Raipur-Arang Package - 2 from km. 44.50 to km. 92.23 near Khatti Village to near Aurang,1959,1561.97,1001.18,74,28-05-2025,31-03-2027,29-06-2022
1157,Roads & Highways,Ministry of Road Transport & Highways,NHAI,619202,Dwarka Expressway from Km -0.600 to Km 5.300 - Pkg-I Shivmurti Chowk-RuB near Dwarka Sector 21,2145,3929.5,3512.17,99,24-09-2022,31-08-2026,15-03-2018
1158,Roads & Highways,Ministry of Road Transport & Highways,NHIDCL,618454,"Earthwork in Formation, Road Work, Construction of Bridges, Blanketing, P. Way Linking works including Supply of P. Way Fittings and Track Ballast in connection with Construction of Railway Siding from Jogighopa Railway Station to MMLP at Jogighopa from Ch. 00 to 3760 on Item Rate basis Package -3, Railway Siding from Jogighopa Railway Station to MMLP",694,0,40.17,93,01-06-2022,20-09-2024,03-02-2020
1159,Roads & Highways,Ministry of Road Transport & Highways,MoRTH,618146,Estimate for Improvement to two lane with paved shoulder from Ramnagar to Roseda from km 3.500 to 43.000 of NH 527 E on EPC mode in State of Bihar,495,0,0.38,39,11-04-2026,30-04-2027,11-01-2022
1160,Roads & Highways,Ministry of Road Transport & Highways,NHAI,618866,"Four Lane Highway from Chandan Nagar Existing Km. 59.025 of NH 530B/Design Km. 179.5000 to Bareilly BypassStartExisting Km. 59.025 of NH 530B/Design Km. 218.000 Section of NH 530B, in the State of Uttar Pradesh on HAM Mode under NH0",2077,1112.44,486.09,34,18-11-2027,18-11-2027,09-12-2024
1161,Roads & Highways,Ministry of Road Transport & Highways,NHAI,618626,Four laning from Dive Ghat Km. 220.900 to Hadapsar Km. 234.150 of Mohol Alandi section Pkg VI of NH-965,820,400,141.4,70,14-10-2026,12-04-2027,14-12-2023
1162,Roads & Highways,Ministry of Road Transport & Highways,NHAI,618768,Four laning of Agra-Aligarh Section from Km. 0.000 Junction of NH-34 Aligarh Km 144.60 to Km. 28.000 near Asroi village in Hathras of NH-509 Package-I,1309,0,310.08,4,24-03-2028,29-11-2028,04-06-2024
1163,Roads & Highways,Ministry of Road Transport & Highways,NHAI,619118,Four Laning of Angul to Sambalpur from Km.112.000 to Km.265.000,2510,2632.91,2464.91,100,31-08-2019,31-08-2026,22-09-2016
1164,Roads & Highways,Ministry of Road Transport & Highways,NHAI,619131,Four Laning of Chettikulam to Natham section of NH-785,838,823.93,641.93,100,03-11-2020,30-06-2026,13-03-2018
1165,Roads & Highways,Ministry of Road Transport & Highways,NHAI,619145,Four Laning of Una to Kodinar from km. 180.478 to km. 221.610 Package-V,878,1126.66,1008.79,100,08-08-2019,31-03-2025,17-02-2016
1166,Roads & Highways,Ministry of Road Transport & Highways,NHAI,619295,Four/Six laning of Bhaniyawala-Jollygrant-Rishikesh spur section of NH-07 from Km. 0.000 to Km 19.780,742,664.92,13.35,0,30-11-2027,30-11-2027,03-02-2023
1167,Roads & Highways,Ministry of Road Transport & Highways,MoRTH,617961,Gaya-Hisua-Rajgir-Nalanda-Biharsharif section km0.00 to 92.935 NH-82,1409,2138.16,0,97,06-11-2019,31-10-2026,21-01-2014
1168,Roads & Highways,Ministry of Road Transport & Highways,NHAI,619096,Goa / Karnataka Km.93.700 to Kundapur Km.283.30,1645,1990.99,1849.51,98,28-08-2016,31-10-2026,31-07-2012
1169,Roads & Highways,Ministry of Road Transport & Highways,NHAI,618580,Gohana - Sonipat PKG-2,1275,1957.44,1225.85,98,24-07-2022,31-07-2026,25-01-2019
1170,Roads & Highways,Ministry of Road Transport & Highways,MoRTH,618052,Gorantla - Hindupur section from Km 120/300 to 165/000 of NH716G in the State of Andhra Pradesh,809,0,0,38,17-08-2027,17-08-2027,15-10-2024
1171,Roads & Highways,Ministry of Road Transport & Highways,NHAI,618737,Grade separated Interchanges at Km. 113.730 junction with Ranchi Hazaribagh Road & Km. 139.225 junction with Ranchi Jamshedpur road on 4L Ranchi Bypass of NH-33,304,5.58,4.98,0,25-12-2027,25-12-2027,29-01-2025
1172,Roads & Highways,Ministry of Road Transport & Highways,NHAI,618551,Greenfield connectivity from Govindsar village on Delhi Amritsar Katra Expressway to Talwara village on NH-44 Pathankot by-pass,667,690.47,217.52,29,15-07-2027,15-07-2027,08-11-2024
1173,Roads & Highways,Ministry of Road Transport & Highways,MoRTH,617984,"Gudivada Town 2 RoB, and Road improvement NH-165",317,0,158.64,75,21-05-2025,31-03-2027,16-03-2022
1174,Roads & Highways,Ministry of Road Transport & Highways,MoRTH,618097,Guhagar - Rampur - 2L-PS - km 0/00 Guhagar to 26/230 Rampur and 40/00 Mirjoli to 53/600 Sati on NH-166E,407,0,0,92,13-06-2019,31-08-2025,24-01-2017
1175,Roads & Highways,Ministry of Road Transport & Highways,NHAI,618934,Guwahati Ring Road in the State of Assam,5729,0,328.42,0,23-01-2030,23-01-2030,02-08-2024
1176,Roads & Highways,Ministry of Road Transport & Highways,NHAI,618951,Hariharganj to Parwa Mode section from km 23.284 to km 57.049 of NH-98,1126,1186.56,830.06,91,29-02-2024,31-08-2026,29-09-2020
1177,Roads & Highways,Ministry of Road Transport & Highways,NHAI,619117,Hassan km 184.912 to Maranahally km 230.060 of NH - 75 in Karnataka,1022,1091.4,1068.91,98,07-03-2019,31-08-2026,29-12-2015
1178,Roads & Highways,Ministry of Road Transport & Highways,NHAI,618581,Hosur to Dhamrapuri Pkg-1 [Neraluru - Thorapalli Agraharam],1829,1828.66,1464.36,79,24-10-2024,31-01-2027,07-10-2021
1179,Roads & Highways,Ministry of Road Transport & Highways,NHAI,618944,Hyderabad - Maneguda,959,1218.49,431.45,24,26-11-2026,26-05-2027,07-10-2021
1180,Roads & Highways,Ministry of Road Transport & Highways,NHAI,618663,i 4L Vidisha to Hinotiya from km 0.000 to Km 27.000 Vidisha Mehulwa-Talbehat Pkg-I Section of NH- 346 and ii 4L Vidisha to Morikori from Km 39.000 to 59.476 section of NH-146,1004,941.12,434.04,90,20-12-2025,31-12-2026,19-09-2022
1181,Roads & Highways,Ministry of Road Transport & Highways,NHAI,618928,"Improvement & Up-gradation of NH-734 Section of Moradabad-Thakurdwara Kashipur including Moradabad & Kashipur Bypasse Package-III Kashipur Bypass Length 14.490 Km., Starts from Ch. 38770 and ends at Ch. 53260 existing Ch. 05560",936,717.5,386.34,54,14-09-2025,31-03-2027,02-02-2023
1182,Roads & Highways,Ministry of Road Transport & Highways,NHIDCL,618350,Improvement & widening of existing NH-08 to 4-lane with Paved Shoulder from Champak Nagar to Khayerpur section design Km 242500 to Km 261610 in the state of Tripura on EPC basis under NHO-NE,921,0,404.6,48,28-09-2026,31-03-2027,21-12-2023
1183,Roads & Highways,Ministry of Road Transport & Highways,NHAI,618586,Improvement and strengthening of existing 2 lane stretch to 2-Lane with PS 1.5m on both sides on Ghoti-Sinnar section of NH-160A using Thin White Topping 200mm thick in the State Of Maharashtra on EPC Mode,255,147.64,115.05,77,16-06-2026,31-08-2026,06-03-2025
1184,Roads & Highways,Ministry of Road Transport & Highways,MoRTH,618251,"Improvement and Up gradation to four lane with Paved shoulder configuration from Existing Km 0000 to Km 39500 design km 0500 to Km 40342, Design length km of NH 227A near Mehrauna GhatUP Bihar Border to Siwan on the state of Bihar on Hybrid Annuity Model HAM basis",1661,0,0.83,9,05-03-2028,05-03-2028,09-03-2023
1185,Roads & Highways,Ministry of Road Transport & Highways,NHAI,618856,"Improvement and Up-Gradation of Existing Road to 4L PS from Km 123.650 to 175.080, from Start of Shahabad Bypass to End of Hardoi bypass of NH 731 Pkg-2B",1102,1212.26,519.69,69,19-11-2025,31-03-2027,18-09-2022
1186,Roads & Highways,Ministry of Road Transport & Highways,NHAI,618859,"Improvement and Up-Gradation of Existing Road to 4L PS from Km 229.070 to 260.800, End of Hardoi District to Lucknow Ring road of NH 731 Pkg-4",576,553.61,390.09,99,23-10-2024,31-08-2026,17-09-2021
1187,Roads & Highways,Ministry of Road Transport & Highways,NHAI,618858,"Improvement and Up-Gradation of Existing Road to 4L PS from Km 88.750 to 123.650, from Start of Shahjahanpur Bypass to start of Shahabad bypass of NH 731Pkg.-2A",955,955.34,369.94,71,18-01-2026,31-03-2027,18-09-2022
1188,Roads & Highways,Ministry of Road Transport & Highways,MoRTH,618112,"Improvement and up-gradation of NH-227B 84 Kosi Parikrama Marg Package I, from km 228.920 Jagarnathpur to Km 235.960/0.000 MakhaudaDham to Km 29.000 Sarpur in the State of Uttar Pradesh on EPC basis",912,0,8.72,8,27-11-2026,27-05-2027,31-03-2022
1189,Roads & Highways,Ministry of Road Transport & Highways,MoRTH,618113,"Improvement and up-gradation of NH-227B 84 Kosi Parikrama Marg Package III, from Km.47.800 Gosaiganj to Km.73.300 Bikapur in the State of Uttar Pradesh on EPC basis.",588,0,80.16,51,18-11-2026,18-05-2027,31-03-2022
1190,Roads & Highways,Ministry of Road Transport & Highways,MoRTH,618114,"Improvement and up-gradation of NH-227B 84 Kosi Parikrama Marg PackageV, from Design Km.140.960 Patranga to Km.160.200 Bahuvan Madar Majha on EPC mode in the State of Uttar Pradesh",1192,0,0,4,10-08-2028,10-08-2028,17-03-2023
1191,Roads & Highways,Ministry of Road Transport & Highways,MoRTH,618162,"Improvement and up-gradation to 2LPS of NH-227B 84-Kosi Parikrama Marg PackageVI, Design Km 160200 Bahuvan Madar Majha to Km 224040 Jagarnathpur under HAM",2009,0,0,20,15-01-2028,15-01-2028,23-05-2023
1192,Roads & Highways,Ministry of Road Transport & Highways,MoRTH,618056,Improvement and Up-gradation to two Lane with Paved Shoulder Configuration from existing km. 420.00 Shohrathgarh to km. 454.00 Uska Bazar of NH-730 in the state of Uttar Pradesh EPC basis,510,484.42,120.57,62,14-09-2025,31-12-2026,08-01-2022
1193,Roads & Highways,Ministry of Road Transport & Highways,MoRTH,618252,"Improvement and Up-gradation to two Lane with Paved Shoulder/Four Lane configuration from existing Km 130.000 to Km 191.000 design km 131.500 to Km 188.735, Design length 57.235 Km of NH-227A near Barhalganj to Mehrauna Ghat in the state of Uttar Pradesh on Hybrid Annuity Model HAM basis",974,1344.61,1.2,58,04-05-2027,03-05-2027,08-01-2022
1194,Roads & Highways,Ministry of Road Transport & Highways,MoRTH,618111,Improvement and upgradation to two lane with paved shoulder configuration from existing km 90.00 to 130.00 Design length 39.15 of NH-227A near Sikriganj to Barhalganj in the State of UP on EPC Mode.,403,345.34,142.17,96,10-06-2025,31-08-2026,08-08-2021
1195,Roads & Highways,Ministry of Road Transport & Highways,NHIDCL,618294,Improvement and Widening of National Highway No. 127B Darugiri - Songsak - Williamnagar Junction Section to two lane with paved shoulder from design Km 0000 to Km 36635 Design length 36.635 Km existing Km 112000 to Km 151060 of NH-1278 under Bharatmala Pariyojana Lot-1 Pkg-1B Meghalaya portion,801,0,176.55,27,26-09-2027,26-09-2027,31-03-2023
1196,Roads & Highways,Ministry of Road Transport & Highways,NHIDCL,618368,Improvement and Widening to 2-lane with paved shoulder of road from design Km 36.000 Rangamati to design Km 72.000 Pati Chhari Total length 36.000 Km on Teliamura to Harina section of NH 208 in the state of Tripura on EPC mode under JICA ODA Loan Phase VI Package-3,671,0,183.24,15,02-09-2026,31-05-2027,09-01-2024
1197,Roads & Highways,Ministry of Road Transport & Highways,NHIDCL,618367,Improvement and Widening to 2-lane with paved shoulder of road from design Km 72.000 Pati Chhari to design Km 107.654 Harina Total length 35.654 Km on Teliamura to Harina section of NH 208 in the state of Tripura on EPC mode under JICA ODA Loan Phase VI Package-4,727,0,100.25,10,20-12-2026,30-06-2027,09-01-2024
1198,Roads & Highways,Ministry of Road Transport & Highways,NHIDCL,618369,Improvement and Widening to 2-lane with paved shoulder of road from existing Km 438.170 Khowai Chowmuhani to existing Km 439.410 South Pulinpur of NH-08 and from design Km 0.000 South Pulinpur to design Km 36.00 near Rangamati of NH 208 on Khowai Teliamura- Harina section Total length 37.24 in the state of Tripura on EPC mode under JICA ODA Loan Phase VI Package-2,657,0,301.86,61,02-09-2026,31-03-2027,09-01-2024
1199,Roads & Highways,Ministry of Road Transport & Highways,NHIDCL,618370,Improvement and Widening to 2-lane with paved shoulder of road from Km 101.300 to km 127.319 Total Length 26.019 Km i.e. the Khowai Teliamura-Amarpur-Harina-Sabroom section of NH 208 in the state of Tripura on EPC under JICA ODA Loan Phase VI Package-1,432,0,265.36,63,17-07-2026,17-04-2027,09-01-2024
1200,Roads & Highways,Ministry of Road Transport & Highways,MoRTH,618076,Improvement and Widening two lannig with paved Shoulder of NH 127B from km 31.500 Goeragre to km 63.224 Package-II in state of Meghalaya,504,350.67,0,4,15-05-2027,,08-12-2023
1201,Roads & Highways,Ministry of Road Transport & Highways,NHAI,618806,Improvement of 4L road to 6L road and 4L dedicated Port Roads for the Port connectivity road from Convent junction to Sheelanagar Junction,686,680.21,493.92,79,13-02-2026,31-12-2026,20-01-2023
1202,Roads & Highways,Ministry of Road Transport & Highways,NHIDCL,618416,"Improvement of existing road to 2 laning with Hard Shoulders of Maram -Peren section Package-1A, length- 22.340Km from Design Chainage 0.000 km to 22.340 km on NH-129A in the State of Manipur on EPC mode",226,0,190.19,75,22-12-2022,31-03-2027,11-02-2021
1203,Roads & Highways,Ministry of Road Transport & Highways,NHIDCL,618415,"Improvement of existing road to 2 laning with Hard Shoulders of Maram-Peren section Package-1B, length- 17.660 km from Design Chainage 22.340 km to 40.000 km on NH-129A in the State of Manipur on EPC mode",188,0,0,100,22-12-2022,06-03-2026,11-02-2021
1204,Roads & Highways,Ministry of Road Transport & Highways,MoRTH,618073,Improvement to Two lane with Paved Shoulder from Junction of NH22 near Hajipur to Junction of NH -122 at Bachhwara via Mahnar and Mohiuddin Nagar from Km 0.00 to Km 29.730 of NH 122 B in the State of Bihar.,226,0,0,61,28-02-2026,28-02-2027,27-02-2024
1205,Roads & Highways,Ministry of Road Transport & Highways,MoRTH,618080,Improvement to two lane with paved shoulders of BH WB Border Amdabad Manihari section from design Km 0.000 to Km 23.945 of NH 131 A Total length 23.945 Km under EPC mode in the state of Bihar,353,0,0,8,29-11-2026,30-06-2027,24-01-2022
1206,Roads & Highways,Ministry of Road Transport & Highways,MoRTH,618121,Improvement to two lane with paved shoulders of NH-319A from km 0 to km 45 in state of Bihar under EPC mode,427,0,198.23,93,19-12-2024,30-11-2026,09-02-2022
1207,Roads & Highways,Ministry of Road Transport & Highways,MoRTH,618211,Improvement/construction of 2-lane with paved shoulder of Askote Llipulekh road from Tawaghat village to Budhi village design km. 56935 to km 95748 and from end of Tunnel portal to Kali Mandir design km 113828 to km. 133078 [total design length 58.063 km] under project Hirak of BRO in the state of Uttarakhand under Bharatmala Pariyojna on EPC Mode,650,0,0,37,24-11-2026,12-07-2027,19-05-2022
1208,Roads & Highways,Ministry of Road Transport & Highways,MoRTH,618216,"Improvement/construction of existing CL-5 Road to NH Intermediate lane specification with hard shoulder from Km 133.000 to 166.000 net Length 33.000 kms of NH-505 Sumdo-Kaza-Gramphoo road in the state of Himachal Pradesh on EPC mode under project Deepak, BRO",231,203.15,31.4,23,30-06-2026,30-09-2027,08-03-2021
1209,Roads & Highways,Ministry of Road Transport & Highways,MoRTH,618215,"Improvement/construction of existing CL-5 Road to NH Intermediate lane specification with hard shoulder from Km 166.000 to 203.77 net Length 37.770 kms of NH-505 Sumdo-Kaza-Gramphoo road in the state of Himachal Pradesh on EPC mode under project Deepak, BRO",274,194,0,22,09-06-2027,09-06-2027,14-06-2021
1210,Roads & Highways,Ministry of Road Transport & Highways,MoRTH,618217,Improvement/construction of existing Class-5 Road to NH Intermediate lane specification with hard shoulder from existing Km 76/340 to 134/940 Design chainage from Km 76/300 to 133/000 net Length 56.700 kms of NH-505 Sumdo-Kaza-Gramphoo road in the state of Himachal Pradesh Package I,315,244.15,93.27,62,11-05-2026,31-08-2027,03-03-2021
1211,Roads & Highways,Ministry of Road Transport & Highways,NHIDCL,618299,Improvement/Up-gradation of existing 2-Lane Road to 4-Lane Divided Highway from Daili to Kuraopokpi section of Imphal-Kohima road NH-02 Design Chainage from Km 274610 to Km 287000 in the state of Manipur on EPC mode Pkg-4B,269,0,206.28,77,05-06-2026,24-01-2027,01-09-2020
1212,Roads & Highways,Ministry of Road Transport & Highways,NHIDCL,618300,Improvement/Up-gradation of existing 2-Lane Road to 4-Lane Divided Highway from Taphukuki to Daili section of Imphal-Kohima road NH-02 Design Chainage from Km 262175 to Km 274610 in the state of Manipur on EPC mode Pkg-4A,379,0,314.73,91,18-04-2022,31-08-2026,01-09-2020
1213,Roads & Highways,Ministry of Road Transport & Highways,NHIDCL,618295,Improvement/Widening of New NH-217 Dainadubi-Darugiri section to Two lane with paved shoulder in Meghalaya from design Km 0000 to Km 40840 existing Km 8600 to Km 53000 of Old NH-62 under BMP Lot-1 Pkg-1B Meghalaya portion,706,0,0,46,20-03-2027,19-03-2027,22-03-2023
1214,Roads & Highways,Ministry of Road Transport & Highways,NHIDCL,618374,Improvement/Widening to 2-L with Paved Shoulder/ 4-Laning of NH-40 section from Km 151330 to Km 163400 design Km 63.530 to Km 71.520 including Dawki Bridge of length 368 m between Shillong-Dawki under JICA ODA Loan assistance Phase-II Pkg-5 -Balance work,284,0,170.81,43,13-11-2026,13-11-2026,13-07-2020
1215,Roads & Highways,Ministry of Road Transport & Highways,NHIDCL,618377,Improvement/Widening to 2-L with Paved Shoulder/4-L from Km 81740 to Km 93490 design Km 0000 to Km 10670 of NH-40 New NH-106 & 206 section & 4-L from design Km 0.00 to Km 0.930 of NH-44 section between Shillong-Dawki under JICA ODA Loan assistance Phase-II -Balance Work Pkg-1,351,0,243.15,100,22-10-2025,15-06-2026,13-07-2020
1216,Roads & Highways,Ministry of Road Transport & Highways,NHIDCL,618376,Improvement/Widening to 2-Lane with Paved Shoulder between Shillong-Dawki road up to Bangladesh Border from design Km 10.670 to Km 37.550 under JICA ODA Loan assistance Phase-II -Balance Work-Pkg-2,526,0,0,53,07-08-2026,31-12-2026,13-07-2020
1217,Roads & Highways,Ministry of Road Transport & Highways,NHIDCL,618375,Improvement/Widening to 2-Lane with Paved Shoulder from design Km 45.760 to Km 63.530 between Shillong-Dawki under JICA ODA Loan assistance Phase-II -Balance work Pkg-4,446,0,42.39,53,19-04-2026,31-10-2026,13-07-2020
1218,Roads & Highways,Ministry of Road Transport & Highways,NHAI,618561,Improving the Alignment of Thoppur Ghat Section from Km 158.500 to Km 165.100 in Dharmapuri - Salem Section of NH-44,905,731.09,211.34,48,20-03-2028,20-03-2028,07-03-2024
1219,Roads & Highways,Ministry of Road Transport & Highways,NHAI,618621,Indore - Edlabad Pkg-II [Tejajinagar to Balwara],1163,1530.82,824.5,87,15-01-2025,31-10-2026,11-03-2022
1220,Roads & Highways,Ministry of Road Transport & Highways,NHAI,618694,Indore - Harda Pkg-I [Indore to Raghav Garh from km. 0.25 to km. 26.903],1011,813.03,688.03,96,31-10-2024,31-08-2026,31-01-2022
1221,Roads & Highways,Ministry of Road Transport & Highways,NHAI,619114,Indore - Harda Pkg-II [Raghavgarh to Nanasa from km. 29.30 to km. 92.30],1082,1146.63,369.46,40,14-03-2026,20-11-2027,04-01-2023
1222,Roads & Highways,Ministry of Road Transport & Highways,NHAI,618762,Itarsi Km. 63.000 to Betul Km. 137.000 of NH-69 in Madhya Pradesh,950,788.33,663.67,100,21-02-2020,15-08-2026,31-08-2017
1223,Roads & Highways,Ministry of Road Transport & Highways,NHAI,618936,Jagadhari - Tajewala from Km -0.175 to 32.337 km of NH-344,1270,919.43,712.77,68,06-02-2025,31-03-2027,31-03-2022
1224,Roads & Highways,Ministry of Road Transport & Highways,NHIDCL,618407,Jammu-Akhnoor Road Pkg-I,245,0,115.21,75,09-01-2025,31-10-2026,14-03-2018
1225,Roads & Highways,Ministry of Road Transport & Highways,NHAI,619208,Kadambattukonam-Kazhakuttom,3636,3526.33,2124.13,44,18-01-2025,31-05-2027,06-12-2021
1226,Roads & Highways,Ministry of Road Transport & Highways,NHAI,618899,Kallagam km.38.700 to Meensurutti Km.98.433 of NH-227 in Tamil Nadu,1499,1499.12,1111.9,100,22-04-2021,31-08-2026,27-02-2018
1227,Roads & Highways,Ministry of Road Transport & Highways,NHAI,618895,Kamalapuram to Oddanchatram from km. 0.00 to km. 35.822,1319,1319.42,649.83,94,20-01-2023,30-09-2026,22-01-2019
1228,Roads & Highways,Ministry of Road Transport & Highways,MoRTH,617948,Kante - Wakad section of NH-66 4L PS from Km.281/300 to 332/200,1118,2020.56,375.93,90,12-11-2019,30-11-2025,17-03-2016
1229,Roads & Highways,Ministry of Road Transport & Highways,NHAI,618521,Karaipettai to Walajapet from Km 71.015 to 107.091,767,766.51,613.76,94,09-02-2021,15-08-2026,08-08-2018
1230,Roads & Highways,Ministry of Road Transport & Highways,NHIDCL,618408,Kargil Zanskar Road,398,0,337.19,97,02-01-2023,15-08-2026,31-03-2021
1231,Roads & Highways,Ministry of Road Transport & Highways,NHAI,619201,Karnal ring road Lot-4/Pkg-1,1741,2041.54,834.54,97,30-08-2025,31-10-2026,04-11-2022
1232,Roads & Highways,Ministry of Road Transport & Highways,MoRTH,617946,Kashedi to Parshuram Ghat section of NH-66 from Km 161/600 - Km 205/400 - 4L PS,1143,0,427.48,98,02-02-2020,31-12-2025,07-03-2016
1233,Roads & Highways,Ministry of Road Transport & Highways,NHAI,618746,Khammam-Devarapalle Pkg I [4L Access Controlled Greenfield from Thallampadu village to Somavaram village Design Chainage 0000 to 33604],797,1337.18,684.62,97,30-10-2024,07-10-2026,22-01-2021
1234,Roads & Highways,Ministry of Road Transport & Highways,NHAI,619128,Khammam-Devarapalle Pkg II [4L Access Controlled Greenfield from Somavaram village to Chintagudem village Design Chainage 33604 to 63117],616,981.64,524.11,98,12-09-2024,31-08-2026,22-01-2021
1235,Roads & Highways,Ministry of Road Transport & Highways,NHAI,618747,Khammam-Devarapalle Pkg III [4L Access Controlled Greenfield from Chintagudem village to Recherla village Design Chainage 63117 to 105236],830,1227.07,649.55,99,26-09-2024,31-08-2026,22-01-2021
1236,Roads & Highways,Ministry of Road Transport & Highways,MoRTH,618101,Kondamodu to Perecherla Section Design Ch. Km 000 to Km 49917 of NH-167AG to to 4LPS,882,0,0,38,19-04-2027,19-04-2027,15-10-2024
1237,Roads & Highways,Ministry of Road Transport & Highways,MoRTH,617965,Kopargaon to Savali Vihir section,195,0,105.76,93,13-07-2024,30-08-2026,22-06-2022
1238,Roads & Highways,Ministry of Road Transport & Highways,NHAI,618607,Kottankulangara- Start of Kollam Bypass,2842,3680.49,2373.2,74,07-10-2024,31-03-2027,08-06-2021
1239,Roads & Highways,Ministry of Road Transport & Highways,NHAI,619098,Kozhikode Bypass Calicut Bypass Vengalam Jn. to Ramanattukara Jn.,1425,2139.18,1066.67,99,21-02-2023,31-08-2026,15-02-2018
1240,Roads & Highways,Ministry of Road Transport & Highways,MoRTH,617986,Kurnool/Kadapa Border-Jammalamadugu section of NH-167K i.e. Design Ch. Km 248010 to km 269900 to 2,293,0,0,96,17-12-2026,17-12-2026,14-03-2023
1241,Roads & Highways,Ministry of Road Transport & Highways,MoRTH,617888,Landslide treatment work on NH 58 from Kodiyala Km. 266.130 to Devprayag Km. 296.925 10 location under EPC mode in the State of Uttarakhand on EPC Mode,193,0,0,99,11-02-2025,31-07-2026,09-01-2023
1242,Roads & Highways,Ministry of Road Transport & Highways,MoRTH,618116,lmprovement and Up-gradation from Km. 73.300 Bikapur to Km.140.960 Patranga of NH-227B 84 Kosi Parikrama Marg to 2LPS along with Parikrama Path,1680,0,172.89,40,27-01-2028,27-01-2028,09-11-2022
1243,Roads & Highways,Ministry of Road Transport & Highways,NHIDCL,619014,"lmprovement and Widening to 2 lane with paved Shoulder of NH-15 old NH-52 from Existing Km 770.600 Design Km 24.819 to Existing km 805.750 Design Km 59.885 Kamlang T-Junction to Chowkham, Existing Length 35.150 Km, Design Length-35.066 Km in the state of Arunachal Pradesh on EPC mode Pkg-2",317,0,34.98,15,27-02-2028,27-02-2028,08-12-2023
1244,Roads & Highways,Ministry of Road Transport & Highways,NHIDCL,619248,"lmprovement and Widening to 2-lane with Paved Shoulder of NH-13 & 15 Old NH-52 from Existing Km 745.60 Design Km 0.000 to Existing km 770.600 Design Km 24.819 Brahmakund T-junction to Kamlang T-Junction, Existing Length 25.00 Km, Design Length 24.819 Km in the state of Arunachal Pradesh on EPC mode Pkg-1",441,0,25.88,15,02-06-2028,02-06-2028,08-12-2023
1245,Roads & Highways,Ministry of Road Transport & Highways,NHIDCL,618331,lmprovement to 4-Lane with Paved Shoulder from existing km 260000 Design Ch.4560 km to existing km Ch.233000 D. Ch.24560 of Silchar near Nutan Dayapur village - Budha Nagar Section Length-20.00 Km of NH-37 under Package Silchar-Jiribam Pkg-1 in the state of Assam on HAM Mode,958,0,214.64,47,15-01-2028,15-01-2028,24-01-2024
1246,Roads & Highways,Ministry of Road Transport & Highways,NHAI,618653,Loha-Waranga Section of NH-361 from km 187.800 to km 244.369,1236,3466.58,1503.59,96,24-03-2021,31-12-2026,01-03-2018
1247,Roads & Highways,Ministry of Road Transport & Highways,NHAI,619129,Mahabalipuram - Pondicherry Pkg-I [Mamallapuram to Mugaiyur],1361,1477.94,904.84,59,10-05-2024,31-01-2027,14-02-2019
1248,Roads & Highways,Ministry of Road Transport & Highways,NHAI,619130,Mahabalipuram - Pondicherry Pkg-II [Mugaiyur to Marakkanam],1116,1463.75,804.69,53,05-12-2025,31-03-2027,14-02-2019
1249,Roads & Highways,Ministry of Road Transport & Highways,NHAI,618903,Maheshkunt -Saharsa-Purnea Pkg II,1245,1244.09,1230.43,94,11-12-2020,30-09-2026,30-03-2017
1250,Roads & Highways,Ministry of Road Transport & Highways,NHAI,618902,Maheshkunt-Saharsa-Purnea Pkg I km 0.00 to km. 90.00 of NH-107,662,1311.22,1126.22,90,19-12-2021,30-09-2026,27-02-2017
1251,Roads & Highways,Ministry of Road Transport & Highways,NHIDCL,618411,Melaghar-Srimantapur section on NH-08 Spur from Km 23 to Km 34.500 11.5 Km and overlay from Km 20.30 to Km 22.00 1.7 Km Total Length 13.2 Km,196,0,95.54,72,27-11-2024,29-10-2026,05-01-2023
1252,Roads & Highways,Ministry of Road Transport & Highways,NHAI,618756,Melur - Pilayarpatti - Karaikudi from km 99.920 of NH 38 to km 12.9 of NH 383 Ext.,1104,1085.41,956.44,98,15-03-2022,31-08-2026,20-12-2018
1253,Roads & Highways,Ministry of Road Transport & Highways,MoRTH,618152,Mhaswad to Tembhurni section of NH-548C - 2L PS,489,0,0,96,31-07-2019,30-08-2026,25-01-2017
1254,Roads & Highways,Ministry of Road Transport & Highways,NHAI,618764,Moga - Bagha Purana - Bajakhana from km. 0.00 to km. 43.32,1033,1264.17,799.77,76,30-12-2024,31-12-2026,11-05-2020
1255,Roads & Highways,Ministry of Road Transport & Highways,MoRTH,618053,Muddanur to B. Kothapalli section of NH-716G from Km. 0/000 to Km. 56/500 56.500 Km in the State of Andhra Pradesh on EPC mode Job no. 741,1020,0,0,34,10-08-2027,10-08-2027,15-10-2024
1256,Roads & Highways,Ministry of Road Transport & Highways,NHAI,618629,Nandigama Bypass and Kanchikacherla bypass,416,444.58,387.77,98,04-06-2019,30-09-2026,09-11-2017
1257,Roads & Highways,Ministry of Road Transport & Highways,MoRTH,618088,Nandurshingote to Kolhar,326,0,32.41,42,19-12-2026,19-12-2026,25-09-2024
1258,Roads & Highways,Ministry of Road Transport & Highways,MoRTH,617987,Nandyala-Kurnool/Kadapa Border section of NH-167K i.e. Km 186/000 to Km 250/000Design Ch.186000 to 248010 to 2LPS,692,0,0,50,04-09-2027,04-09-2027,15-10-2024
1259,Roads & Highways,Ministry of Road Transport & Highways,MoRTH,617934,Nasratpur to Barasgaon section of NH-61 2L / 4L PS from Km.514/00 to 558/200,407,0,528.24,96,07-09-2019,31-08-2026,05-07-2017
1260,Roads & Highways,Ministry of Road Transport & Highways,NHAI,618850,Nerchowk km 190.000 to Pandoh including Pandoh bypass km221.305,1464,1651.67,1574.85,100,11-07-2020,31-08-2026,31-03-2016
1261,Roads & Highways,Ministry of Road Transport & Highways,MoRTH,617898,New construction of Major Bridge with Approaches from Km 0.000 to 1.200 Madhopur -Badabanta section of NH-20 under NHO in Annual Plan 2022-23 in the State of Odisha,200,0,0.32,0,09-10-2027,09-10-2027,16-03-2023
1262,Roads & Highways,Ministry of Road Transport & Highways,NHAI,619120,Nidagatta-Mysore Pkg II,2920,4113.89,3715.84,99,07-06-2022,30-09-2026,27-02-2018
1263,Roads & Highways,Ministry of Road Transport & Highways,NHAI,618688,Outer Ring Road of Jabalpur Town from Amjhar Road including Airport Connectivity to barela Pkg-V,795,539.9,105.34,32,11-10-2027,11-10-2027,28-10-2024
1264,Roads & Highways,Ministry of Road Transport & Highways,NHAI,618687,Outer Ring Road of Jabalpur Town from Barela to Manegaon Pkg-1,652,651.88,500.97,90,05-03-2025,24-08-2026,01-09-2022
1265,Roads & Highways,Ministry of Road Transport & Highways,NHAI,618686,Outer Ring Road of Jabalpur Town from Kushner to Amjhar Road including Airport Connectivity Pkg-IV,613,509.82,363.91,80,05-03-2026,27-11-2026,26-08-2022
1266,Roads & Highways,Ministry of Road Transport & Highways,NHAI,618684,Outer Ring Road of Jabalpur Town from Manegaon to NH-45 Pkg-2,917,786.47,520.38,79,07-03-2026,31-03-2027,07-11-2022
1267,Roads & Highways,Ministry of Road Transport & Highways,NHAI,618685,Outer Ring Road of Jabalpur Town from NH45 to Kushner Pkg-3,911,773.23,552.62,80,04-03-2026,31-12-2026,20-09-2022
1268,Roads & Highways,Ministry of Road Transport & Highways,MoRTH,618172,Paithan - Shirur section 2LPS Km 0.0 to 55.00,342,0,208.25,82,02-06-2019,30-10-2026,01-03-2017
1269,Roads & Highways,Ministry of Road Transport & Highways,MoRTH,618177,Pal Phata Phulambri - Khultabad 2LPS,227,0,5.78,95,29-12-2019,31-12-2025,27-03-2018
1270,Roads & Highways,Ministry of Road Transport & Highways,NHAI,618851,Pandoh bypass 221.305 to Takoli 242.000 of NH-21 in the state of Himachal Pradesh,3420,4465.94,2883.58,96,23-09-2021,31-03-2027,13-06-2017
1271,Roads & Highways,Ministry of Road Transport & Highways,NHAI,618606,Paravoor-Kottankulangara,3274,3200.24,2858.55,71,23-02-2025,31-03-2027,22-12-2021
1272,Roads & Highways,Ministry of Road Transport & Highways,MoRTH,618094,Pen to Khopoli 2LPS,369,0,333.1,86,21-12-2019,31-12-2025,20-03-2018
1273,Roads & Highways,Ministry of Road Transport & Highways,NHAI,618571,Permanent rectification of 3 nos. of black spots in project Highway NH-27 of U.P border - Dewapur - Kotwa section from Km.360.915 to km.440.000 Total Length of 79.085 Km of NH-27& Permanent rectification of 5 nos. of black spots of project Highway NH-27 of Kotwa - Mehsi - Muzaffarpur Section from km.440.000 to km.520.000 Total length 80.00Km,227,321.23,233.7,83,11-12-2025,31-12-2026,12-04-2022
1274,Roads & Highways,Ministry of Road Transport & Highways,NHAI,618846,Poondiyankuppam Km.67.000 to Sattanathapuram Km.123.800,2566,2319.35,1210.2,100,19-01-2024,30-09-2026,01-03-2018
1275,Roads & Highways,Ministry of Road Transport & Highways,MoRTH,618074,Pre construction activity of NH 122B from km 0 to 72.348 and Improvement to two lane with paved shoulders of NH 122B from km 29.730 to km 72.348 in state of Bihar under EPC mode,624,0,154.25,96,07-08-2026,29-08-2026,09-02-2022
1276,Roads & Highways,Ministry of Road Transport & Highways,MoRTH,618126,"Pre-Construction activities from Km 134.000 to Km 190.233 of NH-333A and Construction of 4 no. of Bypasses at Katoria, Lakhpura, Banka & Panjwara total length-14.359 Km to two lane with paved shoulders standard in State of Bihar.",479,0,67.37,59,08-12-2026,31-03-2027,10-11-2022
1277,Roads & Highways,Ministry of Road Transport & Highways,NHAI,618845,Puducherry Km.29.000 to Poondiyankuppam Km.67.000,1588,1415.9,460.45,99,14-11-2023,30-09-2026,01-03-2018
1278,Roads & Highways,Ministry of Road Transport & Highways,MoRTH,618180,Pune raigarh District Border To Mangaon Ch 69000 to 103775 NH-753F,223,0,0,89,30-12-2019,30-07-2026,15-03-2018
1279,Roads & Highways,Ministry of Road Transport & Highways,NHIDCL,618428,Realignment of NH-717A from Design Ch.0.00 Km 77.800 of NH-10 to Design Ch.2.00 Km 3.100 of NH-717A with two lane paved shoulder including Major Bridge of 680 m in the State of Sikkim on EPC Mode-COS work,265,380.94,70.71,100,10-04-2023,21-05-2026,04-01-2021
1280,Roads & Highways,Ministry of Road Transport & Highways,NHAI,619221,Realignment of Rudrapur-Kathgodam Section of NH-87 New NH-109 From Design Chainage 000 Existing Chainage Km.54050 To Design Chainage 7875 Existing Chainage Km.61550 Due To Proposed Expansion Of Pantnagar Airport in the state of Uttarakhand.,253,0,0.14,0,15-09-2027,15-09-2027,13-08-2025
1281,Roads & Highways,Ministry of Road Transport & Highways,MoRTH,618025,Rehabiitation and upgradation from km 121/000 to 154/000 Nakrekal to Mallampally section of NH-365 to 2 lane with paved shoulders in the state of Telangana in the EPC mode,193,0,141.82,96,08-12-2019,30-09-2026,13-03-2018
1282,Roads & Highways,Ministry of Road Transport & Highways,MoRTH,618067,"Rehabilitation & Up-gradation from design Km. 0.000 to Km. 69.280 of NH-931 Pratapgarh - Amethi - Gauriganj -Musafirkhana to two lane with paved shoulder on Engineering, Procurement & Construction EpC mode in the State of Uttar Pradesh",1086,0,24.29,9,09-11-2027,09-11-2027,17-05-2023
1283,Roads & Highways,Ministry of Road Transport & Highways,MoRTH,618089,Rehabilitation & Up-gradation of Mudkhed to Nanded section from Km. 372000 to Km 388400 of NH 161A i.e. Nanded-Bhokar-Himayatnagar-Kinwat-Mahur-Arani Road Design chainage from Km 372000 Mudkhed to Km 387650 Nanded of NH 161A Length 15.65 Km to 2/4Lane with paved shoulders configuration in the State of Maharashtra on EPC mode.,207,0,74.51,65,02-04-2025,30-10-2026,24-03-2022
1284,Roads & Highways,Ministry of Road Transport & Highways,MoRTH,618035,Rehabilitation & Upgradation of existing intermediate lane to two Lane with paved shoulder from km. 0.600 Gulganj bypass on NH-34 to km. 43.00 Barna River length 42.400 km. on Gulganj-Amanganj-Pawai-Katni NH43 Extn. in the state of Madhya Pradesh on EPCmode.,275,0,0,60,19-05-2026,31-12-2026,09-03-2023
1285,Roads & Highways,Ministry of Road Transport & Highways,MoRTH,618218,Rehabilitation & upgradation of existing road to 2-lane with hard shoulder from Joshimath km 0.00 to Saraithota km 29.725 road on NH-107B under Bharatmala Pariyojna on EPC mode in the state of Uttarakhand,338,0,0,80,21-05-2025,31-03-2027,19-10-2022
1286,Roads & Highways,Ministry of Road Transport & Highways,NHIDCL,618450,Rehabilitation & Upgradation of existing road to 2-lane with paved shoulder including geometric improvement of section from start of Rabangla km33.600 to km58.840 under SARDP-NE Phase A Pkg- IV,293,0,253.63,65,01-05-2022,30-12-2026,09-07-2020
1287,Roads & Highways,Ministry of Road Transport & Highways,MoRTH,618154,"Rehabilitation & upgradation of Jamkhed to Sautada Section of NH548 D from km 195.375 to km 208.774, Length 13.399 Km to 2L PS /4L configuration with rigid pavement in the state of Maharashtra on EPC mode.",158,0,0,69,14-07-2024,30-06-2026,22-03-2022
1288,Roads & Highways,Ministry of Road Transport & Highways,MoRTH,618020,"Rehabilitation & Upgradation of KurwaiMungaoliChanderi Road section of NH-346, from Design Chainge 0.000 to 81.300 Km Total length 83.1 km to Two lane with paved shoulder configuration along with One time improvement in 07 nos of bypassed built-up areas in a total length of 22.615 km in the state of Madhya Pradesh on EPC mode.",386,0,164.84,68,03-02-2025,31-12-2026,23-03-2022
1289,Roads & Highways,Ministry of Road Transport & Highways,MoRTH,618239,"Rehabilitation & Upgradation of NH214 New NH-216 from Km 34/230 to Km 84/550 Losari to Machavaram Section to two lane with paved shoulder in the state of Andhrapradesh under NHDP-IV through Engineering, Procurement& Construction EPC mode.",445,459.37,512.79,99,07-09-2018,31-07-2025,17-03-2016
1290,Roads & Highways,Ministry of Road Transport & Highways,MoRTH,619265,Rehabilitation & Upgradation of Thorrur to Nehru Nagar section to Two Lane with Paved shoulders from Km 109/420 to Km 178/500 of NH 930P in the state of Telangana on EPC mode under Annual Plan 2022-2023,675,0,0,0,05-07-2028,05-07-2028,27-01-2025
1291,Roads & Highways,Ministry of Road Transport & Highways,MoRTH,618134,Rehabilitation /Upgradation from Lagam to Alapalli section Desing Km. 199/400 to km 227/400 Length 28.0 Km to 2 lane with Paved Shoulders/ 4 lane configuration section of NH-353 C Sakoli-Wadsa-Armori-Gadchiroli-Ashti-Alapalli Sironcha in Gadchiroli District on EPC mode in the state of Maharashtra.,459,0,132.28,81,08-09-2026,08-09-2026,14-02-2023
1292,Roads & Highways,Ministry of Road Transport & Highways,NHAI,618821,Rehabilitation and Up gradation from 4 to 8 laning of Chandikhole Paradip Section of NH-53 Old NH 5A from Km 18.00 to Km 39.00 in the State of Odisha on HAM mode Package-2,920,950.4,424.45,98,14-12-2025,30-11-2026,27-03-2023
1293,Roads & Highways,Ministry of Road Transport & Highways,NHAI,618822,Rehabilitation and Up gradation from 4 to 8 laning of Chandikhole Paradip Section of NH-53 Old NH 5A from Km.0.00 to Km.18.00Package-1,930,869.45,398.91,97,14-12-2025,31-01-2027,27-03-2023
1294,Roads & Highways,Ministry of Road Transport & Highways,NHAI,618820,Rehabilitation and Up gradation from 4 to 8 laning of Chandikhole Paradip Section of NH-53 Old NH 5A from Km.39.000 to Km.60.00 Package-3,862,938.55,395.96,92,14-12-2025,31-03-2027,27-03-2023
1295,Roads & Highways,Ministry of Road Transport & Highways,NHAI,619181,Rehabilitation and Up gradation from 4 to 8 laning of Chandikhole Paradip Section of NH-53 Old NH 5A from Km.60.000 to Km.76.646 Package-4,882,1009.92,196.67,36,31-10-2026,31-12-2027,27-03-2023
1296,Roads & Highways,Ministry of Road Transport & Highways,MoRTH,619008,Rehabilitation and Up gradation of Charthana Jintur Section of NH 752 I Km 25100 to 47100 to 2 Lane with Paved Shoulder configuration Flexible Pavement in the state of Maharashtra on EPC mode. Reg- Resubmission of Annual Plan Estimate.,158,0,0.01,51,26-07-2027,27-07-2026,27-03-2025
1297,Roads & Highways,Ministry of Road Transport & Highways,NHIDCL,618418,Rehabilitation and up gradation of Nongstoin-Rambrai-Kyrshai road up to Meghalaya-Assam border from Km 0.335 to km 34.039 to 2-Lane under NHO - NE in the State of Meghalaya Package-1,360,0,310.07,83,25-05-2024,31-12-2026,21-09-2021
1298,Roads & Highways,Ministry of Road Transport & Highways,NHIDCL,619185,Rehabilitation and up-gradation and completion of balance work of section from Km 155.00 to Km 181.00 End of Jarwa to Rangat of NH -4 Total length 26 Km to Intermediate Lane/2-lane with hard shoulders in the UT of A&N Islands on EPC basis - Package-III.B Balance work,184,333.12,163.63,50,05-10-2025,31-03-2027,27-02-2018
1299,Roads & Highways,Ministry of Road Transport & Highways,NHIDCL,619184,"Rehabilitation and up-gradation and completion of balance works of the section from Km 107.760 km to 129.445 km After Middle strait to Humphrey, Km 130.600 to 138.300 After Humphrey to Kadamtala of NH-4 Intermediate/2-Lane with hard shoulder in the Union Territory of Andaman & Nicobar Islands on EPC basis Package-IIIA",207,376.48,0,82,13-09-2025,31-12-2026,27-02-2018
1300,Roads & Highways,Ministry of Road Transport & Highways,MoRTH,618163,"Rehabilitation and Up-gradation from km. 0000 to km.40390 of NH-730S MaharajganjNichloulThuthibari to two lane with paved shoulders in the State of U.P. on Engineering, Procurement & Construction EPC Basis.",809,603.19,167.84,60,06-12-2025,31-12-2026,01-03-2023
1301,Roads & Highways,Ministry of Road Transport & Highways,MoRTH,618236,Rehabilitation and Up-gradation of Dhindi - Digamarru section from Km 126/510 to Km 135/740 of NH -214 New NH -216 and digamarru -Losari section from Km 0/000 tp Km 34/230 of NH-214 A New Nh-216 to two lane with paved shoulder in the state of AP-NH,316,288.76,222.43,100,11-05-2018,06-11-2023,25-02-2016
1302,Roads & Highways,Ministry of Road Transport & Highways,MoRTH,618037,Rehabilitation and Up-gradation of existin of road from 2-lane to 2-lane with paved shoulders from km. 0.00 to km 53.590 total length-53.590 km of Raychoti to Vempalli section of NH-440 in the State of Andhra Pradesh on EPC mode.,440,359.52,213.12,90,02-05-2024,30-09-2026,28-12-2021
1303,Roads & Highways,Ministry of Road Transport & Highways,NHAI,618888,Rehabilitation and Up-gradation of existing road to 2L PS from End of Hamirpur Bypass near Chilbahal to Bhangbar section from Km. 138.295 to Km.175.270 of NH-88 Pkg-IV,1146,1358.62,987.35,97,27-04-2025,31-12-2026,11-03-2022
1304,Roads & Highways,Ministry of Road Transport & Highways,MoRTH,618139,Rehabilitation and Up-gradation of Gangakhed Loha section of NH-361F from Km 169/00 to 210/00 to two lane with paved shoulder/ four lane configuration in the state of Maharashtra on EPC mode Length - 41.00 Km.,355,0,0,43,30-09-2026,30-09-2026,15-03-2024
1305,Roads & Highways,Ministry of Road Transport & Highways,MoRTH,618150,Rehabilitation and Up-gradation of i. Deogaon phata to Digras phata Ch. 0/000 to 15/000 & Selu to Borgavhan Ch 20/900 to 35/800 [Length 29.9km] ii. Injegaon Dhamoni to Pohner Phata Ch.58/200 to Ch. 83/700 [Length25.5 km] and iii. Pohner phata to Pathri Design Ch. 42/700 to 58/200 [Length 15.5 km] sections of NH-548B to Two lane with paved shoulder configuartion in the state of Maharashtra on EPC mode Total project length 70.9 Km.,762,0,0,15,08-05-2027,08-05-2027,15-03-2024
1306,Roads & Highways,Ministry of Road Transport & Highways,MoRTH,618137,Rehabilitation and Up-gradation of Jarud - Sirsala section of NH-361F km 59500 to km11500 to Two lane with paved shoulder/ Four Lane in the state of Maharashtra on EPC mode Length 55.5 Km.,540,0,158.38,68,08-05-2027,08-05-2027,15-03-2024
1307,Roads & Highways,Ministry of Road Transport & Highways,MoRTH,617991,"Rehabilitation and up-gradation of NH-167 from Km 14/900 to Km70/000 Design Ch. 14/900 to 69/700 Chintakunta to Adoni section to two lane with paved shoulders in the State of Andhra Pradesh under Corridor Approach through Engineering, Procurement",290,0,141.83,92,30-05-2019,31-12-2026,02-11-2016
1308,Roads & Highways,Ministry of Road Transport & Highways,MoRTH,617885,Rehabilitation and Up-gradation of Nongstoin Wahkaji section of Project Road Km 0000 to Km 43060 to Intermediate Lane with earthern shoulder under SARDP-NE Phase-A in the State of Meghalaya on EPC mode. Job No- SARDP-NE ong-Don-Maw/MG/2020-21/294,303,0,187.77,100,10-08-2023,31-08-2026,13-08-2020
1309,Roads & Highways,Ministry of Road Transport & Highways,NHIDCL,618385,Rehabilitation and up-gradation of road from design km 25.250 to km 36.460 Total lengh 11.210 km of Kailashahar-Kurti Bridge section on NH-208A to 2-lane with paved shoulder on EPC basis under NHO Package-III- Balance Work,174,0,67.1,53,02-03-2026,02-03-2026,26-02-2020
1310,Roads & Highways,Ministry of Road Transport & Highways,NHIDCL,618307,Rehabilitation and up-gradation of road from km 16.077 to km 43.935 total length 27.858 km of Lalchara-Kanchanpur section via Shivbari on NH-44A to 2 lane with paved shoulder in the state of Tripura on EPC Mode Pkg-2 under BharatMala Pariyojana Manu-Simlung -2,457,0,205.69,55,09-01-2025,26-01-2026,24-02-2022
1311,Roads & Highways,Ministry of Road Transport & Highways,MoRTH,618238,Rehabilitation and Up-gradation of Thimmapuram to Gurajanapalli section from Km 26/150 to Km 41/161 of NH - 214 New NH - 216 to two lane with paved shoulder in the state of Andhra Pradesh under NHDP-IV,351,432.91,233.93,98,09-07-2018,30-09-2026,10-08-2016
1312,Roads & Highways,Ministry of Road Transport & Highways,MoRTH,618186,"Rehabilitation and Up-gradation of Valigonda to Thorrur Section to Two Lane with Paved Shoulders from Km 39.180 to Km 108.300 of NH-930P in the State of Telangana on Engineering, Procurement and Construction EPC Basis",549,0,325.77,95,28-12-2024,30-09-2026,05-01-2022
1313,Roads & Highways,Ministry of Road Transport & Highways,MoRTH,618096,Rehabilitation and Up-gradation to 2 lane road with paved shoulders configuration for the balance work of 13 km length on Helwak-Patan-Karad section Km. 85000 to 133 417 of NH-166E in the state of Maharashtra on EPC mode.,181,0,60.25,87,14-04-2026,31-12-2026,08-02-2024
1314,Roads & Highways,Ministry of Road Transport & Highways,MoRTH,618188,Rehabilitation and Up-gradation to 2 lane with paved shoulder configuration of Mahud Sangola road NH 965 G 159400 to 161900and 162400 to 183960 Design Chainage from km. 32/300 to km. 34/800 and km. 35/800 to km. 56/860 Rigid Pavement on EPC mode in the State of Maharashtra.,254,0,98.95,100,22-05-2025,31-08-2026,16-02-2023
1315,Roads & Highways,Ministry of Road Transport & Highways,MoRTH,618225,Rehabilitation and up-gradation to 2 lane with paved shoulder from existing chainage km 134950 to km 166100 Design chainage km 116980 to km 146700 under 31 TF on Akhnoor-Poonch road NH-144A in the UT of Jammu & Kashmir under Project Sampark BRO on EPC mode Package-VI Job no NH-144A-J&K-2021-22-106,395,0,162,89,27-07-2024,31-12-2026,02-07-2021
1316,Roads & Highways,Ministry of Road Transport & Highways,MoRTH,618224,Rehabilitation and up-gradation to 2 lane with paved shoulder from existing chainage km 49150 to km 64535 Design chainage km 46.450 to km 55.800 including construction of Sungal Tunnel Total length of Tunnel 2.79 km under 13 TF on Akhnoor-Poonch road NH-144A under Project Sampark BRO in the UT of Jammu & Kashmir on EPC mode Package-II Job no NH-144A-J&K-2019-20-78,797,0,440.97,92,20-08-2024,31-08-2026,20-03-2020
1317,Roads & Highways,Ministry of Road Transport & Highways,MoRTH,618223,Rehabilitation and up-gradation to 2 lane with paved shoulder from existing chainage km 64535 to km 85385 Design chainage km 55800 to km 74350 under 13 TF on Akhnoor-Poonch road NH-144A under Project Sampark BRO in the UT of Jammu & Kashmir on EPC mode Package-III Job no NH-144A-J&K-2019-20-79,153,0,77.62,90,28-09-2023,31-12-2026,19-03-2020
1318,Roads & Highways,Ministry of Road Transport & Highways,MoRTH,618119,Rehabilitation and up-gradation to 2-lane configuration of Bageshwar to Kangarchina road from km 129.600 to Km 161.600 Existing Chainage 136.00 to Km 169.00 of NH-309Ain the State of Uttarakhand Package-IV under NHO Annual Plan 2021-22,472,0,0,67,26-02-2027,,31-03-2022
1319,Roads & Highways,Ministry of Road Transport & Highways,MoRTH,618263,"Rehabilitation and Up-gradation to 2LPS from Km. 0.000 to Km. 7.800 and Km. 35.400 to Km. 52.345 Design length 24.745 Km., except Bihar portion of NH-727B Tamkuhiraj to Bihar Border and Bihar Border to Majhauli on EPC mode in the State of Uttar Pradesh",701,0,156.4,81,31-07-2026,31-08-2026,24-03-2023
1320,Roads & Highways,Ministry of Road Transport & Highways,NHAI,618880,Rehabilitation and Up-gradation to 4L configuration & Strengthening of Thanpuri to Paror section from Km 85.135 to Km 100.840 of NH-154 Pkg-IIC,816,666.79,496.91,57,04-12-2025,30-04-2027,06-07-2022
1321,Roads & Highways,Ministry of Road Transport & Highways,MoRTH,618176,Rehabilitation and upgradation from ch km 50/200 to 56/800 and km 62/600 to 100/403 of Kolde to Visarwadi Near Junction with NH-6 section of NH 752G total length 44.40 to two-lane with paved shoulder / four lanes in the State of Maharashtra on EPC mode.,349,0,39.95,35,02-01-2028,,27-03-2025
1322,Roads & Highways,Ministry of Road Transport & Highways,MoRTH,618103,Rehabilitation and upgradation from Km 22300 to 58635 of MudireddyPalle to Kadapa/Nellore Border via porumamilla Section of NH 167 Two Lane with paved Shoulder in,279,0,168.7,90,12-04-2026,31-07-2026,22-03-2022
1323,Roads & Highways,Ministry of Road Transport & Highways,MoRTH,618124,Rehabilitation and upgradation from km 51.600 to km 75.700 of NH-321G Nuhkhas to Etah section to two lane with paved shoulder configuration under EPC mode in the State of Uttar Pradesh,344,0,88.97,73,28-08-2025,30-11-2026,08-01-2022
1324,Roads & Highways,Ministry of Road Transport & Highways,NHAI,619136,Rehabilitation and Upgradation of Chorma - Bairgania Section of National Highway No 227F to 2 lane with paved shoulders from Design Ch.0.000 to Ch. 34.566,611,628.65,337.4,100,31-01-2026,15-08-2026,30-06-2022
1325,Roads & Highways,Ministry of Road Transport & Highways,MoRTH,617974,Rehabilitation and upgradation of 2 lane with paved shoulder from existing km. 195.175 to km. 220.000 Design Chainage km71.300 to Km. 95.947 Excluding existing chainage Km 200.300 to Km 202.400 Design chainage Km 76.400 to Km 78.400 on Dharasu to Yamunotri Road of NH- 134 Old NH-94,345,0,0,54,02-04-2028,,16-05-2025
1326,Roads & Highways,Ministry of Road Transport & Highways,MoRTH,618210,Rehabilitation and upgradation of Askot-Lipulekh on EPC Basis for Phase-I Existing Km 72.00 to 107.620 Design Chainage Km 21330 to Km 56935 under Project Hirak of BRO in the state of Uttarakhand under Bharatmala Pariyojna Phase-I on EPC Mode Length-35.605 Km CA No EPC/MORT&H/HRK/01/2021-22,604,0,0,81,02-12-2023,31-07-2026,18-09-2020
1327,Roads & Highways,Ministry of Road Transport & Highways,MoRTH,617940,"Rehabilitation and Upgradation of LB-Nagar to Malkapur section to 6-Lane main carriageway with service roads, drains cum footpath, including VUPs and widening of Minor bridge & road safety provisions from Km. 15/00 to Km 40/00 of NH-65 Old NH-9 under NH O for the year 2020-21 in the state of Telangana on EPC Mode.",545,0,290.36,83,22-07-2024,31-12-2026,26-03-2021
1328,Roads & Highways,Ministry of Road Transport & Highways,MoRTH,618194,Rehabilitation and upgradation of New NH 544DD from design Chainage Km. 56/000 to 102/20 of Kalyandrg - Molakalmuru Section,294,285.29,312.4,99,07-02-2020,15-09-2025,20-03-2018
1329,Roads & Highways,Ministry of Road Transport & Highways,MoRTH,618125,Rehabilitation and upgradation of NH 326A from km 0/0 to 41/979 excluding km 2/255 to 3/372 and km 36/820 to 38/275 Odisha border to Narasamapeta to two lane with paved Shoulders in the State of Andhra Pradesh under NHO on EPC Mode,228,0,44.94,100,27-03-2020,07-10-2025,13-03-2018
1330,Roads & Highways,Ministry of Road Transport & Highways,MoRTH,617994,Rehabilitation and upgradation of NH-167 from design km 113.900 to 154.479 Mallepally Haliya section to two lane with paved shoulders on EPC mode in the stte of Telangana,294,257.61,249.23,88,28-11-2019,06-12-2025,26-02-2018
1331,Roads & Highways,Ministry of Road Transport & Highways,MoRTH,619193,Rehabilitation and upgradation of NH-221 from km 121/0 to 165/0 Rudrampur to Bhadrachalam section to two lane with paved shoulder under NHDPIV in the state of Telangana through EPC mode,295,334.82,375.14,83,24-02-2017,31-08-2026,27-01-2015
1332,Roads & Highways,Ministry of Road Transport & Highways,MoRTH,618213,Rehabilitation and Upgradation of road Rishikesh Dharasu Old NH-94 with 2-lane with paved shoulder from km 76.000 to km 110.000 Design Chainage from km 74.733 to km 107.347 32.614 km including construction of Kamand re-alignment from existing Chainage Km 105.200 to Km 108.600 design chainage Km 103.436 to Km 105.949 - total length 2513 mtrs and land slide treatment work between design chainage Km 73.800 to Km 74.00 200m on EPC mode under improvement to NH connectivity to Chardham in,274,0,0,96,05-01-2021,31-07-2026,20-03-2018
1333,Roads & Highways,Ministry of Road Transport & Highways,MoRTH,618187,"Rehabilitation and upgradation of Salon - Jais - Jagdishpur Road section of NH-931A, from design Chainage km 0.000 to km 5.740 to four lane divided carriageway and from design Chainage km 5.740 to km 53.500 to two lane with paved Total length km 53.500 along with One time improvement in 04 no's of realigned/bypassed built-up areas in a total length of 9.732 km in the state of Uttar Pradesh on EPC mode",947,0,26.64,9,26-10-2027,26-10-2027,16-05-2023
1334,Roads & Highways,Ministry of Road Transport & Highways,MoRTH,618214,Rehabilitation and upgradation to 2 lane / 2 lane with paved shoulder configuration for design chainage km 107.347 to km 129.208 & km 133.878 to km 138.570 existing chainage km 110.000 to km 133.020 & km 137.330 to km 142.028 and land slide treatment at existing km 138.500 Design chainage km 134.970 of NH -94 on EPC mode under improvement to NH connectivity to Chardham in the state of Uttarakhand.,346,0,0,100,09-07-2021,01-06-2024,20-03-2018
1335,Roads & Highways,Ministry of Road Transport & Highways,MoRTH,618221,Rehabilitation and upgradation to 2 lane with paved shoulder from existing chainage Km 166.100 to Km 192.98 design chainage Km 146.700 to Km 162.800 including construction of Bhimber Gali Tunnel Total Length of Tunnel 1.100 Km under 31 BRTF on Akhnoor-Poonch Roads on EPC mode NH-144A Package-VII,735,0,0,60,30-07-2026,31-07-2027,14-09-2021
1336,Roads & Highways,Ministry of Road Transport & Highways,MoRTH,618226,Rehabilitation and upgradation to 2 lane with paved shoulder from existing chainage Km 30.053 to Km 49.150 design chainage Km 30.000 to Km 46.450 including Kandi Tunnel under 31 BRTF on Akhnoor-Poonch Road NH-144A Under Project Sampark in the UT of Jammu & Kashmir EPC modePackage-I Job no NH-144A-J&K-2020-21-83.,272,0,160.08,95,28-11-2024,31-12-2026,08-07-2020
1337,Roads & Highways,Ministry of Road Transport & Highways,MoRTH,618231,Rehabilitation and Upgradation to 2-lane configuration of Hamirpur-Karnohal Section km 141.00 to 181.00 of NH-70 in the State of Himachal Pradesh under Green National Highways Corridor Project GNHCP with the loan assistance of World Bank on EPC mode.Package-1,372,0,198.34,94,20-12-2024,30-09-2026,11-08-2020
1338,Roads & Highways,Ministry of Road Transport & Highways,MoRTH,618230,Rehabilitation and Upgradation to 2-lane configuration of Kalwahn-Mandi Section km 208.950 to 250.592 of NH-70 in the State of Himachal Pradesh under Green National Highways Corridor Project GNHCP with the loan assistance of World Bank on EPC mode.Package-3,314,0,0,71,12-04-2025,31-12-2026,14-08-2020
1339,Roads & Highways,Ministry of Road Transport & Highways,MoRTH,618232,Rehabilitation and Upgradation to 2-lane configuration of Karnohal- Kalwahn Section km 181.00 to 208.950 of NH-70 in the State of Himachal Pradesh under Green National Highways Corridor Project GNHCP with the loan assistance of World Bank on EPC mode.Package-2,252,190.02,77.84,58,14-05-2026,31-12-2026,19-08-2020
1340,Roads & Highways,Ministry of Road Transport & Highways,MoRTH,618266,Rehabilitation and upgradation to 2-lane with paved sholuders configuration of Bewar- Allahaganj- section of NH-730C Km.0.000 to Km 52.770 pakage-I in state of Uttar Pradesh undergreen national Highway Corridor Project GNHCP with the loan assistance of world Bank on EPC mode.,325,340.16,0,99,23-11-2024,30-09-2026,18-04-2020
1341,Roads & Highways,Ministry of Road Transport & Highways,MoRTH,618240,Rehabilitation and upgradation to 2-lane with paved sholuders configuration of Bewar-naer Karri village section Km0.00 to Km30.00 Pakage-I of NH-92 in state of Uttar Pradesh undergreen national Highway Corridor Project GNHCP with the loan assistance of world Bank on EPC mode.,236,0,0,100,15-03-2024,31-08-2026,18-04-2020
1342,Roads & Highways,Ministry of Road Transport & Highways,MoRTH,618265,Rehabilitation and upgradation to 2-lane with paved sholuders configuration of Miranpur Katra to radhaita section of NH-730CKm.114.000 to Km 137.250pakage-III in state of Uttar Pradesh undergreen national Highway Corridor ProjectGNHCP with the loan assistance of world Bank on EPC mode.,172,169.56,0.13,92,27-07-2024,31-12-2026,18-04-2020
1343,Roads & Highways,Ministry of Road Transport & Highways,MoRTH,618256,"Rehabilitation and Upgradation to 2-lane with paved should ders Sir, configuration of Chaprathipalem to Lambasingi section Km 165500 to Km 205000 of NH-516E in the State of Andhra Pradesh under Green National Highways Corridor Project GNHCP with the loan assistance of World Bank on EPC mode",311,0,211.05,93,10-10-2024,31-07-2026,10-08-2020
1344,Roads & Highways,Ministry of Road Transport & Highways,MoRTH,618257,Rehabilitation and Upgradation to 2-lane with paved shoulders configuration of Koyyuru to Chaprathipalem section Km 120000 to Km 165500 of NH-516E in the State of Andhra Pradesh under Green National Highways Corridor Project GNHCP with the loan assistance of World Bank on EPC mode,349,0,264.86,98,07-07-2024,31-07-2026,11-08-2020
1345,Roads & Highways,Ministry of Road Transport & Highways,NHAI,618879,Rehabilitation and Upgradation to 2L PS configuration & Strengthening of Padhar to Bijni section from Km 180.000 to Km 202.815 of NH-154 Pkg-VA,931,930.86,666.12,100,03-11-2026,03-11-2026,09-06-2022
1346,Roads & Highways,Ministry of Road Transport & Highways,NHAI,618878,Rehabilitation and Upgradation to 4L configuration & Strengthening of Sihuni to Rajol from Km 51.000 to Km 72.000 of NH-154 Package-IIA,697,776.59,496.48,99,26-09-2025,30-09-2026,17-03-2022
1347,Roads & Highways,Ministry of Road Transport & Highways,MoRTH,617963,Rehabilitation and upgradation to four lane road from km 70.500 to km 78.600 of NH-92 under EPC mode in the State of Uttar Pradesh,296,351.78,75.38,39,07-01-2027,07-01-2027,06-01-2022
1348,Roads & Highways,Ministry of Road Transport & Highways,MoRTH,617938,Rehabilitation And Upgradation to four lane with paved shoulder configuration from km 24350 to km 61875 Jawale - Borgaon Kale of NH-63 in the State of Maharashtra on EPC mode under Annual Plan 2024-25 Total length - 37.525 Km.,574,0,7.54,20,19-03-2027,21-03-2027,20-12-2024
1349,Roads & Highways,Ministry of Road Transport & Highways,MoRTH,618174,Rehabilitation and Upgradation to two lane with paved shoulder configuration of NH-752G from Sakri to Pimpalner Section Design Ch km 0000 to Ch km 21411 in the state of Maharashtra on EPC Mode. Length 21.411 km.,227,0,0,100,20-10-2026,21-10-2026,11-03-2024
1350,Roads & Highways,Ministry of Road Transport & Highways,MoRTH,618040,Rehabilitation and Upgradation to Two lanes with Paved Shoulders configuration and Strengthening from Km 175.00 to Km 196.00 Gumkhal to Satpuli of NH-119 New NH-534 in the State of Uttarakhand under NHO Annual Plan 2021-22 under EPC mode,453,0,0,42,07-01-2027,,31-03-2022
1351,Roads & Highways,Ministry of Road Transport & Highways,MoRTH,617911,Rehabilitation and upgradation Umaria to Shahdol section of NH-78 from Existing Km. 68/4 to Km. 142/2 to 2LPS including construction of Birshinghpur and Shahdol Bypass on EPC mode under NHDP-IVA,512,613.16,0,94,31-07-2017,31-08-2026,02-03-2015
1352,Roads & Highways,Ministry of Road Transport & Highways,MoRTH,617966,Rehabilitation and Upgrading to 2 lanes/2-lane with paved shoulders configuration and strengthening of of Birpur and Bihpur Section from km 0.0 to Km 106 of NH 106 under phase I of National Highways Interconnectivity Improvement Projects NHIIP ICB No. NHIIP-BR-106-7 [NHIIP-BR-106-7],781,961.33,0.04,100,02-10-2019,31-10-2026,02-01-2014
1353,Roads & Highways,Ministry of Road Transport & Highways,MoRTH,618041,Rehabilitation and upgrading to two lanes with paved shoulders and Strengthening of Kotdwar-Pauri-Srinagar road section from Km 232.00 to 274.470 on NH-119 New 534 Paidul to Srinagar in the State of Uttarakhand on EPC Mode under NHO Annual Plan 2021-22.,299,0,0,2,29-12-2027,,10-02-2022
1354,Roads & Highways,Ministry of Road Transport & Highways,MoRTH,617979,"Rehabilitation, upgradation & widening of existing highway to 2L/4LPS Rigid Pavement of NH 160 section- Phaltan to Mhaisal near Karnataka Border including Tasgaon Bypass, from existing chainage Km 301/430 to Km 458/415 in the State of Maharashtra. Package-I starting from existing chainage Km 301/430 at Phaltan Village Junction of Phaltan Baramati Road Design Chainage -301/430km & ending at existing chainage Km 341/300 Dahiwadi Village Bus Stop Design chainage Km 340466km in the S",534,0,0,74,29-05-2027,21-11-2026,15-03-2024
1355,Roads & Highways,Ministry of Road Transport & Highways,MoRTH,617978,"Rehabilitation, upgradation & widening of existing highway to 2L/4LPS Rigid Pavement of NH 160 section- Phaltan to Mhaishal near Karnataka Border including Tasgaon Bypass, from existing chainage Km 301/430 to Km 458/415 in the State of Maharashtra- Package-II & Package III combined- starting from existing chainage Km 341/300 to Km 394/130 and design chainage Km 340/250 at Dahiwadi Village to Km 392/950 ending at Vita Village in the State of Maharashtra on EPC Mode.",632,0,213.18,85,27-05-2027,28-05-2027,14-03-2024
1356,Roads & Highways,Ministry of Road Transport & Highways,MoRTH,618199,"Rehabilitation, Upgradation & Widening of existing Highway to Rigid Pavement 2 Lane with Paved Shoulder of NH 965DD from Lonand Shirval-Bhor Mandangad-Pchral Section ShindewadiPhata to Varandah Ghat Dist Border from Km 33/550 to 92/550 in the state of Maharashtra on EPC mode.",723,0,168.06,54,31-07-2026,30-10-2026,20-02-2023
1357,Roads & Highways,Ministry of Road Transport & Highways,MoRTH,618042,"Rehabilitation/ Upgradation of existing Highway to four lane standards in Kurkheda town from km.413257 to km 410775, Two lane in Shankarpur Gurnuli km 42400 to km 43100 section and Reconstruction of Major Bridge at Ch. 448558 Bhuti Nallah and Ch. 411695 Sati River bridge, Minor Bridge at Ch. 411477 and Ch. 405800 Lendhari Bridge of NH 543 Bhamhapuri-wadsa-kurkheda-korchi-Deori-Amgaon road on EPC mode in the State of Maharashtra",164,0,49.03,50,01-05-2025,31-12-2026,25-03-2022
1358,Roads & Highways,Ministry of Road Transport & Highways,MoRTH,618065,"Rehabilitation/Upgradation of existing Highway to 2LPS/4 lane of Dhawali to Rajoli from Design Km.149476 to 163476 existing Km.150000 to 164000, Pandhasala to Mohadongri from design Km.170476 to 181476 existing Km.171000 to 182000, Ambeshivni Fata to Bodli from design Km.183476 to 185476 existing Km.184000 to 186000 and Made Tukum to Gadchiroli from design Km.188476 to 189476 existing Km.188000 to 18900 having length 28 km of NH-930 of Dhawali to Gadchroli road in the",316,0,49.78,37,04-09-2025,31-03-2027,25-03-2022
1359,Roads & Highways,Ministry of Road Transport & Highways,NHAI,618700,Renigunta - Poyya - Naidupeta km 124.60 to km 183.4 of NH 71,1863,2510.14,1677.19,99,31-01-2024,15-09-2026,18-03-2020
1360,Roads & Highways,Ministry of Road Transport & Highways,NHAI,618886,Road Safety Improvement of Critical Junctions on MuzaffarnagarHaridwar Section of NH-334 from Km 143000 to Km 196000,239,0.1,42.08,23,03-10-2027,03-10-2027,11-04-2025
1361,Roads & Highways,Ministry of Road Transport & Highways,NHAI,619294,Road Safety Improvement of existing four lane section of Dehradun-Lal Tappar-Nepali Farm Section of NH-7 and Nepali Farm-Motichur NH-34 on EPC Mode in Uttarakhand under NHO.,721,388.19,10.86,5,14-08-2028,14-08-2028,30-05-2025
1362,Roads & Highways,Ministry of Road Transport & Highways,NHIDCL,618434,Roing-Hunli Road Greenfield Alignment Project,1719,0,1123.4,82,04-03-2022,31-10-2026,15-02-2017
1363,Roads & Highways,Ministry of Road Transport & Highways,NHAI,618615,Sanchore - Santalpur from km 99.000 - km 130.073 of NH-754K AJ-RGBS-Package-4,778,835.55,767.83,100,09-03-2023,15-08-2026,18-02-2020
1364,Roads & Highways,Ministry of Road Transport & Highways,MoRTH,617988,Sangameswaram - Atmakuru section from Km 96 to Km 124 & Velegodu- Nandyal section including Nandyal Bypass from Km 143/6 to 185/9 NH-167K,776,644.14,0,42,30-07-2027,30-07-2027,15-10-2024
1365,Roads & Highways,Ministry of Road Transport & Highways,NHAI,618611,Sangariya near Chautala-Rasisar near Bikaner section of NH-754K Phase-I AJ/SR-Package-7,521,548.42,450.59,100,29-06-2023,31-08-2026,04-02-2019
1366,Roads & Highways,Ministry of Road Transport & Highways,NHAI,619069,Satara Km 725.000 to Pune Km 865.350 of NH - 4 New NH - 48 in Maharashtra,362,425.51,387.04,99,04-05-2022,31-12-2026,22-09-2009
1367,Roads & Highways,Ministry of Road Transport & Highways,MoRTH,618153,Satara to Mhaswad,653,0,7.34,98,01-08-2019,30-08-2026,25-01-2017
1368,Roads & Highways,Ministry of Road Transport & Highways,NHAI,618847,Sattanathapuram to Nagapattinam from Km 123.800 to Km 179.555,2900,2899.77,1595.37,86,04-10-2022,31-12-2026,01-03-2018
1369,Roads & Highways,Ministry of Road Transport & Highways,MoRTH,618173,Shirur-Kharda section from 55937 km to 114486 km to 2LPS/4L,382,0,0,84,16-06-2019,30-08-2026,17-02-2017
1370,Roads & Highways,Ministry of Road Transport & Highways,NHAI,618840,Simaria Km. 206.050 to Khagaria Km. 266.282,664,891.64,814.22,98,03-04-2019,31-10-2026,01-12-2015
1371,Roads & Highways,Ministry of Road Transport & Highways,NHAI,619078,Six Laning of Bihar - Jharkhand Border Chordaha - Gorhar section of NH-2 from km 249.525 to km 320.810,1773,1689.17,1275.76,78,26-11-2021,31-12-2026,26-12-2017
1372,Roads & Highways,Ministry of Road Transport & Highways,NHAI,619205,Six Laning of KT/KL Border Thalapaddy -Chengala from Km. 17.200 to Km. 57.20,1981,2681.48,1701.33,100,15-05-2024,31-08-2026,19-05-2020
1373,Roads & Highways,Ministry of Road Transport & Highways,NHAI,618530,Six Laning of Varanasi to Aurangabad from km. 786.00 to km. 978.40 of Old NH-2,3242,3241.56,2860.22,100,10-03-2014,31-08-2026,10-02-2009
1374,Roads & Highways,Ministry of Road Transport & Highways,NHAI,619076,Six Laning of Vijayawada Bypass from Chinna Avutapalli to Gollapudi in Vijayawada - Gundugolanu Section from km. 0.00 to km. 30.00 Pkg-III,1581,1883.71,1024.51,98,17-02-2023,30-09-2026,20-01-2020
1375,Roads & Highways,Ministry of Road Transport & Highways,NHAI,618966,Six laning with both sides Service Road of Ayodhya Bypass from Design Km 0000 near Ashram Tiraha on NH-46 to Km 16439 end at Ratnagiri Tiraha on Nh-146,1123,1103.22,173.6,22,11-08-2027,11-08-2027,28-02-2024
1376,Roads & Highways,Ministry of Road Transport & Highways,NHIDCL,619187,"Slope protection and landslide mitigation at 4 vulnerable locations km 1.950 to Km 2.100, km 11.100 to 11.450, km 22.435 to km 22.485 and km 22.610 to km 22.680 within Sevoke-Rangpo section of NH-10 old NH-31A in Darjeeling & Kalimpong district in the State of West Bengal on EPC mode",152,0,21.2,34,26-06-2027,26-06-2027,05-02-2024
1377,Roads & Highways,Ministry of Road Transport & Highways,NHAI,619003,Solan - Kaithlighat Section of NH-22 Now NH-5 from Km. 106.139 to Km.129.05,882,1519.53,1347.79,90,06-05-2021,16-11-2026,28-03-2018
1378,Roads & Highways,Ministry of Road Transport & Highways,MoRTH,618212,"STABILIZATION OF LAND SLIDE AND SLOPE PROTECTION AT KM 11.00 TO KM 11.08, 29,730 KM TO 30,060 KM, 30,400 KM TO 31,060 KM, 34,750 KM TO 35,300 KM, 38,950 KM TO 39,030 KM & 39,460 KM TO 39,540 KM TWO LOC CLUBBED, KM 40,400 TO KM 40,650, KM 43,500 KM 43,680, 52,460 RISHIKESH - DHARASU ROAD NH-94 ON EPC MODE IN THE STATE OF UTTARAKHAND. NOSE OF LAND SLIDE - 12 NOS",197,0,0,22,18-04-2027,,31-01-2024
1379,Roads & Highways,Ministry of Road Transport & Highways,NHAI,619207,Start of Kollam Bypass - Kadambattukonam,2641,3309.06,1990.71,82,29-03-2025,30-06-2027,08-06-2021
1380,Roads & Highways,Ministry of Road Transport & Highways,MoRTH,618133,Strengthening and Widening of road Sakoli- Wadsa-Armori-Gadchiroli-Ashti- Allapalli -Sironcha National highway NH 353C in Km 262/00 to 321/00 including 16 minor Bridges and 2 Major Bridge Total length 59 Km section from repanpalli to sironcha in Gadchiroli Dist in the State of Maharashtra.,281,0,144.61,67,31-05-2024,31-03-2027,31-03-2021
1381,Roads & Highways,Ministry of Road Transport & Highways,NHAI,618628,Strengthening of Existing Alignment of Pandharpur Town Part Bypassed Section of NH 965 from KM 36.230 to KM 44.230 from Chh. Shivaji Maharaj Chowk to Wakhari,150,87.59,76.45,69,31-10-2025,31-03-2027,12-08-2022
1382,Roads & Highways,Ministry of Road Transport & Highways,MoRTH,618061,"Strengthening, Widening & Up-gradation of newly declared NH-761 from NH-61Junction-BelheAlkutiDevibhoyareNighojShirur, from Design chainage Km 0.000 to Km 37.970 from Single/Intermediate/2L to 2LPS in the State of Maharashtra on EPC Mode Length 37.970 Km",386,0,57.23,62,27-09-2026,27-09-2026,15-03-2024
1383,Roads & Highways,Ministry of Road Transport & Highways,NHAI,618796,Tanot -Ramgarh-Bhadasar-Jaisalmer NH-68 and BhadasarMokal-Sarkaritala up to Pakisthan Border NH-968 Pkg-BM/5,829,830.37,755.88,100,21-04-2021,30-08-2026,23-02-2018
1384,Roads & Highways,Ministry of Road Transport & Highways,NHAI,619097,Thalassery Mahe Bypass Km 170.600 to Km 189.200 of NH-17New NH-66 in Kerala,1181,1573.18,1534.73,100,31-05-2020,31-08-2026,09-09-2017
1385,Roads & Highways,Ministry of Road Transport & Highways,NHAI,619165,Thanamcherla-Jamandlapally 2LPS,177,18.65,8.3,100,07-02-2023,31-12-2026,19-11-2013
1386,Roads & Highways,Ministry of Road Transport & Highways,NHAI,619094,Thorapalli - Agraharam - Jittandahalli Section from km 23.350 to km 60.100 [Hosur to Dhamrapuri Pkg-2],1244,1272.11,827.88,78,06-12-2023,31-12-2026,14-02-2019
1387,Roads & Highways,Ministry of Road Transport & Highways,NHAI,618605,Thuravoor Thekku-Paravoor,2879,2638.67,2514.83,81,12-09-2024,31-05-2027,06-09-2021
1388,Roads & Highways,Ministry of Road Transport & Highways,MoRTH,617889,Treatment of landslide zone from location no. 01 to 28 km 62.860 to 152.750 on NH-12509 in the State of Uttarakhand under EPC mode in NHO Annual Plan 2022-23,192,0,0,98,20-06-2024,31-07-2026,02-11-2022
1389,Roads & Highways,Ministry of Road Transport & Highways,NHAI,619071,Tumkur - Nelamangala 6L,2032,1664.2,1086.24,61,25-08-2025,31-03-2027,04-03-2021
1390,Roads & Highways,Ministry of Road Transport & Highways,NHAI,619220,Tumkur-Shimoga Pkg-III from Km 121.900 Banawara to Km 170.415 Bettadahalli of Old NH-206,1444,1834.81,872.97,98,14-03-2023,31-12-2026,27-02-2018
1391,Roads & Highways,Ministry of Road Transport & Highways,NHAI,618512,Tunnel at Khambataki Ghat Section and its approaches from existing Km. 771.730 to existing Km. 782.000,907,816.12,686.79,89,27-02-2022,31-10-2026,07-11-2017
1392,Roads & Highways,Ministry of Road Transport & Highways,MoRTH,618255,Two laning with paved shoulders of Lambasingi to Paderusection of NH 516E,361,358.05,145.94,57,02-11-2025,31-03-2027,17-04-2020
1393,Roads & Highways,Ministry of Road Transport & Highways,MoRTH,617937,Udgir Raavi Degloor Aadampur phata to Sagroli fata,810,0,0.93,12,12-04-2028,,29-11-2024
1394,Roads & Highways,Ministry of Road Transport & Highways,NHAI,618954,Umagaon - Saharsa Package - I Combined Umagaon-Kaluahi0.000KM to 21.609Km of NH227LSaharghat-Rahika0.000 Km to 26.130KM of NH227JRahika-Rampatti 0.00 KM to 15.00KM of NH527ABideshwarsthan-Bheja0.000KM to 25.915KM of NH527A.,1473,1703.02,644.37,24,01-07-2027,01-07-2027,20-08-2022
1395,Roads & Highways,Ministry of Road Transport & Highways,NHAI,618953,Umagaon-Saharsa Package-IV Koshi Bridge & approach Road - Bheja-Bakaur,1200,1223.94,1312.28,92,11-08-2023,31-03-2027,01-02-2019
1396,Roads & Highways,Ministry of Road Transport & Highways,NHAI,619166,Umagaon-Saharsa Package-V Bakaur-Parsarma-Bangaon-Bariyahi & Spur to Mahishi,768,968.42,509.32,100,14-12-2025,30-08-2026,07-10-2022
1397,Roads & Highways,Ministry of Road Transport & Highways,MoRTH,618108,Up-gradation and strengthening to 2lanePS from Km 95/500 to km 129/775 of Nh 168G Idar-Bhiloda-Samlaji in the state of Gujarat Length 34.275 km,237,0,41.55,64,06-12-2025,06-12-2026,30-09-2022
1398,Roads & Highways,Ministry of Road Transport & Highways,MoRTH,617906,Up-gradation of Dhoraji-Jamkandorna-Kalavad Section of NH-927D from Design Chainage km 0/00 to km 58/115 to Two lane with PS configuration in the State of Gujarat on EPC,247,291.19,0,35,24-01-2027,24-01-2027,14-10-2022
1399,Roads & Highways,Ministry of Road Transport & Highways,MoRTH,618021,Up-gradation of Pichhore- Dinara section of NH-346 from Km 292.750 to 334.550 to two lane with paved shoulders in the state of Madhya Pradesh on EPC mode,426,0,0,37,02-06-2027,02-06-2027,01-02-2024
1400,Roads & Highways,Ministry of Road Transport & Highways,MoRTH,618092,Up-gradation to 2 lane with paved shoulder from Neechli Oden Nathdwara at Design Km 88.800 existing km 55.95 to Bhatewar at Design Km 142.028 existing km 0.00 of NH-162E in the State of Rajasthan on EPC mode.,607,0,304.62,64,04-10-2026,03-10-2026,27-02-2023
1401,Roads & Highways,Ministry of Road Transport & Highways,NHIDCL,619010,Up-gradation to 2 lane with paved shoutders of Pawlrang - Rulchawm section- of NH-102B of Aizawl - Imphal Economic Corridor from Existing Chainage km 72.030 to km 104.129 including 2.459 km re-alignment section from Tuivai River to Rulchawm connecting km 48.150 of NH-6 [Design Chainage km 68.170 to km 98.579] in the State of Mizoram under Bharatmala Pariyojna on EPC mode under NHO-NE Package-3 Keifang- Tuivai Pkg-3,501,0,443.61,100,08-05-2025,20-07-2026,13-12-2021
1402,Roads & Highways,Ministry of Road Transport & Highways,NHIDCL,618394,Up-gradation to 2-lane with Paved Shoulder from Km 12.850 to Km20.300 of 7.450Km length on Goha-Khellani section and a link road to Goha village of 2.016 km on NH-244 in UT of Jammu and Kashmir on EPC Mode Pkg-1,228,225.37,182.21,94,01-04-2022,31-10-2026,14-07-2020
1403,Roads & Highways,Ministry of Road Transport & Highways,NHIDCL,618398,Up-gradation to 2-lane with Paved Shoulder from Km 20.300 to Km 29.030 of 8.730 Km length on Goha-Khellani section on NH-244 in UT of Jammu and Kashmir on EPC Mode Package II,211,0,190.27,97,01-04-2022,30-06-2026,14-07-2020
1404,Roads & Highways,Ministry of Road Transport & Highways,MoRTH,618049,Up-gradation to 2/4 lane with paved shoulder configuration of NH-652 from Tuljapur Naldurg-Akkalkot road Chainage from Km. 00.000 to km 30.982 in the State of Maharashtra on EPC mode.,183,0,64.95,98,08-07-2026,30-08-2026,14-03-2024
1405,Roads & Highways,Ministry of Road Transport & Highways,NHIDCL,618406,Up-gradation to 4-lane with Paved Shoulder of Jammu-Akhnoor road section of NH-144A from Ganesh Vihar Km 6.000 to Khati Chowk Km 26.350 in UT of Jammu and Kashmir on EPC basis Pkg-3A,322,0,398.19,92,11-07-2021,30-11-2026,14-03-2018
1406,Roads & Highways,Ministry of Road Transport & Highways,NHAI,618766,Up-gradation to Four Lane with Paved Shoulder configuration of the highway starting from existing km 88.400 Savali Vihir to km 163.400 start of Ahmednagar bypass Design Length 75.000 km section of NH-160 in the State of Maharashtra under Bharatmala Pariyojana on EPC Mode,862,617.93,298.45,49,29-04-2027,29-04-2027,28-10-2024
1407,Roads & Highways,Ministry of Road Transport & Highways,MoRTH,618024,Up-gradation to two lane with paved shoulder configuration of NH-354 Section Arifkes-Ferozepur-Muktsar-Malaut from Km 201.500 to Km 212.500 & Km 229.690 to Km 269.960 and strengthening of existing pavement from Km 212.500 to Km 229.690 excluding Km 218.500 to 223.690 of NH-354 on EPC Mode in the State of Punjab. Job No. NH-354-PB-2020-21-532,263,0,0,83,15-04-2025,30-09-2026,12-03-2021
1408,Roads & Highways,Ministry of Road Transport & Highways,MoRTH,617971,Up-gradation to Two/Four lane with paved shoulder Configuration of Kondagaon- Narayanpur from design ch. 0.00 - 48.693 Design Length 47.493 Km. 1.20 Km. retained on NH-130D under EPC mode in the State Chhattisgarh.,322,0,1.14,70,16-03-2027,16-03-2027,29-12-2022
1409,Roads & Highways,Ministry of Road Transport & Highways,MoRTH,618022,Upgradation to two lane with paved Shoulder Configuaration from Km. 0/00 to 47/000 of NH 351 Mahuva to Badhada section in the State of Gujarat,173,219.08,22.63,77,22-08-2025,31-12-2026,06-12-2022
1410,Roads & Highways,Ministry of Road Transport & Highways,NHAI,618511,Upgradation & rehabilitation of Service Roads on both sides in urban areas of Pune City on PuneSatara section of NH48,605,388.78,66.39,24,16-06-2027,16-06-2027,12-01-2025
1411,Roads & Highways,Ministry of Road Transport & Highways,MoRTH,618019,Upgradation & widening of Jharkheda- Berasia - Dholkhedi from design km 0000 to km 87900 Design length 87.90km of NH-346 including 3 nos. bypasses of 13.10 Km in the State of Madhya Pradesh under EPC mode.,365,0,200.67,91,19-05-2025,30-09-2026,15-03-2022
1412,Roads & Highways,Ministry of Road Transport & Highways,NHAI,619155,Upgradation and 4L of Haridwar Bypass from Km 0.000 Km 188.100 of NH-58 to Km. 15.100 Km 5.100 of NH 74 PKg-1,1603,1423.89,770.27,80,29-10-2024,30-11-2026,22-11-2021
1413,Roads & Highways,Ministry of Road Transport & Highways,MoRTH,618043,Upgradation and reconstruction of Dindori - Mandla Section of NH 543 from Km 77100 Design to Km 170580 Design Total length 93.48km to Two lane with paved shoulder configuration along with One time improvement in 04 nos of bypassed built-up areas in a total length of 7.23 km in the state of Madhya Pradesh on EPC mode,492,523.71,0,88,28-07-2026,30-09-2026,28-03-2022
1414,Roads & Highways,Ministry of Road Transport & Highways,MoRTH,618036,Upgradation and reconstruction of existing intermediate lane to two Lane with paved shoulder configuration from km. 43.00 Barna River to km. 77.00 ken river length 34.00 km. on Gulganj-Amanganj-Pawai-Katni NH43 Extn. along with One time improvement in 01 no. of bypassed built-up area in a total length of 1.585 km in the state of Madhya Pradesh on EPCmode.,316,0,0,43,25-11-2026,31-03-2027,24-03-2023
1415,Roads & Highways,Ministry of Road Transport & Highways,MoRTH,617914,Upgradation and reconstruction of Shahpura-Dindori Section of NH 45 from Km 103.700 Design to Km 164.580 Design including 3 bypasses Total length 60.88km to Two lane with paved shoulder configuration along with One time improvement in 03 nos of bypassed built-up areas in a total length of 12.341 km in the State of Madhya Pradesh on EPC mode,241,250.09,50.78,41,11-12-2025,30-06-2027,14-03-2022
1416,Roads & Highways,Ministry of Road Transport & Highways,NHAI,618967,Upgradation and Strengthening of Chenani to Nashri Section via Patnitop of NH244 from Km 0.000 to Km 39.100,295,295.06,176.25,65,05-08-2026,31-03-2027,06-03-2024
1417,Roads & Highways,Ministry of Road Transport & Highways,NHAI,618754,Upgradation of 2L/4L with Paved Shoulder of Shirwal-Lonand Section from KM 159900 To KM 188025 of NH-965DD Section I and 2L With Paved Shoulder of Lonand-Satara Section from KM 51500 To KM 96246 Of NH-965D Section II in Satara District in the State of Maharashtra on EPC Mode under NHO-,538,307.24,160.77,44,20-06-2027,20-06-2027,06-03-2025
1418,Roads & Highways,Ministry of Road Transport & Highways,NHAI,619270,"Upgradation of 6 laned Jaipur- Kishangarh section of NH-48 from km 274100 to 363885 involving construction of flyovers and Service road in Rajasthan On Engineering, Procurement & Construction EPC Mode",911,0,0,0,08-01-2029,01-08-2028,13-03-2026
1419,Roads & Highways,Ministry of Road Transport & Highways,MoRTH,618016,"Upgradation of Ambikapur Ramanujganj - Garhwa Road NH 343 of Package-I, Rajpuri Khurd Village to Padih Village section from existing km 7.830 to km 57.650 Design Ch. 13.700 to Ch. 62.700 of total length 49.00 km to two lane with paved shoulders under EPC mode in the state of Chhattisgarh",397,0,76.67,28,26-05-2027,26-05-2027,24-03-2022
1420,Roads & Highways,Ministry of Road Transport & Highways,MoRTH,618014,"Upgradation of Ambikapur-Ramanujganj-Garwa road of NH-343, Package-III, Badki mahri village to Ramanujganj section from existing km 80.600 to km 110.330 Design Ch. 85.370 to Ch. 114.800 of total length 29.430 km to two lane with paved shoulders udner corridor scheme under EPC Mode in the of Chhattisgarh",199,0,53,39,31-10-2026,31-10-2026,24-03-2022
1421,Roads & Highways,Ministry of Road Transport & Highways,MoRTH,618018,Upgradation of Bilaspur-Takhatpur-Mungeli-Pandariya-Pondi Road on N.H.-130A Package IIIA Takhatpur By-pass from existing Ch. 26.542 to 32.093 [Design Ch. 18.700 to 25.900] & Mungeli By-pass from existing Ch. 45.786 to 56.275 [Design Ch. 29.600 to 51.600] and Package IIIB Pandariya By-Pass from existing Ch. 82.582 to 87.133 [Design Ch. 77.900 to 81.1000 & Pondi By-pass from existing Ch. 103.166 to 104.756 [Design Ch. 97.000 to 103.395] to two lane with paved shoulder configuration in the,351,0,11.63,11,17-07-2025,31-12-2026,25-03-2022
1422,Roads & Highways,Ministry of Road Transport & Highways,MoRTH,618098,"Upgradation of exhisting 2 lane flexible pavement to 2 lane paved shoulders rigid pavement from design chainage Km 66.00 to Design Km 82.440 Start of Kolhapur Municipal corporation near Phulewadi to kale, design length 16.440 Km section on Talere Gaganbawada-Kolhapur road NH 166G in the state of Maharashtra on EPC mode",168,0,0,94,13-05-2024,30-08-2026,31-03-2021
1423,Roads & Highways,Ministry of Road Transport & Highways,NHAI,619297,Upgradation of Existing Two Lane Carriageway to Two Lane Carriageway with Paved Shoulder from Ch. 665686 Existing Km. 665.686 in Khanpur Village in Vansda Taluka to Ch. 710470 Existing Km. 710.483 in Karvad Village in Vapi Taluka Length 44.784 Km Section of NH-56 in the State of Gujarat on EPC Mode,647,0,9.24,0,20-07-2028,31-01-2027,19-02-2026
1424,Roads & Highways,Ministry of Road Transport & Highways,MoRTH,618158,"Upgradation of Goras to Shyampur Road section of NH-552 Ext., from Design Chainge 48.400 to 111.800 Km Total length 63.40 km to two lane with paved shoulder configuration along with One time improvement of 8.91 km in the state of Madhya Pradesh on EPC mode",417,0,0,17,30-12-2026,30-12-2026,27-03-2023
1425,Roads & Highways,Ministry of Road Transport & Highways,MoRTH,618015,"Upgradation of Keonchi - Ratanpur Road of NH 45 Package-I, from design chainage km 237.860 to km 273.200 of length 35.340 km to two lane with paved shoulders under Corridor scheme on EPC mode in the state of Chhattisgarh.",225,228.93,83.75,60,06-01-2026,31-12-2026,31-03-2022
1426,Roads & Highways,Ministry of Road Transport & Highways,MoRTH,618017,"Upgradation of Keonchi - Ratanpur Road of NH 45 Package-II, from design chainage km 278.75 to km 321.348 of length 42.598 km to two lane with paved shoulders under Corridor scheme on EPC mode in the state of Chhattisgarh.",286,0,92.75,60,06-01-2026,31-12-2026,31-03-2022
1427,Roads & Highways,Ministry of Road Transport & Highways,MoRTH,618107,Upgradation of Mehsana-Visnagar-vadnagar-Kheralu-Idar section from km 0/00 to 81/300 of NH 168G Mehsana to Idar in the State of GujaratTotal Length 81.300 Km on Hybrid Annuity Mode HAM,1155,0,421.58,23,17-06-2028,19-06-2028,26-02-2024
1428,Roads & Highways,Ministry of Road Transport & Highways,MoRTH,618085,Upgradation of Nasrullagani-Rehti-Budhni Scction to 2-lane with paved shoulder from Km 0150 to Km 50500 of NH-146B in the state of Madhya Pradesh on EPC mode.,305,293.74,0,92,25-10-2024,31-10-2026,06-12-2021
1429,Roads & Highways,Ministry of Road Transport & Highways,MoRTH,619007,Upgradation of Sarvardewla to Pal MP/MH Border Road section of NH-347 C from Design Chainge km 81.600 to 137.400 Total length 55.80 km to two lane with paved shoulder configuration along with One time improvement of 1 .95 km in the State of Madhya Pradesh on EPC mode.,461,0,2.77,0,02-01-2028,,27-03-2023
1430,Roads & Highways,Ministry of Road Transport & Highways,MoRTH,618044,Upgradation of Shahdol- Sagartola Section of NH 543 from km 0000 to km 69400 to 2 lane with paved shoulders under Hybrid Annuity Mode HAM in the State of Madhya Pradesh,851,0,0,0,24-03-2028,,01-02-2024
1431,Roads & Highways,Ministry of Road Transport & Highways,MoRTH,618219,Upgradation to 2-lane with Hard shoulder configuration of Suraithota Ch. 29.725 km to Malari Ch. 60.550 km road on NH- 107B under in the state of Uttarakhand.,293,0,0,77,09-05-2026,31-12-2026,20-10-2022
1432,Roads & Highways,Ministry of Road Transport & Highways,MoRTH,618117,Upgradation to 2-Lane with Paved Shoulder from Design Km 36300 to Design Chainage 47918 and from Design Ch 69900 to Design Ch 83940 of NH-248A Natni Ka Bara in the State of Rajasthan on EPC Mode.,155,0,15.13,23,29-05-2026,28-08-2026,21-02-2024
1433,Roads & Highways,Ministry of Road Transport & Highways,NHAI,618787,"Upgradation to 4L PS from Bhimasar, Junction of NH-41 to Anjar- Bhuj upto Airport Junction from Km 0.000 to Km 65.478 of NH-341",1373,1687.25,837.85,96,29-06-2025,31-03-2027,11-03-2022
1434,Roads & Highways,Ministry of Road Transport & Highways,MoRTH,617972,Upgradation to Two lane with Paved Shoulder Configuration of Narayanpur Kasturmeta pkg-II from design ch. 48.693 to 70.453 design length21.760 Km. on NH-130D under EPC mode in the state of Chhattisgarh.,201,0,0,0,13-06-2026,,29-12-2022
1435,Roads & Highways,Ministry of Road Transport & Highways,MoRTH,619009,Upgradation to Two Lane with Paved Shoulders from Km 0.000 to Km 41.920 Green Field Alignment of Gowrelly to Valigonda Section of NH-930P in the State of Telangana on EPC Mode under Annual Plan 2022-23,690,0,0,0,30-04-2028,31-03-2028,28-11-2022
1436,Roads & Highways,Ministry of Road Transport & Highways,MoRTH,618069,Upgradation to Two-lane with paved shoulder of Hanumangarh to Kenchiyan section from Km 0.000existing chainage-Km 23.200 to Km 49.605existing chainage-Km 74.645 of NH-54 in the State of Rajasthan on EPC mode.,335,0,0,72,03-10-2026,03-10-2026,24-03-2022
1437,Roads & Highways,Ministry of Road Transport & Highways,NHAI,619203,Vadape to Thane from km 539.202 to km 563.000 section of NH-3 new NH-848,1253,1371.27,491.86,87,18-07-2021,31-10-2026,26-03-2018
1438,Roads & Highways,Ministry of Road Transport & Highways,NHAI,618467,Vadodara Mumbai Expressway Karvad - Jujuwa from Km. 128.000 to Km. 154.600 Phase-I Package-IX,2594,2587.04,235.55,22,13-10-2025,31-07-2027,11-07-2023
1439,Roads & Highways,Ministry of Road Transport & Highways,NHAI,618463,Vadodara Mumbai Expressway Kim to Ankleshwar Phase IA - Pkg V,1325,2807.48,1546.7,91,31-10-2021,31-08-2026,19-02-2018
1440,Roads & Highways,Ministry of Road Transport & Highways,NHAI,619198,Vadodara Mumbai Expressway Phase II - Pkg XII [Km. 50.700 to Km. 77.000] Masvan - Ganjad,1711,2388.52,979.42,100,22-03-2024,31-08-2026,07-08-2020
1441,Roads & Highways,Ministry of Road Transport & Highways,NHAI,618469,Vadodara Mumbai Expressway Phase II - Pkg XIII [Km. 26.582 to Km. 50.700] Shirsad - Masvan,3537,4679.54,1986.56,98,08-02-2024,31-08-2026,06-06-2020
1442,Roads & Highways,Ministry of Road Transport & Highways,NHAI,618470,Vadodara Mumbai Expressway Phase II - Pkg XIV [Km. 3.000 to Km. 20.200 of Spur] Shirsad - Akloli,2059,2324.72,634.55,98,11-05-2024,31-08-2026,27-05-2021
1443,Roads & Highways,Ministry of Road Transport & Highways,NHAI,618471,Vadodara Mumbai Expressway Phase II - Pkg XV [Km. 20.200 to Km. 43.000 of Spur] Akloli - Amne,2611,2918.39,651.95,95,11-05-2024,31-08-2026,18-05-2021
1444,Roads & Highways,Ministry of Road Transport & Highways,NHAI,618472,Vadodara Mumbai Expressway Phase II - Pkg XVI [Km. 43.000 to Km. 69.800 of Spur] Amne - Bhoj,4052,4315.56,952.69,96,31-10-2024,31-08-2026,24-06-2021
1445,Roads & Highways,Ministry of Road Transport & Highways,NHAI,618473,Vadodara Mumbai Expressway Phase II - Pkg XVII [Km. 69.800 to Km. 79.783 of Spur] Bhoj - Morbe,2209,2463.02,931.24,91,17-07-2025,31-08-2026,03-09-2021
1446,Roads & Highways,Ministry of Road Transport & Highways,NHAI,619064,Vadodara Mumbai Expressway Talsari to Karvad Phase IB - Pkg X [Km 103.400 to Km 128.000],1910,2652.24,1097.32,36,21-03-2024,31-12-2027,07-10-2020
1447,Roads & Highways,Ministry of Road Transport & Highways,NHAI,618893,Varanasi Gorakhpur Section Packege IV from km. 149.540 to km. 215.160 Mau-Gorakhpur,2967,3475.65,3455.15,97,07-10-2019,31-08-2026,16-04-2015
1448,Roads & Highways,Ministry of Road Transport & Highways,NHAI,618529,Varanasi Ring Road Pkg-II connecting Sandaha Village km 11.70 / NH-29 with Revasa Village km 818.80 / NH-2,1992,1832.66,1751.26,97,13-02-2022,31-10-2026,26-12-2017
1449,Roads & Highways,Ministry of Road Transport & Highways,NHAI,618844,Viluppuram Km.0.000 to Puducherry Km.29.000,1358,1162.44,526.41,98,24-11-2023,30-09-2026,01-03-2018
1450,Roads & Highways,Ministry of Road Transport & Highways,NHAI,618769,Walajahpet/Ranipet to TN/AP Border Section of from Km.106.800 to Km.133.36 NH-4,1338,1214.7,240.77,16,29-09-2027,29-09-2027,06-12-2024
1451,Roads & Highways,Ministry of Road Transport & Highways,NHIDCL,618354,Wideinig & Upgradation to 2-lanes with paved shoulders road from Tamenglong to Mahur NH-137 in the State of Assam starting from km 96.870 near Jiri River to km 116.550 near Hangrum Package-7 on EPC mode Package7,847,0,481.81,90,04-03-2026,31-12-2026,11-12-2023
1452,Roads & Highways,Ministry of Road Transport & Highways,MoRTH,618063,Widening & Strenghteningof section from Bharthana chowk to Kodarkoot km.0.00 to km.40.00 of NH-91-A on EPC mode,262,343.77,115.38,94,18-09-2024,31-12-2026,30-03-2020
1453,Roads & Highways,Ministry of Road Transport & Highways,MoRTH,617983,Widening & Strengthening of Existing 2LPS to 4 lane PS from Km 150000 to Km 159000 and Km 165400 to Km 186000 of NH-163 old NH-202 under NH O for the year 2020-21 on EPC Mode in the state of Telangana.,317,300.56,190.86,91,16-07-2024,31-08-2026,30-03-2021
1454,Roads & Highways,Ministry of Road Transport & Highways,MoRTH,618012,"Widening & strengthenlng to 2LPS from km 0,000 to 40.000 Dhaugaon- Podamari section of NH 326 in the State of Odisha under Annual Plan 2021.22.",187,0,46.39,60,04-02-2026,31-12-2026,31-03-2022
1455,Roads & Highways,Ministry of Road Transport & Highways,MoRTH,617958,Widening & Strenthening from km132.895 to km 190.15 NH-80,566,0,293.89,73,03-11-2024,30-11-2026,31-03-2021
1456,Roads & Highways,Ministry of Road Transport & Highways,NHIDCL,618410,Widening & Up-gradation to 2 lane with paved shoulder of NH-301 Kargil- Zanskar Road from Design Km .30.040 Ex. Km. 30.000 to Design Km 57.000 Ex. Km. 57.905 of 26.960 Km length Pkg-II,405,0,360.06,85,02-01-2023,05-10-2026,31-03-2021
1457,Roads & Highways,Ministry of Road Transport & Highways,NHIDCL,618409,Widening & Up-gradation to 2 lane with Paved shoulder of NH-301 Kargil- Zanskar Road from Design km 57.000 Ex. Km. 57.905 to Km 87.000 Ex. Km. 88.2491 of 30.000 Km length Pkg-lll,381,0,313.34,91,02-01-2023,30-08-2026,31-03-2021
1458,Roads & Highways,Ministry of Road Transport & Highways,NHIDCL,618352,Widening & Upgradation to 2 lanes with paved shoulders road from Tamenglong to Mahur NH-137 in the State of Assam starting from km 136.500 near Hejaichak to km 156.489 near P. Leikul Package-9 on EPC mode under NHO-NE Package-9,860,614.43,559.51,88,29-08-2025,30-09-2026,31-03-2023
1459,Roads & Highways,Ministry of Road Transport & Highways,NHIDCL,618351,Widening & Upgradation to 2 lanes with paved shoulders road from Tamenglong to Mahur NH-137 in the State of Assam starting from km 156.489 near P. Leikul to km 176.410 near Borowapu on EPC mode under NHO-NE Assam portion Package-10,890,693.15,605.43,90,29-08-2025,30-09-2026,31-03-2023
1460,Roads & Highways,Ministry of Road Transport & Highways,NHIDCL,618353,Widening & Upgradation to 2-lanes with paved shoulders road from Tamenglong to Mahur NH-137 in the State of Assam starting from km 116.480 near Hangrum to km 136.500 near Hejaichak Package-8 on EPC mode under NHO-NE Package 8,904,0,563.52,85,29-08-2025,30-09-2026,29-03-2023
1461,Roads & Highways,Ministry of Road Transport & Highways,MoRTH,618082,Widening & Upgradation to four lane configuration from Km.34.900 Bhadohi to km.73.134 Jaunpur of NH-135A on EPC mode,396,392.03,0,95,14-05-2024,30-09-2026,31-03-2021
1462,Roads & Highways,Ministry of Road Transport & Highways,MoRTH,617928,"Widening 2 lane to 4-lane from KM 92/320 to Km 115/320 Vav Chokdi-Satlasana to to Vrundavan Chokdi, Kheralu on NH-58 in the State of Gujarat.",151,171.27,0,98,14-03-2026,10-08-2026,16-03-2022
1463,Roads & Highways,Ministry of Road Transport & Highways,MoRTH,618141,Widening and Improvement of existing carriage way to 2 lane with paved shoulders from Km. 86/160 to 131/730 of Jangaon-Duddeda section of NH-365B in the State of Telangana on EPC Mode,423,423.48,184.83,78,18-12-2024,15-12-2026,05-01-2022
1464,Roads & Highways,Ministry of Road Transport & Highways,MoRTH,618242,Widening and Reconstruction to 4-lane/4-lane with service road including structures from Pokharia More at Km 47.600 Ex. Km 50.230 to Govindpur at km 62.949 Ex. Km 65.325 of Nh-419 in the State of Jharkhand on EPC mode.,300,0,94.18,55,03-01-2026,03-01-2027,09-05-2022
1465,Roads & Highways,Ministry of Road Transport & Highways,MoRTH,618060,Widening and Strengthening of existing paveemnt to two lane with paved shoulders from km 116.00 to km 176.355 of NH-75E in the State of Jharkhand on EPC mode.,315,0,162.16,89,16-07-2024,31-10-2026,21-01-2022
1466,Roads & Highways,Ministry of Road Transport & Highways,MoRTH,617918,"Widening and Strengthening of existing S/L, I/L, & D/L to 2 Lane with PS from Km 256/455 to 256/503, 256/820 to 256/960, 265/760 to 266/010, 266/010 to 266/800, 270/975 to 271/055, 276/460 to 276/560, 276/560 to 276/700, 276/700 to 277/480, 285/780 to 288/290, 288/290 to 291/050 and construction of 3 Nos. of Bypass from Km 266/800 to 267/300, 270/025 to 270/975, & 284/700 to 285/780 on NH-53 under NHO in Annual Plan 2022-23 for the State of Odisha.",174,0,6.43,0,29-12-2027,,01-03-2023
1467,Roads & Highways,Ministry of Road Transport & Highways,MoRTH,618178,Widening and strengthening of Gangakhed to Kingaon section of NH-752K in Km 38/750 to 72/304 Flexible Pavement Length33.554 km to 2-lane configuration on EPC mode in the State of Maharashtra.,163,0,0,72,03-06-2026,30-10-2026,12-02-2024
1468,Roads & Highways,Ministry of Road Transport & Highways,MoRTH,618206,Widening and Strengthening of Rafiabad-Kupwara-Chowkibal-Tangdhar-Chamkot NH-701 road from design Ch. From 0000 to 51000 to two lanes with paved shoulders under Project Beacon in the UT of Jammu & Kashmir on EPC mode Package-I.,1405,0,160.59,42,08-05-2027,,11-03-2024
1469,Roads & Highways,Ministry of Road Transport & Highways,MoRTH,618201,"Widening and strengthening to 2 lane with paved shoulder from existing Ch. Km 56720 to Km 100820 and Design Ch. From Km 62600 to Km 106360 Total Length43.760 Km on SRINAGAR -BARAMULA URINH-01 in the UT of Jammu & Kashmir under project BEACON, Border Roads Organization BRO on EPC mode.",702,0,0,51,17-11-2026,30-06-2027,11-09-2023
1470,Roads & Highways,Ministry of Road Transport & Highways,MoRTH,618106,Widening and Strengthening to 2/4 lane with paved shoulders of Mahabubnagar Chincholi section from Km 0/0 to Km 60/255 of NH-167N in the state of Telangana under Annual plan 2021-22 on EPC modepackage-I under NHO Job No.167N-TS-2021-22-75,704,0,304.65,91,14-11-2027,31-03-2026,24-01-2022
1471,Roads & Highways,Ministry of Road Transport & Highways,MoRTH,617920,Widening and Strengthening to 2LPS including LA from km 318.970 to 353.450 Balikuda-Mulkani Section of NH-55 under NHO in Annual Plan 2022-23 in the State of Odisha. Job No. NH-55-OD-2022-23-656,512,0,7.64,3,02-06-2027,02-06-2027,24-01-2022
1472,Roads & Highways,Ministry of Road Transport & Highways,MoRTH,617921,Widening and strengthening to 2LPS including LA of Kandarpur-Balikuda from km 277/500 to 318/970 of NH-55 in the State of Odisha under Annual Plan 2021-22.,500,0,131.36,66,04-06-2025,24-11-2026,24-03-2022
1473,Roads & Highways,Ministry of Road Transport & Highways,MoRTH,618105,Widening and strengthening to 4 lane / 2-lane with paved shoulders of Mahabubnagar - Chincholi section from km 60/255 to Km 102/834 of NH-167N in the State of Telangana on EPC mode.,631,0,125.34,47,08-10-2025,02-11-2026,07-03-2022
1474,Roads & Highways,Ministry of Road Transport & Highways,MoRTH,617899,Widening and Strengthening to 4LPS/2LPS from km 0.000 to 35.800 Kuakhia - Mangalpur section of NH 20 in the state of Odisha on Annual Plan 2021-22,636,0,296.5,56,06-02-2026,30-11-2026,31-03-2022
1475,Roads & Highways,Ministry of Road Transport & Highways,MoRTH,618264,"Widening and Strengthening to two Lane with Paved Shoulder/Four Lane with paved shoulder configuration from km. 61.500 of NH-727B near Nawalpur km 178.500 of Sonauli Balia Marg, Old SH-01 i.e. end point of Salempur Bypass to km. 106.495 of NH-727B near Sikanderpur under EPC mode",2062,0,222.2,41,30-05-2028,30-05-2028,17-05-2023
1476,Roads & Highways,Ministry of Road Transport & Highways,MoRTH,618222,Widening and Strengthening up gradation to 2 lane with paved shoulder from existing chainage Km 192.98 to Km 229.820 design chainage Km 162.800 to Km 198.18 under 31 BRTF on Akhnoor-Poonch Road NH-144A in the UT of Jammu and Kashmir under Project Sampark Border Roads Organisation BRO on EPC Mode Package-VIII Job No NH-144A-J&K-2022-2023-111,562,0,158.68,71,04-01-2026,31-03-2027,06-10-2022
1477,Roads & Highways,Ministry of Road Transport & Highways,NHIDCL,618380,Widening and Up-gradation to 2- Lane with Paved Shoulder Configuration and geometric improvement from Km. 125. 000 to Km 166 Package-3 on Aizawl Tuipang Section of NH-54 in the State of Mizoram Package-3,867,0,525.13,98,24-04-2023,30-06-2026,30-09-2019
1478,Roads & Highways,Ministry of Road Transport & Highways,NHIDCL,618379,Widening and Up-gradation to 2- Lane with Paved Shoulder Configuration and geometric improvement from Km. 208. 000 to Km 250.000 Package-5 on Aizawl Tuipang Section of NH-54 in the State of Mizoram Package-5,753,0,125.64,95,24-04-2023,30-06-2026,30-09-2019
1479,Roads & Highways,Ministry of Road Transport & Highways,NHIDCL,618383,Widening and up-gradation to 2-lane with paved shoulder configuration and geometric improvements from km 339.00 to km 380.00 Siaha on Aizawl-Tuipang section under JICA ODA Loan assistance Phase-I Package-8,637,0,547.01,100,15-09-2023,30-06-2026,30-09-2019
1480,Roads & Highways,Ministry of Road Transport & Highways,NHIDCL,618397,Widening and Up-gradation to 2-Lane with Paved Shoulder of configuration and geometric improvement from Km 0.000 to Km 16.990 on Chenani Sudhmahadev section of NH-244 in UT of Jammu and Kashmir to be executed on EPC basis,256,0,239.96,94,21-11-2020,15-12-2025,14-03-2018
1481,Roads & Highways,Ministry of Road Transport & Highways,MoRTH,617997,Widening of existing 2 lane to 4 lane with paved shoulder from Designed km 25.15 to km 56.70 Except Km 52.70 to 53.50 of NH-169 Nellisara Camp to Thirthahalli of NH-169 on Shimoga-Mangalore section in the state of Karnataka on EPC mode under Annual plan 2022-23 NH-169-KNT-2022-23-978 dated 08.03.2023,539,0,20.63,6,24-02-2028,24-02-2028,08-03-2023
1482,Roads & Highways,Ministry of Road Transport & Highways,MoRTH,619183,Widening of Existing Road from Intermediate Lane 2-lane to 4-lane Between Km 19.994 to Km 35.180 of NH-848A Rakholi-Khadoli-Velugam Section in U.T. of Dadra and Nagar Haveli and Daman and Diu,198,239.57,77.74,80,30-06-2026,31-08-2026,14-10-2022
1483,Roads & Highways,Ministry of Road Transport & Highways,MoRTH,618193,Widening of Existing Road to Two Lane with Paved Shoulder Configuration from Km 0.00 to 26.000 & Km 45.200 To 59.622 Of NH 365BB in the State of Andhra Pradesh Under Annual Plan 2023-24 through EPC Mode,369,0,76.12,46,23-12-2026,31-12-2026,17-01-2024
1484,Roads & Highways,Ministry of Road Transport & Highways,MoRTH,617886,Widening of existing Single lane / Intermediate lane road to 2 lane from Km 101 to Km 125 of NH 61,252,0,0,44,17-06-2026,17-04-2027,23-06-2020
1485,Roads & Highways,Ministry of Road Transport & Highways,MoRTH,617901,Widening of Pachpadra-Bagundi Section to 4 Lane from Km 73/60 to 95/70 of NH-25 on EPC mode in the state of Rajasthan.,195,0,55.29,99,11-12-2024,15-07-2026,13-01-2022
1486,Roads & Highways,Ministry of Road Transport & Highways,NHAI,618797,"Widening Strengthening of 2-Lane with Paved Shoulder from MyajlarJaisalmer from Design Chainage 0000 to 98350 Section of NH-11 & SundraMyajlarAmbasingh ki Dhani Road from Design Chainage 46000 to 81601, part of MunabaoTanot Road Section of NH-70 along with Strengthening/Widening of Existing Connection of NH-70 & NH-11 of length 0.914 km in the State of Rajasthan under NHO on Hybrid Annuity Mode",1238,927.02,94.08,21,18-12-2027,18-12-2027,26-03-2025
1487,Roads & Highways,Ministry of Road Transport & Highways,NHIDCL,618337,Widening to 2 -Lane with Paved shoulder of Imphal to Jiribam section of NH-37 from Design Chainage 33.000 km to 66.390 Km Existing Chainage from km 33.395 to km 67.496 on EPC Mode in Manipur PKG-3,467,0,593.79,86,19-03-2023,02-03-2026,31-03-2021
1488,Roads & Highways,Ministry of Road Transport & Highways,NHIDCL,618336,Widening to 2 -Lane with Paved shoulder of Imphal to Jiribam section of NH-37 from Design Chainage 66.110 km to 101.280 Km Existing Chainage km 67.496 to km 103.557 on EPC Mode in Manipur PKG-4,580,0,408.21,86,29-12-2023,31-12-2026,02-09-2021
1489,Roads & Highways,Ministry of Road Transport & Highways,MoRTH,618039,Widening to 2 Lane from Existing Chainage Km 74.700 Km 100.660 Design Chainage Km 53.365 to Km 78.785 on NH- 507 in the State of Uttarakhand.,347,0,0,32,23-04-2028,,25-01-2024
1490,Roads & Highways,Ministry of Road Transport & Highways,NHIDCL,618364,"Widening to 2 Lane with Hard shoulder of Akegwo-Avangkhu section of NH-202K for Package-I Design Chainage 0000 Km to 34795 Km, in the State of Nagaland on EPC mode under NH O-NE",430,0,0,87,23-02-2026,23-02-2026,16-12-2022
1491,Roads & Highways,Ministry of Road Transport & Highways,NHIDCL,618366,Widening to 2 Lane with Hard shoulder of Akegwo-Avangkhu section of NH-202K for Package-II Design Chainage 34795 Km to 69875 Km in the State of Nagaland on EPC mode under NHO-NE,443,0,0,58,23-02-2026,23-02-2026,16-12-2022
1492,Roads & Highways,Ministry of Road Transport & Highways,NHIDCL,618365,Widening to 2 Lane with Hard shoulder of Akegwo-Avangkhu section of NH-202K for Package-III Design Chainage 69875 Km to 106816 Km in the State of Nagaland on EPC mode under NHO-NE,497,0,0,86,25-02-2026,25-02-2026,16-12-2022
1493,Roads & Highways,Ministry of Road Transport & Highways,MoRTH,618122,Widening to 2 lane with paved shoulded of Jareikela Jharkhand/Odisha Border - Dhabaleswar section from 0/0 to 36/0 of NH-320D in the State of Odisha under Annual Plan 2021-22.,172,0,7.42,34,13-10-2026,13-10-2026,22-03-2022
1494,Roads & Highways,Ministry of Road Transport & Highways,NHIDCL,618335,Widening to 2 Lane with Paved shoulder of lmphal to Jiribam section of NH-37 from Design Ch. from Km 101280 Near Khongsang Village to Km 131280 near Puilon Kambiron Village on EPC Mode in Manipur PKG-5,411,0,382.67,91,12-05-2024,31-12-2026,03-12-2021
1495,Roads & Highways,Ministry of Road Transport & Highways,NHIDCL,618334,Widening to 2 Lane with Paved shoulder of lmphal to Jiribam section of NH-37 from Design Ch. from km 131.280 to km 169.570 on EPC mode in Manipur under NHO-TSP PKG-6,505,0,325.89,95,06-02-2025,31-12-2026,13-12-2021
1496,Roads & Highways,Ministry of Road Transport & Highways,NHIDCL,618333,Widening to 2 lane with Paved shoulder of lmphal to Jiribam section of NH-37 from Design Ch. from km 169570 Near Nungkao vlllage under Tamenglong District to km 205974 near Jiribam Bridge under Jiribam district under NHO-NE PKG-7,760,0,428.13,93,28-12-2025,17-12-2026,03-01-2023
1497,Roads & Highways,Ministry of Road Transport & Highways,MoRTH,618130,Widening to 2 lane with paved shoulders from 0.00 to 32.970 ofAdilabadto Bela section of NH 353B in the State of Telangana,491,0,149.79,79,03-05-2026,30-12-2026,26-10-2022
1498,Roads & Highways,Ministry of Road Transport & Highways,MoRTH,618147,Widening to 2 Lane with Paved Shoulders from design Km 103.200 Existing Km 103.200 to design Km 116.700 Existing Km 118.470 on AP/KNT Border to Sira Section of NH-544E in the State of Karnatakaon EPC mode under Annual plan 2022-23,167,0,46.69,65,09-09-2025,31-08-2026,13-01-2023
1499,Roads & Highways,Ministry of Road Transport & Highways,MoRTH,618183,Widening to 2 lane with paved shoulders from Km 62/920 to km 106/830 of Medak - Yellareddy section in the State of Telangana under Annual Plan 2022-23 on EPC mode under NHO,399,0,146.04,71,08-08-2026,20-08-2026,14-10-2022
1500,Roads & Highways,Ministry of Road Transport & Highways,MoRTH,618196,Widening to 2 lane with Paved Shoulders of Siddipet-Elkathurthy section from Km 69/978 to km 133/619 of NH-765DG in the State of Telangana under Annual plan 2021-22 on EPC mode,579,0,0,85,12-09-2024,15-12-2026,18-01-2022
1501,Roads & Highways,Ministry of Road Transport & Highways,MoRTH,618197,Widening to 2 lane with Paved Shoulders of Medak - Siddipet section from Km 0/0 to km 69/978 of NH-765DG in the State of Telangana under Annual plan 2021-22 on EPC mode,882,0,383.75,74,30-01-2025,31-12-2026,20-01-2022
1502,Roads & Highways,Ministry of Road Transport & Highways,MoRTH,618070,Widening to 2 Lanes with paved shoulders from Km.87/000 to 133/720 Nattukal to Thanau Jn. in Palakkad of NH-966 Old NH-213 on EPC mode Basis under NHO Annual Plan 2016-17 in the state of Kerala,294,315.63,0,98,22-08-2019,30-06-2026,10-02-2017
1503,Roads & Highways,Ministry of Road Transport & Highways,MoRTH,618207,Widening to 2-lane with Hard Shoulder configuration of Mana Ch. 0.00 to Mana Pass Ch. 50.987 road on NH-07 under Bharatmala Pariyojna in the state of Uttarakhand under Annual Plan 2022-23 length 50.987,574,0,0,21,03-10-2027,03-10-2028,19-10-2022
1504,Roads & Highways,Ministry of Road Transport & Highways,NHIDCL,618345,Widening to 2-lane with Hard shoulder of Churachandpur to Tuivai Section from Km 48.587 to Km 69.875 in the State of Manipur on EPC mode under NHO Package-2B,366,0,198.28,88,04-08-2022,31-08-2026,18-06-2020
1505,Roads & Highways,Ministry of Road Transport & Highways,NHIDCL,618344,Widening to 2-lane with Hard shoulder of Churachandpur to Tuivai Section of NH-102B from Design Chainage 69.875 Km to 121.769 Km in the State of Manipur on EPC mode Package-3,673,0,563.39,86,24-08-2023,31-12-2026,31-03-2021
1506,Roads & Highways,Ministry of Road Transport & Highways,NHIDCL,618347,Widening to 2-lane with Hard shoulder of Churachandpur to Tuivai Section of NH-102B from km 13.747 to km 32.835 in the State of Manipur on EPC mode under NHO Package-1B,242,0,164.85,100,30-06-2022,31-08-2026,27-04-2020
1507,Roads & Highways,Ministry of Road Transport & Highways,NHIDCL,618346,Widening to 2-lane with Hard shoulder of Churachandpur to Tuivai Section of NH-102B from km 32.835 to km 48.587 in the State of Manipur on EPC mode under NHO Package-2A,233,0,155.44,100,30-06-2022,31-08-2026,27-04-2020
1508,Roads & Highways,Ministry of Road Transport & Highways,MoRTH,618084,Widening to 2-lane with paved shoulder from km 0.00 to 44.00 Kuru-Ghaghra section of NH-143A including re-construction of culverts and bridges.,153,133.67,100.77,95,08-08-2023,31-10-2026,14-02-2020
1509,Roads & Highways,Ministry of Road Transport & Highways,NHIDCL,618338,Widening to 2-Lane with Paved shoulder of Imphal to Jiribam section of NH-37 from Design Chainage 15.940 km to 33.120 Km Existing Chainage Km 15.946 to Km 33.395 Total length17.180 Km in the State of Manipur on EPC mode PKG-2 - Balance Works & Rectification works,195,0,162.71,93,18-03-2026,31-10-2026,31-03-2021
1510,Roads & Highways,Ministry of Road Transport & Highways,MoRTH,618000,Widening to 2-Lane with Paved Shoulders from Km 116.800 to 149.070Design Changes on Hosadurga - Holalkere Section of NH-173 in the State of Karnataka on EPC mode under Annual Plan 2021-22 Job no. NH-173-KNT-2021-22-946,170,147.39,111.33,100,24-02-2024,30-06-2026,30-03-2022
1511,Roads & Highways,Ministry of Road Transport & Highways,MoRTH,617927,Widening to 2LPS between Km 0/0 to 56/0 Khokhara Gujarat Border Vijayanagar Antrasuba Mathasur road of NH 58 in the State of Gujarat,699,0,0,36,22-09-2027,22-09-2027,15-03-2024
1512,Roads & Highways,Ministry of Road Transport & Highways,MoRTH,618185,Widening to 2LPS from Km 0.000 to 37.850 Except Ex. Km 24.45 to 27.20 of NH-766c Byndoor-Ranebennur Section in the state of Karnataka on EPC Mode under Annual Plan 2022-23 NH-766C-KNT-2022-23-969 dated 30.12.2022,395,0,15.68,12,07-08-2027,06-08-2027,30-12-2022
1513,Roads & Highways,Ministry of Road Transport & Highways,MoRTH,617999,Widening to 2LPS from Km 67 to Km 115 on Kadur-Hosadurga section NH 173 in the state of Karnataka NH-173-KNT-2022-23-980 dated 13.03.2023,472,0,91.74,70,18-05-2026,30-04-2027,13-03-2023
1514,Roads & Highways,Ministry of Road Transport & Highways,MoRTH,618027,Widening to 2LPS from Km 71.00 to 104.00 Existing chainages Sarjapur to Pattadkallu on Bhanapur to Gaddanakeri section NH-367 in the State of Karnataka under NHO on EPC mode under Annual Plan 2022-23 NH-367-KNT-2022-23-972 dated 08.02.2023,446,0,198.15,90,15-03-2026,31-12-2026,09-02-2023
1515,Roads & Highways,Ministry of Road Transport & Highways,MoRTH,618109,Widening to 4 lane from Km 51.60 to 76.20 Hebri to Parkala and from Km 85.20 to 88.90 Karavali junction to Malpe of Thirthahalli-Udupi-Malpe Section of NH-169A in the State of Karnataka on EPC Mode under Annual plan 2021-22 Job No. NH-169A-KNT-2021-22-927,356,0,217.46,88,26-12-2024,30-11-2026,12-01-2022
1516,Roads & Highways,Ministry of Road Transport & Highways,MoRTH,618249,Widening to 4 lane from km. 108.50 to km 139.00 of NH-135A Pkg-II Jaunpur Akbarpur section on Hybrid Annuity Mode in the state of Uttar Pradesh,1512,0,0,40,29-03-2027,29-03-2027,29-03-2023
1517,Roads & Highways,Ministry of Road Transport & Highways,MoRTH,618029,Widening to 4 lane from Km. 133.00 to 158.04 design Chainage Km. 130.88 to 155.145 Shirur Cross to Gaddankeri of NH-367 in the State of Karnataka on EPC mode. Job No. NH-367-KNT-2021-22-930,351,312.06,203.12,83,17-01-2025,31-03-2027,24-01-2022
1518,Roads & Highways,Ministry of Road Transport & Highways,MoRTH,618248,Widening to 4 lane from km. 139.00 to km 179.20 of NH-135A Pkg-III Jaunpur Akbarpur section and Akbarpur bypass on Hybrid Annuity Mode in the state of Uttar Pradesh.,1653,0,0,22,15-01-2028,15-01-2028,31-05-2023
1519,Roads & Highways,Ministry of Road Transport & Highways,MoRTH,618151,Widening to 4LPS of NH-548B from Km 118.450 Near Shirguppi to Km 128.450 Near Ankali in the State of Karnataka under NH O on EPC Mode Under Annual Plan 2022-23 NH-548B-KNT-2022-23-982,1084,0,1.71,0,29-05-2029,,14-03-2023
1520,Roads & Highways,Ministry of Road Transport & Highways,MoRTH,618148,Widening to 4LPS of NH-548B from Km 80.000 Near Murgundi to Km 140.200 Near Chikkodi excluding length from Km 118.450 to Km 128.450 in the State of Karnataka under NH O on EPC Mode under Annual Plan 2022-23 - Package 1 NH-548B-KNT-2022-23-979 dated 09.03.2023,786,0,6.15,0,23-04-2028,23-04-2028,09-03-2023
1521,Roads & Highways,Ministry of Road Transport & Highways,NHAI,619087,Widening to 6L of Existing 4L Jetpur - Gondal - Rajkot Section from Km. 117.600 to Km. 185.00 on NH-27,2070,1390.29,1117.01,77,26-09-2025,31-01-2027,21-03-2022
1522,Roads & Highways,Ministry of Road Transport & Highways,MoRTH,617998,Widening to existing 2 lane with paved Shoulder to 4 Lane with paved shoulder from design Km 153.00 to 168.27 Mala Gate to Karkala of NH -169 on Shimoga - Mangalore section in the state of Karnataka on EPC mode under Annula Plan 2021-22 Job No. NH-169-KNT-2021-22-949,178,0,115.6,83,13-02-2025,30-11-2026,30-03-2022
1523,Roads & Highways,Ministry of Road Transport & Highways,MoRTH,618072,Widening to Existing single lane /intermediate lane to 2 lane from Km185.00 to Km 220.00 of NH-61 New NH-02 in the state of Nagaland.,297,0,155.15,100,20-07-2024,31-03-2026,31-03-2021
1524,Roads & Highways,Ministry of Road Transport & Highways,MoRTH,617964,"Widening to Four Lane rigid pavement configuration from Km 90.00 to Km 100.800 on NH-96 Km 42.0 to Km 53.300 as per new NH-330,design length of 11.300 km under EPC mode in the state of Uttar Pradesh.",310,0,41.92,31,10-11-2026,10-11-2026,01-12-2022
1525,Roads & Highways,Ministry of Road Transport & Highways,MoRTH,618168,Widening to four lane with paved shoulder from Design Km.49.200 to Km.89.285 of NH-731B on EPC mode in the state of Uttar Pradesh,918,965.3,134.41,56,14-01-2026,31-01-2027,31-03-2022
1526,Roads & Highways,Ministry of Road Transport & Highways,MoRTH,618087,Widening to intermediate/two lane to 2 lane with paved shoulder from Existing chanages Km 112.750 to 142.00 Liingasur to Mudabal cross & from Km. 147.070 to Km. 149.070 Maski city limit of Jewargi Chamrajnagar setion of NH-150A in the state of Karnataka on EPC mode. Job No. NH-150A-KNT-2021-22-951,256,0,185.27,96,17-07-2024,31-08-2026,30-03-2022
1527,Roads & Highways,Ministry of Road Transport & Highways,MoRTH,618189,Widening to two lane with paved shoulder of NH-73New spur road Ujire - Dharmasthala - Periyashanthi in the State of Karnataka under NHO on HAM Mode Job No. NH-73Spur-KNT-2023-24-996,614,0,66.04,25,04-11-2027,04-11-2027,08-01-2024
1528,Roads & Highways,Ministry of Road Transport & Highways,MoRTH,618182,Widening to Two lane with paved shoulders from 106/830 to 158/496 of Yellareddy-Rudrur Section of NH-765D in the state of Telangana on EPC mode under NHO under Annual plan 2022-23,500,0,207.08,69,06-07-2026,21-05-2027,14-10-2022
1529,Roads & Highways,Ministry of Road Transport & Highways,MoRTH,618086,"Widening to Two Lane with Paved Shoulders from KB Cross to Chunchanahalli ie., Design Ch. 485240 Km Existing Km 494.000 to Design Ch. 523393 Km Existing km 533.152 & From Design Ch. 530393 Existing Km 540.175 to Design Ch. 534476 Existing Km 544.200 at Nelligere of NH-150A on EPC mode under Annual Plan 2022-23 NH-150A-KNT-2022-23-977 dated 08.03.2023",617,0,8.03,48,13-01-2027,13-01-2027,08-03-2023
1530,Roads & Highways,Ministry of Road Transport & Highways,MoRTH,618095,Widening to Two Lane with Paved Shoulders from Km 0.00 Design Chainage 0.00 to Km 23.338 Design Chainage 23310 of NH-166E MH/KNT Border- Kanamadi- Bijjargi- Tikota section in the state of Karnataka in EPC Mode under Annual plan 2022-23 NH-166E-KNT-2022-23-974,196,0,72.94,75,05-03-2026,31-03-2027,21-02-2023
1531,Roads & Highways,Ministry of Road Transport & Highways,MoRTH,618149,Widening to two lane with paved shoulders from Km 0.00 to 102.310 Design Chainage of NH-548B Murrum-Maharashtra Border in the State of Karnataka,957,0,288.23,60,15-01-2027,15-01-2027,14-02-2023
1532,Roads & Highways,Ministry of Road Transport & Highways,MoRTH,617985,Widening to two lane with paved shoulders from Km 0/0 to 64/020 Pamarru to Akiveedu,530,588.65,248.31,74,16-11-2023,31-05-2027,31-03-2020
1533,Roads & Highways,Ministry of Road Transport & Highways,MoRTH,618091,Widening to two lane with paved shoulders from Km 0/000 to Km 45/946 of Nizampet-Narayankhed-bidar section of NH-161B in the state of Telangana under Annual Plan 2021-22 on EPC mode under NHO,513,0,152.49,46,19-02-2026,23-03-2027,29-03-2022
1534,Roads & Highways,Ministry of Road Transport & Highways,MoRTH,618104,Widening to two lane with paved shoulders from Km 0/000 to Km 79/300 of Kalwakurthy - Kollapur section of NH-167K in the state of Telangana under annual plan 2021-22 on EPC mode under NHO.,887,0,620.25,90,11-07-2025,30-08-2026,31-03-2022
1535,Roads & Highways,Ministry of Road Transport & Highways,MoRTH,617955,Widening to two lane with paved Shoulders from Km 40.00 to Km 75.00 Existing chainages of Mangalore - Tumkur section of NH-73 in the State of Karnataka on EPC Mode under Annual Plan 2021-22 Job No NH-73-KNT-2021-22-945,719,0,312.83,85,26-03-2025,31-12-2026,31-03-2022
1536,Roads & Highways,Ministry of Road Transport & Highways,MoRTH,617995,Widening to Two Lane with Paved Shoulders from Km 67.000 to Km 114.425 of Kalwakurthy- Mallapally Section of NH 167 Erstwhile section of SH 18 in the State of Telangana on EPC mode under NH O Annual Plan 2016-17,300,0,175.12,99,04-05-2019,19-12-2026,20-01-2017
1537,Roads & Highways,Ministry of Road Transport & Highways,MoRTH,618190,Widening to two lane with paved shoulders of 'Bodhan Basar Bhainsa ' section from Km 38/900 to 95/300 of NH-161BB in the state of Telangana under Annual Plan 2021-22 on EPC Mode under NH O.,644,0,403.48,99,16-03-2025,31-08-2026,03-03-2022
1538,Roads & Highways,Ministry of Road Transport & Highways,MoRTH,617936,Widening to two/four lane with paved shoulder from Km.180.600 to Km.223.000 of NH-63 on Nizamabad-Jagadalpur road on EPC mode under NHO in the state of Telangana.,254,183.26,0,100,28-03-2019,,06-10-2016
1539,Roads & Highways,Ministry of Road Transport & Highways,MoRTH,618140,Widening to two/four lane with paved shoulders from Km.34.250 to Km.71.830 of NH-365A on Kodad-Khammam-Kurvi road.,446,0,18.32,13,31-01-2027,31-01-2027,14-10-2022
1540,Roads & Highways,Ministry of Road Transport & Highways,NHAI,618905,Widening with additional 3L abetting Chhapra Bypass Section of NH-19 from Km. 143.200 to Km. 159.255 Pkg-1,470,528.48,302.74,77,29-08-2026,28-10-2026,28-02-2024
1541,Roads & Highways,Ministry of Road Transport & Highways,MoRTH,618047,"Widening, Reconstruction & Up-gradation to 2 lane with Paved Shoulder/Four Lane configuration for the work of Ahmednagar to Sabalkhed & Ashti to Chinchpur Section of NH-561 from Design km 2915 to km 37728 & Design km 55100 to km 70000 in the State of Maharashtra on EPC mode. Length 49.713 km",657,0,0,89,27-05-2027,27-05-2027,15-03-2024
1542,Roads & Highways,Ministry of Road Transport & Highways,MoRTH,618138,"Widening, Reconstruction & Up-gradation to 2 lane with Paved Shoulder/Four Lane configuration for the work of Sautada to Shirapur Section of NH-561 from Design km 86300 to km 125589 in the state of Maharashtra on EPC mode. Design length 39.289 km",350,0,0,54,04-11-2026,04-11-2026,15-03-2024
1543,Roads & Highways,Ministry of Road Transport & Highways,NHAI,618708,Widening/Development of Existing NH-85 from Km 0.000 to Km 124.636 section to 2L/LPS section in the state of Kerala on EPC Mode under Bharatmala Pariyojana,1187,1265.47,782.54,82,25-06-2025,31-03-2027,12-09-2022
1544,Roads & Highways,Ministry of Road Transport & Highways,NHIDCL,618298,Widening/Improvement of existing 2-Lane road to 4-Lane Divided Highway from Sekmai to Nilakuthi section of Imphal-Kohima Road Design Chainage from Km 297700 to Km 308729 of NH-39 New NH-02 in state of Manipur on EPC mode Pkg-5B,212,0,272.3,95,21-01-2023,22-08-2026,30-03-2021
1545,Roads & Highways,Ministry of Road Transport & Highways,NHIDCL,618301,Widening/Improvement of existing 2-lane to 4-Lane Divided Highway from Kuraopokpi to Sekmai section of Imphal-Kohima Road Design Ch. km 287.00 to 297.700 of NH-39 New NH-02 in state of Manipur on EPC mode Pkg-5A,229,0,143.26,48,27-08-2026,31-12-2026,01-09-2020
1546,Roads & Highways,Ministry of Road Transport & Highways,NHIDCL,618306,"Widening/Improvement to 2 lane with earthen shoulder of Choithar to Marrem Khullen section of NH-202 of Imphal Ukhrul Jessami Economic Corridor from Design Chainage km 53.110 to km 95.700 in the State of Manipur on EPC mode under Bharatmala Pariyojana, under NHO-NE Package-5",564,0,173.58,14,31-03-2027,31-08-2027,31-03-2023
1547,Roads & Highways,Ministry of Road Transport & Highways,NHIDCL,618304,"Widening/Improvement to 2 Lane with earthen shoulder of Jessami to Laynen bridge Nagaland border section of NH-29 of Imphal -Ukhrul - Jessami Economic Corridor from km 0.000 to km 11.009 in the State of Manipur on EPC mode under Bharatmala Pariyojana, under NHO-NE Package-7",165,0,128.92,28,26-06-2026,07-02-2027,31-03-2023
1548,Roads & Highways,Ministry of Road Transport & Highways,NHIDCL,618305,Widening/Improvement to 2 lane with earthen shoulder of Marrem Khullen to Jessami section of NH-202 of Imphal - Ukhrul - Jessami Economic Corridor from Design Chainage km 95.700 to km 140.180 in the State of Manipur on EPC mode under Bharatmala Pariyojana under NHO-NE Package-6,555,0,225.73,26,07-12-2026,02-08-2027,29-03-2023
1549,Roads & Highways,Ministry of Road Transport & Highways,NHIDCL,618303,Widening/Improvement to 2-lane with earthen shoulder of Yaingangpokpi - Finch corner road section of NH-202 from Km 0.000 to Km 16.900 of NH-202 in the state of Manipur on EPC mode Package-1,223,0,140.9,89,30-06-2022,31-08-2026,13-03-2020
1550,Roads & Highways,Ministry of Road Transport & Highways,NHIDCL,618302,Widening/Improvement to 2-lane with earthen shoulder of Yaingangpokpi - Finch corner road section of NH-202 from Km 16.900 to Km 30.970 of NH-202 in the state of Manipur on EPC mode Package-2,256,0,195,98,30-06-2022,22-08-2026,13-03-2020
1551,Roads & Highways,Ministry of Road Transport & Highways,NHIDCL,618371,"Widening/Improvement to 4-Lane with Paved Shoulder configuration of existing single lane road from Srirampur near Bhairiguri Village to Kachukhana Harichara Paglagaunj Package-I of Srirampur - Dhubri Section of NH-127B from existing Km 0.000 to Km 28.050 Design Km 0.000 to Km 27.650, Design Length27.650 Km under JICA ODA Loan assistance Phase-V -Balance work",614,0,384.6,90,25-11-2026,25-11-2026,11-03-2022
1552,Roads & Highways,Ministry of Road Transport & Highways,NHIDCL,618287,"Widening/Improvement to 4-Lane with paved Shoulder from Ch. 25.633 Km to Ch. 52.470 Km Design Ch. 21.850 Km to Ch.48.670 Km for Package-2 of Bilasipura- Guwahati road NH-17 Section Near Mowatari, before Chapar Bypass to Tulungia junction with NH-17 in the state of Assam on HAM mode under NHO-NE Package-2",1339,0,199.15,12,03-06-2027,03-06-2027,30-11-2023
1553,Roads & Highways,Ministry of Road Transport & Highways,NHIDCL,618326,Widening/Improvement to 4-Lane with Paved Shoulder from KM 38500 to Km 51246 Design Chainage 38500 to 50959 with proposed Daboka Bypass of Daboka-Parokhaowa of NH 29 on EPC under NHO-NE Package-1,517,0,322.98,100,29-11-2025,25-06-2026,05-01-2023
1554,Roads & Highways,Ministry of Road Transport & Highways,NHIDCL,618359,Widening/Improvement to 4-Lane with Paved Shoulder from km 55000 Nagabang Gamsuk to km 82514 Oyan in the State of Assam and Arunachal Pradesh on EPC mode under Bharatmala Pariyojna of Length 27.514 Km Package-3,665,0,380.59,97,17-03-2027,17-03-2027,31-03-2023
1555,Roads & Highways,Ministry of Road Transport & Highways,NHIDCL,618340,Widening/Improvement to 4-Lane with Paved Shoulder from km 626030 Nalani hulla Gaon to km 650450 Chotahapjan on existing Tinsukhia -Makum Bypass of NH-15 OLD NH-37 and Strengthening of existing NH-315 OLD NH-38 from Km 0000 Chotahapjan to Km 16900 Bogapani section 2-Lane PS in Assam on EPCMode under NHO-NE Package-3,459,0,261.02,89,17-05-2025,31-10-2026,03-01-2023
1556,Roads & Highways,Ministry of Road Transport & Highways,NHIDCL,618284,Widening/Improvement to 4-Lane with paved shoulder from Km 99930 to Km 143680 Design Chainage 96000 to 139750 of Paikan to Dhupdhara Sahar of Bilasipura-Guwahati Road on NH-17 in the state of Assam on EPC mode under Bharatmala Pariyojana in Economic Corridors Project Length 43.750km under NHO-NE Package-8,1458,0,962.73,86,26-12-2026,25-12-2026,07-03-2023
1557,Roads & Highways,Ministry of Road Transport & Highways,NHIDCL,618313,Widening/lmprovement of Existing 2 lane to 4-Laning of Karimganj-Silchar section of NH-37 from Design Ch 0.000 near Silchar ISBT to Design Ch 15.970 near Kalinagar Pt I on NH-37 in Assam on HAM Mode Pkg-1,1182,0,178.62,41,17-09-2027,17-09-2027,11-03-2024
1558,Roads & Highways,Ministry of Road Transport & Highways,NHIDCL,618310,Widening/lmprovement to 4-L of Karimgani - sutarkandi section of NH 37 from design Ch 0020 Start of proposed Karimganj Bypass from NH -8 to design Chainage Km 14380 near Sutarkandi Spur Connectivity to Indo/Bangladesh Border on Silchar-Churaibari in the State of Assam on HAM Mode Package-7,792,0,135.54,42,28-02-2027,28-02-2027,28-02-2024
1559,Roads & Highways,Ministry of Road Transport & Highways,NHIDCL,618311,Widening/lmprovement to 4-Lane with Paved shoulder for existing as well as Greenfield alignment of Badarpur Churaibari section of NH-8 from Design chainage 87.700 Chandkhira to Km. 106.500 Churaibari section Assam-Tripura border in the state of Assam on HAM Mode Package-6,870,0,158.08,41,07-03-2027,07-03-2027,04-03-2024
1560,Roads & Highways,Ministry of Road Transport & Highways,NHIDCL,618288,"Widening/lmprovement to 4-Lane with Paved Shoulder from Ch.5.580 Km to Ch.25.633 Km Design Ch.0.000 Km to Ch.17.737km Km 901.100 to Km 921.145 of old NH-31 of Bilasipara- Guwahati road NH-17 Section Near Chirakuta to near Mowatari, before Chapar Bypass in the state ol Assam on HAM mode Package-1",1081,0,163.12,35,04-08-2027,04-08-2027,07-02-2024
1561,Roads & Highways,Ministry of Road Transport & Highways,NHIDCL,618312,Widening/lmprovement to 4-Lane with Paved Shoulder from existing road and Greenfield alignment form Design Ch. 62.800 start of proposed Nilambazar/Cheragi Bypass to Design Ch. 87.700 near Chandkhira Village of NH-8 on Silchar-Churaibari in the state of Assam on HAM Mode Package-5,1258,0,186.86,14,23-10-2027,23-10-2027,27-02-2024
1562,Roads & Highways,Ministry of Road Transport & Highways,NHIDCL,618309,Widening/lmprovement to 4-Laning and Greenfield alignment with Paved shoulder of Silchar-Badarpur Churaibari section of NH-37 & NH-8 from Design chainage 38.600 End point of proposed Badarpur Bypass to Km. 62.800 Start point of proposed Nilambazar/Cheragi Bypass in the state of Assam on HAM Mode Package-4,1320,0,185.17,23,18-08-2027,18-08-2027,28-02-2024
1563,Roads & Highways,Ministry of Road Transport & Highways,MoRTH,618267,Widening/Upgradation to four lane configuration of Shahjahanpur-Bisalpur section from km 0.00 to km 47.026 of NH-731K on Hybrid Annuity Mode in the state of Uttar Pradesh.,1590,0,0,0,11-05-2028,11-05-2028,27-03-2023
1564,Roads & Highways,Ministry of Road Transport & Highways,MoRTH,617916,Work of 6 laning/Construction of elevated corridor from km 0/0 to 10/170 Narol Junction to Sarkhej junction including 4 lane Shastri Bridge on Sabarmati river on NH 47 in the State of Gujarat on HAM mode,1295,0,0,35,15-02-2028,15-02-2028,11-03-2024
1565,Roads & Highways,Ministry of Road Transport & Highways,MoRTH,617976,Work of development and construction of elevated corridorfrom km 38/660 to km 42/690 Iscon junction to start point of approach of sanand flyover of NH-147 in the sate of Gujarat,530,0,58.29,90,18-06-2026,15-09-2026,27-03-2023
1566,Roads & Highways,Ministry of Road Transport & Highways,MoRTH,618171,"Work of Upgradation of Jirapur-Pachore Road including Pachore, Jirapur, Chhapiheda & Khujner Bypasses from 0000 to 58790 Design Length 58.79 Km section of NH-752C to 2LPS in the State of Madhya Pradesh under EPC mode",353,0,98.96,57,15-01-2026,31-12-2026,11-03-2022
1567,Roads & Highways,Ministry of Road Transport & Highways,NHAI,619138,Yekkambi-Haveri,295,309.9,94.8,25,07-03-2024,29-02-2028,30-09-2021
1568,Shipping,"Ministry of Ports, Shipping and Waterways",Paradip Port Trust [PPT],701574,Deepening and Optimization of Inner Harbour facilities including development of Western Dock on BOT basis to handle Cape size vessels,3005,0,2261.12,76,31-12-2027,16-10-2028,23-05-2022
1569,Shipping,"Ministry of Ports, Shipping and Waterways",Deendayal Port Trust,609424,"Development of Container Terminal at Tuna-Tekra, Deendayal Port on BOT Basis Under PPP Mode",4244,0,2737.7,60,13-03-2027,30-09-2027,21-10-2022
1570,Shipping,"Ministry of Ports, Shipping and Waterways",New Mangalore Port Authority,617804,Mechanization of Berth No.14 for handling Containers and other cargo on DBFOT basis - Phase II,153,0,97.45,95,31-03-2027,,31-12-2023
1571,Shipping,"Ministry of Ports, Shipping and Waterways",Deendayal Port Trust [DPT],701570,"Replacement and revamping of pipeline projects in oil jetty area, Kandla",171,211.61,149.5,92,30-09-2023,31-03-2025,30-09-2021
1572,Steel,Ministry of Steel,National Mineral Development Corporation Limited [NMDC],400121,"Construction of Screening Plant-II for Donimalai and Kumaraswamy Iron Ore Mining Complex of NMDC Limited at Ballari Dt, Karnataka.",1044,0,649.52,70,25-08-2026,,28-11-2014
1573,Steel,Ministry of Steel,Steel Authority of India Limited (SAIL),589703,Implementation of Treatment System-2 Under ZLD at RSP,216,0,134.29,90,30-09-2026,,21-02-2025
1574,Steel,Ministry of Steel,Steel Authority of India Limited (SAIL),505491,Installation of 140 TPH Walking Beam type Reheating Furnace in Plate Mill at BSP,268,0,0,0,31-03-2028,,13-02-2026
1575,Steel,Ministry of Steel,Steel Authority of India Limited [SAIL],617242,Installation of New Bar Mill at Durgapur Steel Plant,2115,0,935.57,68,30-06-2027,,09-07-2024
1576,Steel,Ministry of Steel,Steel Authority of India Limited (SAIL),635651,"New Product Testing Laboratory for NPM, SPP & NHSM at RSP",155,0,56.24,72,31-08-2027,,05-06-2025
1577,Steel,Ministry of Steel,Steel Authority of India Limited [SAIL],400174,"New Sinter Plant at BSL, SAIL",1034,1752.3,1028.11,64,31-10-2027,30-06-2027,30-03-2015
1578,Steel,Ministry of Steel,National Mineral Development Corporation Limited [NMDC],706811,NMDC Slurry Pipeline Project Phase-1,2907,5427,3649.08,96,30-06-2023,15-08-2026,10-11-2015
1579,Steel,Ministry of Steel,Steel Authority of India Limited [SAIL],612781,Rebuilding of COB 4 at Durgapur Steel Plant,917,0,244.78,37,30-09-2027,30-09-2027,11-09-2023
1580,Steel,Ministry of Steel,Steel Authority of India Limited [SAIL],617257,Rebuilding of Coke Oven Battery No.6 at Bokaro Steel Plant,627,0,347.42,68,15-11-2026,30-11-2027,15-11-2023
1581,Steel,Ministry of Steel,Steel Authority of India Limited [SAIL],617256,Rebuilding of Coke Oven Battery No.7 & 8 at Bhilai Steel Plant,884,0,693.83,95,31-10-2025,30-09-2026,30-11-2023
1582,Steel,Ministry of Steel,Steel Authority of India Limited [SAIL],617255,"Replacement of Converter Vessels, Trunnion Rings, Support System & Installation of Secondary Emission at Bhilai Steel Plant",472,0,266.11,74,14-06-2026,30-09-2026,31-10-2023
1583,Steel,Ministry of Steel,Steel Authority of India Limited [SAIL],617249,Replacement of existing Grinders in CRM-I & II at Bokaro Steel Plant,212,0,60.6,62,27-01-2027,,20-01-2025
1584,Steel,Ministry of Steel,Steel Authority of India Limited [SAIL],617243,Replacement of Hot Leveller No.1 of Plate Mill at Bhilai Steel Plant,199,0,129.25,83,29-07-2026,,26-07-2024
1585,Steel,Ministry of Steel,Steel Authority of India Limited [SAIL],617254,Replacement of remaining 04 sets of Battery Cyclones with 04 Nos. of ESPs in Sinter Plant-1 at Bokaro Steel Plant,260,0,127.53,53,29-06-2026,30-04-2027,28-03-2024
1586,Steel,Ministry of Steel,Steel Authority of India Limited [SAIL],617251,Revamping of Air Pollution Control Systems of SP-1 at Durgapur Steel Plant,196,0,65.74,35,27-05-2026,31-12-2026,11-07-2024
1587,Steel,Ministry of Steel,National Mineral Development Corporation Limited [NMDC],709826,SCREENING PLANT-III AT KIRANDUL,2719,3062.39,1754.7,83,31-01-2026,31-07-2027,31-01-2009
1588,Steel,Ministry of Steel,Steel Authority of India Limited [SAIL],617250,Secondary Emission Control in Converters of SMS-II at Bokaro Steel Plant,207,0,103.47,56,25-10-2026,30-04-2027,20-01-2025
1589,Steel,Ministry of Steel,Steel Authority of India Limited (SAIL),425828,Stamp Charge Battery No.12 Coke Dry Cooling Plant at IISCO Steel Plant,707,0,132.26,12,31-07-2028,,23-01-2025
1590,Steel,Ministry of Steel,Steel Authority of India Limited [SAIL],617338,Stamp Charge Battery No.12 Battery Proper at IISCO Steel Plant,2518,0,472.41,28,20-07-2028,,20-01-2025
1591,Steel,Ministry of Steel,Steel Authority of India Limited (SAIL),364934,Stamp Charge Battery No.12 By-product Plant at IISCO Steel Plant,999,0,70.37,19,31-07-2028,,23-01-2025
1592,Steel,Ministry of Steel,Steel Authority of India Limited (SAIL),834015,Stamp Charge Battery No.12 By-product Plant at RSP,1140,0,207.56,23,31-03-2028,,07-09-2024
1593,Steel,Ministry of Steel,Steel Authority of India Limited (SAIL),738679,Stamp Charge Battery No.7 Battery Proper at RSP,2584,0,1182.92,54,31-03-2028,,07-09-2024
1594,Steel,Ministry of Steel,Steel Authority of India Limited (SAIL),478482,Stamp Charge Battery No.7 Coke Dry Cooling Plant at RSP,1065,0,73.91,0,31-08-2028,,07-02-2026
1595,Steel,Ministry of Steel,Steel Authority of India Limited (SAIL),944288,Super accelerated cooling system (Uniform Cooling) for high strength plates in Plate Mill at BSP,192,0,63.8,48,31-12-2026,,05-06-2025
1596,Steel,Ministry of Steel,Steel Authority of India Limited [SAIL],617248,Third Ladle Furnace in Secondary Refinery Unit at IISCO Steel Plant,228,0,111.44,75,17-07-2026,30-11-2026,16-11-2024
1597,Steel,Ministry of Steel,Steel Authority of India Limited [SAIL],617246,Up-gradation of Blast Furnace No. 3 at Durgapur Steel Plant,758,0,316.01,62,31-10-2027,31-10-2027,09-09-2024
1598,Telecommunication,Department of Telecommunications,Department of Telecommunications [DoT],701593,4G Services by BSNL,28466,19592,9165.04,99,31-03-2024,31-03-2026,01-11-2020
1599,Telecommunication,Department of Telecommunications,Department of Telecommunications [DoT],704495,"502 Aspirational District Scheme in Four states - Bihar, Madhya Pradesh, Rajastha and Uttar Pradesh",422,228.94,152.96,100,16-03-2022,21-06-2026,23-12-2019
1600,Telecommunication,Department of Telecommunications,Department of Telecommunications,976009,"Amended BharatNet Program - ARP, NGL, MNP",1168,0,123.28,1,25-06-2028,,04-08-2023
1601,Telecommunication,Department of Telecommunications,Department of Telecommunications,240484,Amended BharatNet Program - AS,832,0,83.16,0,24-03-2029,,04-08-2023
1602,Telecommunication,Department of Telecommunications,Department of Telecommunications,914467,Amended BharatNet Program - BR,1550,0,222.77,18,11-03-2028,,04-08-2023
1603,Telecommunication,Department of Telecommunications,Department of Telecommunications,476006,Amended BharatNet Program - HP,1292,0,148.93,23,24-02-2028,,04-08-2023
1604,Telecommunication,Department of Telecommunications,Department of Telecommunications,124199,Amended BharatNet Program - HR,837,0,83.68,0,24-03-2029,,04-08-2023
1605,Telecommunication,Department of Telecommunications,Department of Telecommunications,437130,"Amended BharatNet Program - J&K, LAD",1621,0,170.05,8,10-06-2028,,04-08-2023
1606,Telecommunication,Department of Telecommunications,Department of Telecommunications,660056,Amended BharatNet Program - KL,765,0,94.95,2,15-06-2028,,04-08-2023
1607,Telecommunication,Department of Telecommunications,Department of Telecommunications,108841,"Amended BharatNet Program - KTK, GOA, PY",3742,0,435.31,8,16-06-2028,,04-08-2023
1608,Telecommunication,Department of Telecommunications,Department of Telecommunications,462136,"Amended BharatNet Program - MGH, MZM, TRP",768,0,0,0,11-04-2029,,04-08-2023
1609,Telecommunication,Department of Telecommunications,Department of Telecommunications,175860,"Amended BharatNet Program - MP, DD and DNH",4943,0,562.13,8,18-05-2028,,04-06-2023
1610,Telecommunication,Department of Telecommunications,Department of Telecommunications,317725,Amended BharatNet Program - OD,1713,0,0,0,01-07-2029,,04-08-2023
1611,Telecommunication,Department of Telecommunications,Department of Telecommunications,171218,Amended BharatNet Program - PB,1245,0,0,27,18-02-2028,,04-08-2023
1612,Telecommunication,Department of Telecommunications,Department of Telecommunications,938832,Amended BharatNet Program - RJ,2839,0,283.93,0,24-03-2029,,04-08-2023
1613,Telecommunication,Department of Telecommunications,Department of Telecommunications,946208,Amended BharatNet Program - SKM,160,0,0,0,07-06-2029,,04-08-2023
1614,Telecommunication,Department of Telecommunications,Department of Telecommunications,665021,Amended BharatNet Program - UKD,1821,0,209.87,21,18-05-2028,,04-08-2023
1615,Telecommunication,Department of Telecommunications,Department of Telecommunications,222253,Amended BharatNet Program - UP (East),5008,0,502,8,19-02-2028,,04-08-2023
1616,Telecommunication,Department of Telecommunications,Department of Telecommunications,708687,Amended BharatNet Program - UP (West),1917,0,0,7,19-02-2028,,04-08-2023
1617,Telecommunication,Department of Telecommunications,Department of Telecommunications,210914,Amended BharatNet Program - WB & ANI,1674,0,223.41,15,24-02-2028,,04-08-2023
1618,Telecommunication,Department of Telecommunications,Department of Telecommunications [DoT],706775,BharatNet,61109,12709,48809.7,100,31-08-2023,31-03-2019,19-07-2017
1619,Telecommunication,Department of Telecommunications,Department of Telecommunications,547243,BharatNet Phase-II,22175,0,20691.7,93,31-05-2023,,19-07-2017
1620,Telecommunication,Department of Telecommunications,Department of Telecommunications [DoT],617413,Mobile connectivity in Left Wing Extremism [LWE] affected areas-Phase 1 Upgradation,1885,0,376.8,99,08-05-2025,31-12-2026,27-04-2022
1621,Telecommunication,Department of Telecommunications,Department of Telecommunications [DoT],701599,Mobile connectivity in Left Wing Extremism [LWE] affected areas-Phase2,1578,604.6,492.2,90,31-03-2023,08-11-2026,23-05-2018
1622,Telecommunication,Department of Telecommunications,BSNL,709856,MPLS-IP BASED ACCESS AND AGGREGATION NETWORK [MAAN] IN BSNL ALONG WITH TEST AND MEASURING EQUIPMENT,645,0,407.9,92,31-08-2024,31-08-2026,31-05-2023
1623,Telecommunication,Department of Telecommunications,BSNL,709857,"Planning, Engineering, Supply, Installation, Testing, Commissioning, Integration & Annual Maintenance of 4G mobile network at 1 Lakh sites on PAN India basis including Mumbai & Delhi LSA on turnkey basis under Phase IX.2 Project.",24545,0,9165.89,99,21-06-2025,30-09-2026,08-05-2023
1624,Telecommunication,Department of Telecommunications,Department of Telecommunications [DoT],701602,"Provision of 4G based mobile services in 7,287 uncovered villages of 44 Aspirational District across 5 states of Andhra Pradesh, Chhattisgarh, Jharkhand, Maharashtra & Odisha",3685,1448.61,1108.02,81,19-11-2023,14-01-2027,17-11-2021
1625,Telecommunication,Department of Telecommunications,Department of Telecommunications,701598,Provision of 4G based Mobile Services in Uncovered Villages and National Highways of Meghalaya,972,180.46,167.23,100,03-03-2022,30-06-2026,19-09-2019
1626,Telecommunication,Department of Telecommunications,Department of Telecommunications,701597,Provision of 4G Mobile Services in Uncovered Villages of Arunachal Pradesh and 2 Districts of Assam,1255,276.62,237.98,100,30-04-2023,30-09-2026,09-12-2020
1627,Telecommunication,Department of Telecommunications,Department of Telecommunications [DoT],400013,Saturation 4G mobile coverage of Uncovered Villages through USOF,26316,15392.8,8722.82,88,20-06-2024,31-03-2027,27-07-2022
1628,Telecommunication,Department of Telecommunications,National Communication Academy - Finance [Erstwhile NICF],709859,SETTING UP OF PHYSICAL INFRASTRUCTURE FOR THE NATIONAL INSTITUTE OF COMMUNICATION FINANCE [NICF] AT GHITORNI,248,0,237.43,98,17-02-2020,30-09-2026,09-10-2014
1629,"Tourism, Hospitality & Wellness","Ministry of Ports, Shipping and Waterways",Indian Port Rail & Ropeway Corporation Ltd. [IPRCL],707215,National Maritime Heritage Complex [NMHC] Phase-I,573,1238.05,656.38,80,15-11-2026,31-03-2026,22-02-2019
1630,Transmission & Distribution,Ministry of Power,Power Grid Corporation of India Limited [POWERGRID],615337,Additional Transmission System for evacuation of Power from Bhadla-III PS as part of Rajasthan REZ Phase III Scheme [20 GW] [SPV Name POWERGRID Bhadla-III Power Transmission Limited],369,0,258.3,87,27-02-2026,30-09-2026,28-08-2024
1631,Transmission & Distribution,Ministry of Power,Power Grid Corporation of India Limited [POWERGRID],617181,"Augmentation at Fatehgarh-II PS, Fatehgarh-IV PS [Section-II] and Barmer-I PS [POWERGRID Fatehgarh Barmer Augmentation Transmission Limited]",404,0,32.32,17,20-12-2026,30-06-2027,21-03-2025
1632,Transmission & Distribution,Ministry of Power,Power Grid Corporation of India Limited [POWERGRID],619028,Augmentation of 1x500 MVA 400/220kV ICT [3rd] at Thrissur VSC HVDC Station in Kerala,173,0,2.08,2,21-08-2027,31-12-2027,21-08-2025
1633,Transmission & Distribution,Ministry of Power,Power Grid Corporation of India Limited [POWERGRID],617182,Augmentation of Banaskantha [Raghanesda] PS [GIS] [POWERGRID Banaskantha Transco Limited],172,0,61.92,42,23-03-2027,,24-03-2025
1634,Transmission & Distribution,Ministry of Power,Power Grid Corporation of India Limited [POWERGRID],617802,Augmentation of Transformation Capacity and Implementation of Line Bays at Mandsaur S/S for RE Interconnection [SPV Name- POWERGRID Mandsaur I RE Transmission Limited],319,0,17.23,5,30-03-2028,,08-10-2025
1635,Transmission & Distribution,Ministry of Power,Power Grid Corporation of India Limited [POWERGRID],617391,Augmentation of Transformation Capacity at Bhuj-II PS [GIS],488,0,14.64,7,23-11-2026,30-06-2027,24-02-2025
1636,Transmission & Distribution,Ministry of Power,Power Grid Corporation of India Limited [POWERGRID],615342,Augmentation of Transformation Capacity at jam Khambhaliya PS [GIS] [SPV Name POWERGRID Jam Khambhaliya Transmission Limited],329,0,72.38,33,14-07-2026,30-04-2027,15-10-2024
1637,Transmission & Distribution,Ministry of Power,Power Grid Corporation of India Limited [POWERGRID],617069,Augmentation of Transformation Capacity at KPS1 [GIS] and KPS2 [GIS] [Phase-V Part B1 and Part B2 Scheme] [SPV Name- POWERGRID KPS1 and 2 Augmentation Transmission Limited],466,0,154.9,37,17-02-2027,,18-02-2025
1638,Transmission & Distribution,Ministry of Power,Power Grid Corporation of India Limited [POWERGRID],617068,"Augmentation of Transformation Capacity by 3x500 MVA, 400/220 KV ICTS [6th-8th] and 1x1500 MVA, 765/400 KV ICT [4th] at Bidar PS [SPV Name- POWERGRID Bidar Augmentation Transmission Limited]",288,0,28.8,19,30-06-2027,,18-02-2025
1639,Transmission & Distribution,Ministry of Power,Power Grid Corporation of India Limited [POWERGRID],602223,Comprehensive Scheme for Strengthening of Transmission and Distribution [T&D] Systems [CSST&DS] in Arunachal Pradesh and Sikkim,4754,9129.32,8141.52,84,19-12-2018,31-03-2027,14-10-2014
1640,Transmission & Distribution,Ministry of Power,Power Grid Corporation of India Limited [POWERGRID],617271,Eastern Region Expansion Scheme-43 [ERES-43],343,0,143.93,30,01-03-2026,30-09-2026,02-09-2024
1641,Transmission & Distribution,Ministry of Power,Power Grid Corporation of India Limited [POWERGRID],617270,Eastern Region Expansion Scheme-44 [ERES-44],409,0,6.13,2,24-05-2026,30-09-2027,25-11-2024
1642,Transmission & Distribution,Ministry of Power,Power Grid Corporation of India Limited [POWERGRID],617272,Implementation of LILO of both circuits of 400KV vindhyachal PS-Sasan D/C Line at Hindalco Switchyard,370,0,148,55,06-12-2026,,07-06-2024
1643,Transmission & Distribution,Ministry of Power,Power Grid Corporation of India Limited [POWERGRID],617326,Implementation of Transmission Systems in the State of Jharkhand consisting of 400/220/132/33 kV transmission lines and substations under Jharkhand Consultancy Project,1842,0,1648.05,96,31-03-2026,30-06-2027,24-02-2012
1644,Transmission & Distribution,Ministry of Power,Power Grid Corporation of India Limited [POWERGRID],617807,Inter-regional [NR-WR] Transmission System strengthening to relieve the loading of 765 kV Vindhyachal-Varanasi D/c line,2368,0,157.94,6,16-10-2027,,16-10-2025
1645,Transmission & Distribution,Ministry of Power,Power Grid Corporation of India Limited [POWERGRID],619030,Inter-Regional Strengthening between SR Grid and ER Grid,2722,0,190.57,3,03-08-2028,,03-02-2026
1646,Transmission & Distribution,Ministry of Power,Power Grid Corporation of India Limited [POWERGRID],617808,Inter-Regional Strengthening between SR Grid and WR Grid,1007,0,50.35,3,17-10-2027,,17-10-2025
1647,Transmission & Distribution,Ministry of Power,Adani Transmission Limited,617405,Jamnagar Transmission Limited,4000,0,698,24,14-10-2026,30-09-2027,14-10-2024
1648,Transmission & Distribution,Ministry of Power,Adani Transmission Limited,619049,Khavda IVA Power Transmission Limited,4500,0,2772.7,70,30-08-2026,31-03-2027,30-08-2024
1649,Transmission & Distribution,Ministry of Power,Adani Transmission Limited,619026,KPSIII HVDC Transmission Limited,19000,0,20,1,12-12-2029,,12-12-2025
1650,Transmission & Distribution,Ministry of Power,Adani Transmission Limited,619024,Mahan Transmission Limited,3125,0,542.79,30,25-04-2027,,26-03-2025
1651,Transmission & Distribution,Ministry of Power,Power Grid Corporation of India Limited [POWERGRID],619227,Network Expansion Scheme in Maharashtra for removal of Transmission constraints in Pune Region-I [765/400kV AIS Pune East],1420,0,38.9,4,11-03-2028,,12-03-2026
1652,Transmission & Distribution,Ministry of Power,Power Grid Corporation of India Limited [POWERGRID],617375,North Eastern Region Expansion Scheme-XXIII [NERES-XXIII],209,0,3.14,4,03-02-2028,,04-08-2025
1653,Transmission & Distribution,Ministry of Power,Power Grid Corporation of India Limited [POWERGRID],607709,NORTH EASTERN REGION POWER SYSTEM IMPROVEMENT PROJECT [NERPSIP],5111,6700,5577.75,99,31-12-2018,31-03-2027,01-12-2014
1654,Transmission & Distribution,Ministry of Power,Power Grid Corporation of India Limited [POWERGRID],615343,Provision of Dynamic Reactive Compensation at Khavda pooling Station 1 [KPS1] and Khavda Pooling station 3 [KPS3],501,0,26.45,9,06-11-2026,,07-11-2024
1655,Transmission & Distribution,Ministry of Power,Power Grid Corporation of India Limited [POWERGRID],617801,Provision of ICT Augmentation & Bus Reactor at Bhuj-II PS,582,0,17.45,7,18-12-2026,30-06-2027,18-03-2025
1656,Transmission & Distribution,Ministry of Power,Adani Transmission Limited,619025,RAJASTHAN PART I POWER TRANSMISSION LIMITED,25000,0,735.05,10,20-07-2029,,20-01-2025
1657,Transmission & Distribution,Ministry of Power,Power Grid Corporation of India Limited [POWERGRID],617186,Rajasthan REZ Ph-V [Part-1- 4 GW] [Sirohi/Nagaur] Complex [Rajasthan V Power Transmission Limited],5028,0,1508.4,34,23-03-2027,30-06-2027,24-03-2025
1658,Transmission & Distribution,Ministry of Power,Power Grid Corporation of India Limited [POWERGRID],616672,System Strengthening at Koppal-II and GadagII for integration of RE generation projects [SPV Name POWERGRID Koppal Gadag Augmentation Transmission Limited],1354,0,338.5,38,01-06-2027,,16-01-2025
1659,Transmission & Distribution,Ministry of Power,Power Grid Corporation of India Limited [POWERGRID],617179,Transmission Scheme for evacuation of Power from Ratle HEP [850 MW] & kiru [624 MW] Part B,219,0,3.72,2,14-07-2026,30-06-2027,15-07-2024
1660,Transmission & Distribution,Ministry of Power,Power Grid Corporation of India Limited [POWERGRID],612132,Transmission Scheme for Evacuation of power from REZ in Rajasthan [20 GW] under Phase-III Part D Phase I [Sikar Khetri Transmission Ltd],2423,0,2229.16,92,08-08-2025,31-03-2027,09-02-2024
1661,Transmission & Distribution,Ministry of Power,Power Grid Corporation of India Limited [POWERGRID],617184,Transmission Scheme for integration of Davanagere/ Chitradurga and Bellary REZ in Karnataka [POWERGRID Chitradurga Bellary REZ Transmission Limited],3453,0,552.48,23,20-09-2027,,21-03-2025
1662,Transmission & Distribution,Ministry of Power,Power Grid Corporation of India Limited [POWERGRID],612140,Transmission Scheme for Integration of Renewable Energy Zone [Phase II] in Koppal II [Phase A&B] and gadag II[Phase A] in Karnataka [POWERGRID KOPPAL GADAG TRANSMISSION LIMITED],4445,0,4089.4,96,25-12-2025,30-09-2026,26-12-2023
1663,Transmission & Distribution,Ministry of Power,Power Grid Corporation of India Limited [POWERGRID],612138,"Transmission Scheme for Solar Energy Zone in Bidar [2500 MW], Karnataka [Bidar Transmission Ltd]",1368,0,1258.56,97,08-02-2026,31-08-2026,09-02-2024
1664,Transmission & Distribution,Ministry of Power,Power Grid Corporation of India Limited [POWERGRID],612139,Transmission system for Evacuation of Additional 7 GW RE power from Khavda RE park under Phase-III Part B [Vataman Transmission Limited],4231,0,3175.79,72,25-12-2025,31-12-2026,26-12-2023
1665,Transmission & Distribution,Ministry of Power,Power Grid Corporation of India Limited [POWERGRID],617279,Transmission System for evacuation of power from Mahan Energen Limited Generating Station in Madhya Pradesh [SPV Name - POWERGRID MEL Power Transmission Limited],558,0,180.9,18,04-12-2027,,04-06-2025
1666,Transmission & Distribution,Ministry of Power,Power Grid Corporation of India Limited [POWERGRID],612855,Transmission System for Evacuation of Power from Potential Energy Renewable Zone in Khavda Area of Gujarat under Ph-IV [7GW] Part E2,697,0,592.45,82,30-05-2026,30-09-2026,30-05-2024
1667,Transmission & Distribution,Ministry of Power,Power Grid Corporation of India Limited [POWERGRID],615345,Transmission System for Evacuation of Power from Potential Renewable Energy Zone in Khavda area of Gujarat under Phase-IV [7GW] Part B [SPV Name POWERGRID South Olpad Transmission Limited],4766,0,2144.7,38,14-10-2026,31-10-2027,15-10-2024
1668,Transmission & Distribution,Ministry of Power,Power Grid Corporation of India Limited [POWERGRID],615347,TRANSMISSION SYSTEM FOR EVACUATION OF POWER FROM POTENTIAL RENEWABLE ENERGY ZONE IN KHAVDA AREA OF GUJARAT UNDER PHASE-V [8 GW] PART A [SPV Name POWERGRID West Central Transmission Limited],24819,0,2978.28,19,18-05-2029,,19-11-2024
1669,Transmission & Distribution,Ministry of Power,Power Grid Corporation of India Limited [POWERGRID],615338,TRANSMISSION SYSTEM FOR EVACUATION OF POWER FROM RAJASTHAN REZ PH -IV [PART-2 5.5 GW] [JAISALMER/BARMER COMPLEX] PART F [SPV Name POWERGRID BARMER I TRANSMISSION LIMITED],2735,0,1121.35,47,06-11-2026,30-06-2027,07-11-2024
1670,Transmission & Distribution,Ministry of Power,Power Grid Corporation of India Limited [POWERGRID],612134,Transmission System for Evacuation of power from Rajasthan REZ Ph-IV [Part-1] [Bikaner Complex] Part A [Bikaner Neemrana Transmission Ltd],4741,0,3887.62,79,26-12-2025,30-04-2027,27-12-2023
1671,Transmission & Distribution,Ministry of Power,Power Grid Corporation of India Limited [POWERGRID],612133,Transmission System for Evacuation of power from Rajasthan REZ Ph-IV [Part-1] [Bikaner Complex] Part D [Neemrana Bareilly Transmission Ltd],3271,0,2731.29,73,26-12-2025,30-04-2027,27-12-2023
1672,Transmission & Distribution,Ministry of Power,Power Grid Corporation of India Limited [POWERGRID],615344,Transmission System for Evacuation of Power from Rajasthan REZ Ph-IV [Part-2 5.5GW] [Jaisalmer/Barmer Complex] Part H1 [POWERGRID KURAWAR TRANSMISSION LIMITED],3674,0,1673.14,48,14-10-2026,30-06-2027,15-10-2024
1673,Transmission & Distribution,Ministry of Power,Power Grid Corporation of India Limited [POWERGRID],615346,Transmission System for Evacuation of Power from Rajasthan REZ Ph-IV [Part-2 5.5 GW] [Jaisalmer/Barmer Complex] Part C [SPV Name POWERGRID Mandsaur Transmission Limited],2708,0,1624.8,72,18-08-2026,28-02-2027,19-08-2024
1674,Transmission & Distribution,Ministry of Power,Power Grid Corporation of India Limited [POWERGRID],615333,Transmission System for Evacuation of Power from Rajasthan REZ Ph-IV [Part-2 5.5 GW] [Jaisalmer/Barmer Complex] Part D [SPV Name POWERGRID Beawar Mandsaur Transmission Limited],2227,0,1113.5,49,21-08-2026,31-12-2026,22-08-2024
1675,Transmission & Distribution,Ministry of Power,Power Grid Corporation of India Limited [POWERGRID],615334,Transmission System for Evacuation of Power from Rajasthan REZ Ph-IV [Part-2 5.5 GW] [Jaisalmer/Barmer Complex] Part E [SPV Name POWERGRID Mewar Transmission Limited],3251,0,2048.13,47,18-08-2026,30-04-2027,19-08-2024
1676,Transmission & Distribution,Ministry of Power,Power Grid Corporation of India Limited [POWERGRID],615332,Transmission System for Evacuation of Power from Rajasthan REZ Ph-IV [Part-2 5.5 GW][Jaisalmer/Barmer Complex] Part B [SPV Name POWERGRID Sirohi Transmission Limited],3279,0,1901.82,56,22-08-2026,31-03-2027,23-08-2024
1677,Transmission & Distribution,Ministry of Power,Power Grid Corporation of India Limited [POWERGRID],615340,TRANSMISSION SYSTEM FOR EVACUATION OF POWER FROM RAJASTHAN REZ PH-IV [PART-3/ 6 GW] [BIKANER COMPLEX] PART B [SPV Name POWERGRID Siwani Transmission Limited],5357,0,1921.02,37,11-11-2026,31-03-2027,12-11-2024
1678,Transmission & Distribution,Ministry of Power,Power Grid Corporation of India Limited [POWERGRID],615339,Transmission system for evacuation of power from Rajasthan REZ Ph-IV [Part-3/6GW] [Bikaner complex] Part A [SPV Name POWERGRID Bikaner IV Transmission Limited],5969,0,1969.77,33,11-11-2026,30-04-2027,12-11-2024
1679,Transmission & Distribution,Ministry of Power,Power Grid Corporation of India Limited [POWERGRID],616670,Transmission System for evacuation of Power from Rajasthan REZ Ph-IV [Part-4 3.5 GW] Part A [SPV name POWERGRID Ghiror Transmission Limited],5846,0,1953.73,41,30-12-2026,30-06-2027,30-12-2024
1680,Transmission & Distribution,Ministry of Power,Power Grid Corporation of India Limited [POWERGRID],615336,Transmission system for evacuation of Power from REZ in Rajasthan [20 GW] under phase-III Part-D Phase-II,284,0,90.88,46,28-02-2026,31-12-2026,07-11-2023
1681,Transmission & Distribution,Ministry of Power,Power Grid Corporation of India Limited [POWERGRID],611949,Transmission system for evacuation of power from REZ in Rajasthan 20 GW under Phase-III part C1,1160,0,1148.4,100,30-04-2025,31-08-2026,26-10-2023
1682,Transmission & Distribution,Ministry of Power,Power Grid Corporation of India Limited [POWERGRID],611735,Transmission system for evacuation of power from REZ in Rajasthan 20GW under Phase-III Part J,331,0,235.01,69,31-03-2025,31-12-2026,01-12-2022
1683,Transmission & Distribution,Ministry of Power,Sterlite Power,617806,Transmission System for Integration of Ananthapur 2 REZ Phase 1 for 4.5 GW. SPV Name Anantapuram 2 REZ Transmission Ltd,4536,0,1207.57,64,30-03-2027,,23-08-2024
1684,Transmission & Distribution,Ministry of Power,Power Grid Corporation of India Limited [POWERGRID],617185,Transmission System for Integration of Kurnool-IV REZ Phase-I [for 4.5 GW] [POWERGRID Kurnool-IV Transmission Limited],5550,0,1776,29,23-03-2027,30-09-2027,24-03-2025
1685,Transmission & Distribution,Ministry of Power,Power Grid Corporation of India Limited [POWERGRID],619029,Transmission System for Reliable Power Supply to Dholera,319,0,70.27,35,02-03-2026,31-12-2026,02-09-2024
1686,Transmission & Distribution,Ministry of Power,Power Grid Corporation of India Limited [POWERGRID],617269,Transmission System for Strengthening to facilitate evacuation of power from Bhadla/Bikaner Complex,213,0,12.76,12,09-06-2026,31-12-2026,10-12-2024
1687,Transmission & Distribution,Ministry of Power,Power Grid Corporation of India Limited [POWERGRID],617803,Transmission System Strengthening at Davanagere for Integration of RE Generation [SPV Name - POWERGRID Davanagere Power Transmission Limited],379,0,17.06,2,24-09-2027,,24-09-2025
1688,Transmission & Distribution,Ministry of Power,Power Grid Corporation of India Limited [POWERGRID],617183,Transmission system strengthening at Kurnool- III PS for integration of additional RE generation projects [POWERGRID Kurnool III PS RE Transmission Limited],2886,0,894.66,44,31-12-2027,,27-03-2025
1689,Transmission & Distribution,Ministry of Power,Power Grid Corporation of India Limited [POWERGRID],619228,Transmission System Strengthening for integration of additional RE Potential at Davanagere [0.25 GW] and Bellary [2.75 GW],1111,0,22.22,1,11-02-2028,,12-02-2026
1690,Transmission & Distribution,Ministry of Power,Power Grid Corporation of India Limited [POWERGRID],615335,Transmission System Strengthening for Interconnections of Bhadla-III & Bikaner III Complex [SPV Name POWERGRID BHADLA BIKANER TRANSMISSION LIMITED],1382,0,628.81,57,29-08-2026,31-03-2027,30-08-2024
1691,Transmission & Distribution,Ministry of Power,Power Grid Corporation of India Limited [POWERGRID],616671,Transmission System under ISTS for evacuation of Power from Kudankulam Unit-3&4 [2x1000 MW] [SPV Name POWERGRID Kudankulam Tarnsmission Limited],548,0,208.24,24,31-12-2026,31-03-2027,10-01-2025
1692,Transmission & Distribution,Ministry of Power,Adani Transmission Limited,619027,WRNES Talegaon Power Transmission Limited,2000,0,25,5,01-01-2028,,30-05-2025
1693,Urban Public Transport,Ministry of Housing & Urban Affairs,Uttar Pradesh metro rail corporation [UPMRC],702629,Agra Metro Rail Project,8380,0,6368.28,73,26-05-2024,30-06-2027,27-05-2019
1694,Urban Public Transport,Ministry of Housing & Urban Affairs,Bengaluru Metro Rail,612878,Bangalore Metro Rail Project - PHASE-3,15611,0,0,4,31-05-2031,,13-09-2024
1695,Urban Public Transport,Ministry of Housing & Urban Affairs,Madhya Pradesh Metro Rail Co Limited [MPMRCL],702625,Bhopal Metro Rail Project,6941,0,4498.76,63,29-11-2022,30-06-2028,30-11-2018
1696,Urban Public Transport,Ministry of Housing & Urban Affairs,Chennai Metro Rail Limited [CMRL],702668,Chennai Metro Rail Phase-II Development Project,63246,0,34698,56,31-08-2029,,18-10-2024
1697,Urban Public Transport,Ministry of Housing & Urban Affairs,Bengaluru Metro Rail,702665,Construction Bangalore Metro Rail Project Phase-2A & 2B,14788,14788.1,10878.5,68,30-06-2026,30-06-2026,07-06-2021
1698,Urban Public Transport,Ministry of Housing & Urban Affairs,Bengaluru Metro Rail,702635,Construction of Bangalore Metro Rail Project Phase 2.,26405,30695.1,29835,96,22-03-2021,30-09-2026,21-02-2014
1699,Urban Public Transport,Ministry of Housing & Urban Affairs,Delhi Metro Rail Corporation Limited [DMRC],619031,Delhi Metro Rail Phase V A,12015,0,264.98,6,31-12-2028,,07-01-2026
1700,Urban Public Transport,Ministry of Housing & Urban Affairs,Delhi Metro Rail Corporation Limited [DMRC],617207,Delhi Metro Rail Phase-IV [2 Corridors],8400,0,183.23,4,27-03-2029,,28-03-2024
1701,Urban Public Transport,Ministry of Housing & Urban Affairs,Delhi Metro Rail Corporation Limited [DMRC],617206,Delhi Metro Rail Phase-IV [Rithala - Kundli Corridor],6231,0,800.48,5,02-01-2029,,03-01-2025
1702,Urban Public Transport,Ministry of Housing & Urban Affairs,Delhi Metro Rail Corporation Limited [DMRC],702632,DMRTS Phase - IV [3 Priority Corridors],24949,0,21420.8,83,31-03-2025,31-12-2026,04-07-2019
1703,Urban Public Transport,Ministry of Housing & Urban Affairs,Noida Metro Rail Corporation Ltd. [NMRCL],616221,"Extension of Aqua Line Metro Corridor from Noida Sector-142 station to Botanical Garden, Noida of Noida Metro Rail Corporation",2254,0,0,0,16-03-2030,,17-03-2026
1704,Urban Public Transport,Ministry of Housing & Urban Affairs,Madhya Pradesh Metro Rail Co Limited [MPMRCL],702626,Indore Metro Rail Project,7501,0,5093.95,65,29-11-2022,31-12-2028,30-11-2018
1705,Urban Public Transport,Ministry of Housing & Urban Affairs,Jaipur Metro Rail Corporation,612068,Jaipur Metro Phase 1D Project from Mansarovar to Ajmer Road Chauraha,205,0,23.34,12,30-03-2026,,13-05-2026
1706,Urban Public Transport,Ministry of Housing & Urban Affairs,Jaipur Metro Rail Corporation,245986,Jaipur Metro Rail Project Phase 2 (Prahladpura to Todi Mod),13038,0,1.79,2,28-10-2031,,28-04-2026
1707,Urban Public Transport,Ministry of Housing & Urban Affairs,ministry of housing and urban affairs,701991,Kalyan Station Precinct Imporvement Project,600,723.7,530.04,85,31-07-2023,30-06-2026,24-04-2018
1708,Urban Public Transport,Ministry of Housing & Urban Affairs,Uttar Pradesh metro rail corporation [UPMRC],702628,Kanpur Metro Rail Project,11076,0,9463.15,83,26-05-2024,31-03-2027,27-05-2019
1709,Urban Public Transport,Ministry of Housing & Urban Affairs,CSPCC Projects,702664,Kochi Metro Rail Phase 2 Development Project,1957,0,816.8,41,20-11-2026,20-11-2026,21-11-2022
1710,Urban Public Transport,Ministry of Housing & Urban Affairs,Uttar Pradesh metro rail corporation [UPMRC],619052,LUCKNOW METRO RAIL PROJECT PHASE-1B EAST WEST CORRIDOR,5801,0,0.05,2,30-04-2031,,03-09-2025
1711,Urban Public Transport,Ministry of Housing & Urban Affairs,Gurugram Metro Rail Limited [GMRL],619022,"Metro connectivity from Millennium City Centre to Cyber City with Spur to Dwarka Expressway, Gurugram.",5453,0,193.32,10,06-07-2027,,06-07-2023
1712,Urban Public Transport,Ministry of Housing & Urban Affairs,Mumbai Metro Rail Corporation Limited [MMRC],702637,Mumbai Metro Line 3,23136,37276,35960,99,31-03-2023,31-08-2025,18-07-2013
1713,Urban Public Transport,Ministry of Housing & Urban Affairs,Maharashtra Metro Rail Corporation Limited [MMRCL],702658,Nagpur Metro Rail Phase II Development Project,6708,0,2161.73,42,31-12-2027,,29-12-2022
1714,Urban Public Transport,Ministry of Housing & Urban Affairs,ministry of housing and urban affairs,701745,New Suburba Station Development Project,263,0,163.21,48,31-07-2022,,26-04-2018
1715,Urban Public Transport,Ministry of Housing & Urban Affairs,Patna Metro Rail Corporation Ltd. [PMRCL],702627,Patna Metro Rail Project,13366,13365.8,5198.09,50,26-02-2024,30-06-2027,27-02-2019
1716,Urban Public Transport,Ministry of Housing & Urban Affairs,Maharashtra Metro Rail Corporation Limited [MMRCL],617225,PCMC To Nigdi- Extension Of North South Corridor Of Phase-1,910,960.18,322.59,49,31-01-2027,,23-10-2023
1717,Urban Public Transport,Ministry of Housing & Urban Affairs,Maharashtra Metro Rail Corporation Limited [MMRCL],617226,Pune Metro Phase-1 Extension line towards south from Swargate to Katraj,2955,0,190.07,9,04-03-2029,,04-09-2024
1718,Urban Public Transport,Ministry of Housing & Urban Affairs,Maharashtra Metro Rail Corporation Limited [MMRCL],618971,Pune Metro Rail Project Phase-2 Corridor 2A Vanaz to Chandani Chowk and Corridor 2B Ramwadi to Wagholi/Vitthalwadi,3626,0,16.17,2,31-07-2029,,16-07-2025
1719,Urban Public Transport,Ministry of Housing & Urban Affairs,Maharashtra Metro Rail Corporation Limited [MMRCL],618985,Pune Metro Rail Project Phase-2 Line-4 Kharadi to Khadakwasla with Spur Line 4A Nal Stop - Warje - Manikbaug,9858,0,8.62,2,31-12-2030,,16-12-2025
1720,Urban Public Transport,Ministry of Housing & Urban Affairs,Jaipur Metro Rail Corporation,612066,Rajasthan Metro Rail Project Phase 1C from Badi Chaupar to Transport Nagar via Galta Gate,980,0,103.03,0,30-04-2027,,07-10-2025
1721,Urban Public Transport,Ministry of Housing & Urban Affairs,Gujarat Metro Rail Corporation Limited [GMRCL],702630,Surat Metro Rail Project,12020,0,9332.21,82,09-03-2024,31-03-2027,09-03-2019
1722,Urban Public Transport,Ministry of Housing & Urban Affairs,Maharashtra Metro Rail Corporation Limited [MMRCL],617327,Thane Integral Ring Metro Rail Project,12200,0,101.17,10,30-09-2029,,04-09-2024
1723,Waste & Water,"Department of Water Resources, River Development & GR",National Mission for Clean Ganga,616594,Interception & Diversion with Rehabilitation of sewerage scheme at Agra under Hybrid annuity based PPP model-Namami Gange Programme,842,0,208.64,84,30-04-2025,31-12-2026,06-05-2020
1724,Waste & Water,"Department of Water Resources, River Development & GR",National Mission for Clean Ganga,616600,Interception and Diversion and STP works in Bhagalpur under Hybrid annuity based PPP mode-Namami Gange Programme,413,0,126.67,97,06-02-2025,31-12-2026,12-10-2017
1725,Waste & Water,"Department of Water Resources, River Development & GR",National Mission for Clean Ganga,616604,Pollution Abatement works for River Ganga at Hooghly Chinsurah- Municipal Town Interception & Diversion with STP,155,0,102.04,94,30-03-2025,31-08-2026,10-05-2018
1726,Waste & Water,"Department of Water Resources, River Development & GR",National Mission for Clean Ganga,616605,Pollution Abatement Works for River Kali Meerut under Meerut Municipality Interception & Diversion with STP,691,0,34.79,57,31-12-2024,31-03-2027,06-05-2020
1727,Waste & Water,"Department of Water Resources, River Development & GR",National Mission for Clean Ganga,616611,Sewage Treatment Plant 100MLD and Sewerage Network 288 km in Digha-Patna under Hybrid annuity based PPP mode-Namami Gange Programme,824,0,403.34,59,30-12-2025,30-09-2026,11-08-2017
1728,Waste & Water,"Department of Water Resources, River Development & GR",NMCG1,616612,Sewage Treatment Plant 50MLD and Sewerage Network 150 km in Kankarbagh Patna under Hybrid annuity based PPP mode Namami Gange Programme,579,0,174.61,55,30-12-2025,,11-08-2017
1729,Waste & Water,"Department of Water Resources, River Development & GR",National Mission for Clean Ganga,616615,"Sewer Network, SPS and STP at Begusarai",230,0,261.82,97,30-04-2025,31-12-2026,08-03-2010
1730,Waste & Water,"Department of Water Resources, River Development & GR",National Mission for Clean Ganga,616616,"Sewer Networks, SPS and STP at Hajipur",305,0,346.46,95,30-06-2025,31-12-2026,08-03-2010
1731,Waste & Water,Ministry of Housing & Urban Affairs,Ministry of Housing & Urban Affairs,702746,Augmentation and Strenghthning of Urban Water Supply Phase 1 - SAAP 3,278,0,186.5,81,31-03-2023,30-06-2026,02-02-2017
1732,Waste & Water,Ministry of Housing & Urban Affairs,Ministry of Housing & Urban Affairs,702760,Belgavi Improvement in Sewerage System Project,163,0,79.5,80,31-07-2023,30-06-2026,15-12-2015
1733,Waste & Water,Ministry of Housing & Urban Affairs,Ministry of Housing & Urban Affairs,702741,Dhanbad Water Supply Infrastructure Project,217,0,129.16,76,31-03-2023,30-06-2026,02-02-2017
1734,Waste & Water,Ministry of Housing & Urban Affairs,Ministry of Housing & Urban Affairs,702674,"ESR - 8 nos., distribution system - 216 Km, new house service connections - 38760 nos. upgrading of feeder mains, pumping station etc. - Phase II",172,0,88.86,82,31-03-2023,31-08-2026,02-02-2017
1735,Waste & Water,Ministry of Housing & Urban Affairs,Ministry of Housing & Urban Affairs,702793,Indore Water Supply Infrastructure Project,287,0,252.5,99,31-03-2023,30-06-2026,21-12-2016
1736,Waste & Water,Ministry of Housing & Urban Affairs,Ministry of Housing & Urban Affairs,703021,Jalandhar Water Supply Infrastructure Project,259,266.64,161.02,90,28-08-2023,31-08-2026,18-11-2016
1737,Waste & Water,Ministry of Housing & Urban Affairs,Ministry of Housing & Urban Affairs,702949,Jhansi Water Supply Infrastructure Phase-II Project,562,0,506.52,95,31-07-2023,31-08-2026,15-03-2017
1738,Waste & Water,Ministry of Housing & Urban Affairs,Ministry of Housing & Urban Affairs,702833,Kalyan-Dombivali Water Supply Infrastructure Project,194,0,136.56,75,31-10-2023,31-08-2026,08-07-2016
1739,Waste & Water,Ministry of Housing & Urban Affairs,Ministry of Housing & Urban Affairs,702958,Lucknow Sewerage Management Infrastructure Project,142,173.21,152.65,95,31-03-2023,31-08-2026,26-09-2016
1740,Waste & Water,Ministry of Housing & Urban Affairs,Ministry of Housing & Urban Affairs,702699,Muzaffarpur Storm Water Drainage Phase-I Project,159,0,135.72,85,31-10-2023,30-06-2026,18-11-2016
1741,Waste & Water,Ministry of Housing & Urban Affairs,Ministry of Housing & Urban Affairs,703057,Patiala Water Supply Infrastructure Part-2 Project,287,0,213.64,99,31-10-2023,31-08-2026,18-11-2016
1742,Waste & Water,Ministry of Housing & Urban Affairs,Ministry of Housing & Urban Affairs,702742,SAAP-3 Water Supply Infrastructure SAAP-3 Project,159,0,87.5,67,31-10-2023,30-06-2026,02-02-2017
1743,Waste & Water,Ministry of Housing & Urban Affairs,Ministry of Housing & Urban Affairs,702808,Satna Sewerage Management and Treatment Infrastructure Project,192,215.89,200.32,96,31-03-2024,31-08-2026,13-11-2015
1744,Waste & Water,Ministry of Housing & Urban Affairs,Ministry of Housing & Urban Affairs,702734,Sewerage Management Scheme Part-3 Implementation,278,0,228.49,88,30-09-2023,30-09-2026,15-03-2017
1745,Waste & Water,Ministry of Housing & Urban Affairs,Ministry of Housing & Urban Affairs,702810,Singrauli Sewerage Management and Treatment Infrastructure Project,402,438.1,371.17,90,31-03-2023,30-06-2026,26-05-2016
1746,Water Resources,"Department of Water Resources, River Development & GR",Department of water resources-MH - II,701391,Aruna Medium Irrigation Project,210,1472.14,1734.71,100,31-12-2019,30-06-2026,01-04-2009
1747,Water Resources,"Department of Water Resources, River Development & GR",Water Resources-MP,400116,Bargi Diversion Project Phase - III [km. 104 to km 154],1229,1399.7,2270.96,82,31-12-2019,31-12-2026,01-04-2007
1748,Water Resources,"Department of Water Resources, River Development & GR",Water Resources-MP,400115,Bargi Diversion Project Phase - IV [km. 154 to km 197],751,893.35,814.02,75,31-12-2019,31-03-2026,01-04-2008
1749,Water Resources,"Department of Water Resources, River Development & GR",Department of Water Resources-MH,617422,Bodwad Parisar Sinchan Yojna,1924,0,338.91,50,31-07-2027,,10-05-2002
1750,Water Resources,"Department of Water Resources, River Development & GR","Department of Water Resources, River Development & GR",701370,Borolia Irrigation Project,256,0,44.7,55,31-12-2022,31-03-2026,01-04-1996
1751,Water Resources,"Department of Water Resources, River Development & GR",Department of water resources-MH - II,701386,Gosikhurd Project,7196,12770.1,14439.5,73,31-12-2019,30-06-2028,01-04-2008
1752,Water Resources,"Department of Water Resources, River Development & GR",Water Resources-AP,400101,Gundlakamma project,397,697.39,624.78,98,31-12-2019,31-03-2027,01-04-2005
1753,Water Resources,"Department of Water Resources, River Development & GR",Irrigation and CAD-TG,400103,Indiramma Flood Flow Canal Project,1331,5940.09,4491.08,92,31-12-2019,31-12-2026,03-04-1996
1754,Water Resources,"Department of Water Resources, River Development & GR",Water Resources-OR,603945,Integrated Anandpur Barrage Project,567,2990.05,2810.1,63,31-12-2019,30-06-2026,01-04-1997
1755,Water Resources,"Department of Water Resources, River Development & GR",Irrigation and CAD-TG,701405,J. Chokka Rao Devadula Lift Irrigation Scheme,8201,14730,4841.09,88,31-12-2019,31-12-2025,01-04-2006
1756,Water Resources,"Department of Water Resources, River Development & GR",Irrigation-UK,613787,Jamrani Dam Multipurpose Project,2584,0,1307.15,26,28-06-2029,,31-10-2023
1757,Water Resources,"Department of Water Resources, River Development & GR",Irrigation and CAD-TG,701404,Kanupur Irrigation Project,989,2301.28,2804.16,80,31-12-2019,30-06-2026,01-04-2003
1758,Water Resources,"Department of Water Resources, River Development & GR",Water Resources-CT,400111,Kelo Irrigation Project,460,727.04,620.15,73,31-12-2019,30-06-2026,01-04-2008
1759,Water Resources,"Department of Water Resources, River Development & GR","Department of Water Resources, River Development,",701530,Ken-Betwa Linking Development Project,21030,0,8530.86,0,31-03-2029,,
1760,Water Resources,"Department of Water Resources, River Development & GR","Department of Water Resources, River Development & GR",701399,Kudali Irrigation Project,382,0,249.06,86,31-12-2025,31-03-2026,01-04-2009
1761,Water Resources,"Department of Water Resources, River Development & GR",Department of water resources-MH - II,701396,Lower Pedhi Project,256,1480.7,3066.05,65,31-12-2019,30-06-2026,01-04-2008
1762,Water Resources,"Department of Water Resources, River Development & GR",Irrigation & Water Resources-UP,701408,Madhya Ganga canal Phase-II,1061,4417.21,4575.74,82,31-12-2019,31-12-2025,01-04-2008
1763,Water Resources,"Department of Water Resources, River Development & GR",Department of water resources-MH - II,701398,Nardave Medium Irrigation Project,211,781.85,879.8,75,31-12-2019,30-06-2026,01-04-2009
1764,Water Resources,"Department of Water Resources, River Development & GR","Department of Water Resources, River Development & GR",701412,North Koel Reservoir Project,1622,2430.76,345.94,47,31-03-2021,30-06-2027,01-08-2017
1765,Water Resources,"Department of Water Resources, River Development & GR",Water Resources-AP,701415,Polavaram Irrigation Project,10151,55548.9,27961.5,86,30-04-2022,31-03-2026,20-01-2009
1766,Water Resources,"Department of Water Resources, River Development & GR",Department of Water Resources-PB,701410,Relining of Rajasthan feeder and Sirhind Feeder canal,1441,2462.16,2364.12,95,30-06-2021,30-06-2026,03-02-2016
1767,Water Resources,"Department of Water Resources, River Development & GR",Water Resources-AP,400100,Sardar Gouthu Latchanna Thotapalli Barrage Project,353,1023.24,879.15,96,31-12-2019,30-06-2026,01-04-2005
1768,Water Resources,"Department of Water Resources, River Development & GR","Narmada and Water Resources, Water Supply and Kalpsar Department-GJ",701372,Sardar Sarovar Project,20718,33412.5,31969.4,94,31-12-2019,31-03-2026,01-04-1996
1769,Water Resources,"Department of Water Resources, River Development & GR",Department of Water Resources-PB,701411,Shahpur Kandi Dam Project,2286,2715.7,2201.94,88,30-06-2022,30-06-2026,08-02-2010
1770,Water Resources,"Department of Water Resources, River Development & GR",Irrigation and CAD-TG,400102,Sri Ram Sagar Project Stage - II,736,949.87,971.47,97,31-12-2019,31-12-2025,03-04-1996
1771,Water Resources,"Department of Water Resources, River Development & GR",Department of Water Resources-JH,701376,"Subernarekha Multipurpose Project, Jharkhand",3808,9579.58,6040.27,70,31-12-2019,31-03-2026,01-04-2011
1772,Water Resources,"Department of Water Resources, River Development & GR","Department of Water Resources, River Development & GR",701402,"Subernarekha Project, Odisha",3056,7023.19,8327.62,96,31-12-2019,31-03-2026,28-12-1995
1773,Water Resources,"Department of Water Resources, River Development & GR",Water Resources Department-MN,701400,Thoubal Multipurpose Project,1449,1822.24,1848.17,99,31-12-2019,31-12-2026,01-04-1997
1774,Water Resources,"Department of Water Resources, River Development & GR",Water Resources-KA,701377,Upper Tunga Irrigation Project,770,1606.07,1515.6,99,31-12-2019,31-03-2026,01-04-2014
1775,Water Resources,"Department of Water Resources, River Development & GR",Department of water resources-MH - II,701383,Waghur Project,1059,1758.51,1642.5,90,31-12-2019,31-03-2026,01-04-1996
