Sr. No.,Sector Name,Line Ministry,Implementing Agency,Project Code,Project Name,"Original Cost
(in cr.)","Revised Cost
(in cr.)","Expenditure
(in cr.)","Physical Progress
(in %)","Original
Date of Commissioning","Revised
Date of Commissioning",Sanction Date
1,Aviation & Aviation Infrastructure,Ministry of Civil Aviation,Airport Authority of India [AAI],706718,C/o NITB Imphal Airport,499,499,156.06,42,13-07-2024,31-12-2026,01-11-2021
2,Aviation & Aviation Infrastructure,Ministry of Civil Aviation,Airport Authority of India [AAI],701121,Construction of New Domestic Terminal Building at Rajahmundry Airport.,347,0,109.62,64,14-08-2025,31-03-2026,01-12-2022
3,Aviation & Aviation Infrastructure,Ministry of Civil Aviation,Airport Authority of India [AAI],701101,"Construction of New Domestic Terminal Building [Phase-I and II] and other allied structures at JPNI Airport, Patna",1217,1216.9,1137.89,96,31-07-2023,30-11-2025,04-10-2018
4,Aviation & Aviation Infrastructure,Ministry of Civil Aviation,Airport Authority of India [AAI],612788,Construction of New Domestic Terminal Building and Miscellaneous Works at Belagavi Airport.,322,0,140.51,62,02-01-2026,01-02-2026,01-06-2023
5,Aviation & Aviation Infrastructure,Ministry of Civil Aviation,Airport Authority of India [AAI],612787,Construction of New Domestic Terminal Building and Miscellaneous works at Hubli Airport,320,0,89.99,51,21-01-2026,31-03-2026,01-06-2023
6,Aviation & Aviation Infrastructure,Ministry of Civil Aviation,Airport Authority of India [AAI],612786,"Construction of New Domestic Terminal Building Building and miscellaneous works including maintenance, operations and AICMC at Kadapa Airport",266,0,76.65,42,27-01-2026,31-03-2026,01-03-2023
7,Aviation & Aviation Infrastructure,Ministry of Civil Aviation,Airport Authority of India [AAI],701128,Construction of New Integrated Passenger Terminal Building at Udaipur Airport,887,887,416.67,55,10-03-2026,03-10-2026,21-06-2023
8,Aviation & Aviation Infrastructure,Ministry of Civil Aviation,Airport Authority of India [AAI],701107,Construction of New Integrated Terminal Building and associated works including apron to park 3 code E type of aircraft or 6 code C type of aircraft at Vijayawada Airport.,612,611.8,523.14,86,05-09-2022,31-03-2026,17-06-2020
9,Aviation & Aviation Infrastructure,Ministry of Civil Aviation,Airport Authority of India [AAI],701127,Construction of New Passenger Terminal Building for Domestic Operations at Jodhpur Airport.,480,480,323.18,98,18-11-2024,31-01-2026,01-05-2022
10,Aviation & Aviation Infrastructure,Ministry of Civil Aviation,Airport Authority of India [AAI],612063,"Construction of New Terminal Building, Second Link Taxi Track, Apron Expansion, and associated works at Prayagraj Airport- On Design & Build Basis.",219,274.38,215.51,100,19-11-2024,15-10-2025,
11,Aviation & Aviation Infrastructure,Ministry of Civil Aviation,Airport Authority of India [AAI],611047,"Construction of NTB complex including apron, taxi track and other associated civil works and electrical & mechanical installations towards Tawi River side at CA Jammu.",861,861.37,229.1,39,21-06-2026,21-06-2026,01-07-2022
12,Aviation & Aviation Infrastructure,Ministry of Civil Aviation,Airport Authority of India [AAI],400010,"Construction of Terminal Building & Associated works at Leh Airport, Ladakh",480,640,483.12,78,14-09-2021,31-07-2026,27-07-2018
13,Aviation & Aviation Infrastructure,Ministry of Civil Aviation,Airport Authority of India [AAI],612789,"Development of additional RESA on either end on Runway 10-28 at Calicut Airport. Construction of embankment with slope protection, drainage system and associated works for additional RESA on either end on Runway 10-28",485,0,96.26,25,28-09-2025,16-03-2026,01-06-2023
14,Aviation & Aviation Infrastructure,Ministry of Civil Aviation,Airport Authority of India [AAI],701126,"Development of Dholera International Greenfield Airport , Gujarat",1305,1551,739.77,68,30-06-2026,30-06-2026,14-06-2022
15,Aviation & Aviation Infrastructure,Ministry of Civil Aviation,Airport Authority of India [AAI],701113,"Development of Lal Bahadur Shastri International airport, Varanasi including C/o New Terminal Building, Apron Extension, Runway Extension, PTT and allied works.",2870,0,384.32,19,20-07-2027,20-07-2027,01-07-2024
16,Aviation & Aviation Infrastructure,Ministry of Civil Aviation,Airport Authority of India [AAI],612194,Development of New Civil Enclave and associated works at Darbhanga Airport,912,0,227.32,43,11-07-2026,,01-07-2024
17,Aviation & Aviation Infrastructure,Ministry of Civil Aviation,Airport Authority of India [AAI],611495,Development of New Civil Enclave at Bagdogra Airport,1549,1549,340.78,15,03-01-2027,03-01-2027,29-08-2024
18,Aviation & Aviation Infrastructure,Ministry of Civil Aviation,Airport Authority of India [AAI],612183,Development of New Civil Enclave at Bihta,1413,0,0,1,30-09-2027,,28-08-2024
19,Aviation & Aviation Infrastructure,Ministry of Civil Aviation,Airport Authority of India [AAI],701122,Development of New Integrated Civil Enclave at Agra Airport,579,0,111.83,24,04-07-2026,,01-06-2024
20,Aviation & Aviation Infrastructure,Ministry of Civil Aviation,Airport Authority of India [AAI],701105,Goa Airport Terminal Building Extension Project,256,255.69,154.3,97,09-12-2021,15-01-2026,01-11-2017
21,Aviation & Aviation Infrastructure,Ministry of Civil Aviation,Adani Airport Holdings Limited,706724,Guwahati Airport New Integrated Terminal Building Construction Project,1712,0,2456.07,94,31-03-2025,30-11-2025,01-12-2016
22,Aviation & Aviation Infrastructure,Ministry of Civil Aviation,Airport Authority of India [AAI],611602,"Modernization of Chennai Airport, Phase II, Part 2",1207,0,193.59,26,31-07-2025,30-06-2026,14-05-2018
23,Aviation & Aviation Infrastructure,Ministry of Civil Aviation,Airport Authority of India [AAI],612791,"Re-Construction of Rigid portions of Secondary Runway, K and A Taxiway and Strengthening of C Taxiway at NSCBI Airport Kolkata.",328,0,109.61,49,10-02-2025,31-08-2026,01-04-2023
24,Aviation & Aviation Infrastructure,Ministry of Civil Aviation,Airport Authority of India [AAI],611570,"SITC of ATM Automation System and ASMGCS [Including SMR & MLAT] for Mumbai, Navi Mumbai, Jewar [earlier MOPA, without ASMGCS], HIAL & BIAL",500,0,339.1,75,11-09-2025,31-08-2026,18-12-2020
25,Aviation & Aviation Infrastructure,Ministry of Civil Aviation,Airport Authority of India [AAI],612793,"Widening of basic strip at Western Side of Runway Chainage 80m to 920m i/c slope stabilization Measures [Balance work] of uphill and Improvement of Storm Water Drainage System at Pakyong Airport, Sikkim on design & build basis [EPC] with integrated 10 years maintenance.",323,0,38.7,18,06-02-2026,,01-11-2023
26,Coal,Ministry of Coal,South Eastern Coalfields Limited [SECL],613800,JAGANNATHPUR OC RCE PROJECT,459,0,274.35,96,31-03-2025,31-03-2026,25-07-2016
27,Coal,Ministry of Coal,Ministry of Coal,611016,2.0 MTPA BHOJUDIH NLW WASHERY,385,0,357.14,97,30-09-2020,31-12-2025,08-12-2015
28,Coal,Ministry of Coal,Ministry of Coal,611017,2.5 MTPA PATHERDIH NLW WASHERY,334,0,148.72,48,30-04-2018,31-03-2026,31-10-2015
29,Coal,Ministry of Coal,Western Coalfields Limited [WCL],616223,ADASA UG TO OC MINE,316,0,208.63,86,31-03-2024,31-03-2026,16-11-2018
30,Coal,Ministry of Coal,Ministry of Coal,400148,AMADAND OCP[4.0MTY],869,0,278.42,75,31-03-2021,31-03-2027,05-03-2016
31,Coal,Ministry of Coal,Western Coalfields Limited [WCL],616229,AMAL GONDEGAON GHATROHANA EXPN,669,0,1.19,0,31-03-2029,,10-09-2024
32,Coal,Ministry of Coal,Ministry of Coal,611864,AMALAGAMATED NTST KUJAMA OCP 8.5MTY,4012,0,414.41,28,31-03-2030,,04-01-2023
33,Coal,Ministry of Coal,Western Coalfields Limited [WCL],615185,AMALGAMATED DHANKASA & JAMUNIA,399,0,93.52,66,31-03-2027,,19-09-2022
34,Coal,Ministry of Coal,Western Coalfields Limited [WCL],616050,AMALGAMATED INDER-KAMPTEE DEEP,236,0,131.81,98,31-03-2024,31-03-2026,22-09-2018
35,Coal,Ministry of Coal,Western Coalfields Limited [WCL],400177,AMALGAMATED YEKONA I & YEKONA,727,0,539.9,80,31-03-2025,31-03-2026,12-08-2015
36,Coal,Ministry of Coal,South Eastern Coalfields Limited [SECL],613798,AMERA OC RCE [1.0 MTY],336,0,88.24,42,31-03-2026,,04-02-2015
37,Coal,Ministry of Coal,South Eastern Coalfields Limited [SECL],613799,AMGAON OC RCE [1.0 MTY],316,0,188.72,78,31-03-2026,,25-07-2015
38,Coal,Ministry of Coal,Western Coalfields Limited [WCL],615916,AMLG GAURI PAUNI EXPANSION OC,1225,0,80.14,2,31-03-2030,,26-04-2024
39,Coal,Ministry of Coal,MCL - CIL,616233,BALABHADRA OCP,978,0,212.94,12,31-03-2030,,19-04-2023
40,Coal,Ministry of Coal,Mahanadi Coalfields Limited (MCL),400183,BALARAM EXPANSION OCP,3504,0,924.23,53,31-03-2029,,12-06-2020
41,Coal,Ministry of Coal,Western Coalfields Limited [WCL],615330,BALLARPUR NORTH WEST OC MINE,361,0,0.02,4,31-03-2029,,16-12-2022
42,Coal,Ministry of Coal,South Eastern Coalfields Limited [SECL],400149,BAROUD OC EXPANSION [3.0-10.0M,2310,0,939.29,50,31-03-2029,,04-08-2020
43,Coal,Ministry of Coal,MCL - CIL,615193,BASUNDHARA WEST EXTENSION OPEN,479,0,274.63,64,31-03-2019,31-03-2029,07-05-2014
44,Coal,Ministry of Coal,Mahanadi Coalfields Limited [MCL],400392,BHARATPUR RE-ORGANIZATION OCP,2839,0,1673.58,48,31-03-2029,,12-11-2018
45,Coal,Ministry of Coal,Western Coalfields Limited [WCL],400033,BHATADI EXPANSION OC,581,0,80.95,31,31-03-2028,,11-02-2020
46,Coal,Ministry of Coal,MCL - CIL,616231,BHUBANESWARI EXPN OCP 50 MTY,5366,0,468.15,29,31-03-2033,,26-03-2024
47,Coal,Ministry of Coal,Northern Coalfields Limited [NCL],400369,BINA KAKRI AMALGAMATION EXPANS,836,0,812.73,89,31-03-2024,31-03-2027,25-08-2020
48,Coal,Ministry of Coal,Northern Coalfields Limited [NCL],400162,BLOCK B EXPANSION [3.5 TO 8.0,999,0,476.83,47,31-03-2023,31-03-2027,22-07-2019
49,Coal,Ministry of Coal,Ministry of Coal,616253,BLOCK E OCP,5851,0,20.32,3,31-03-2029,,26-03-2024
50,Coal,Ministry of Coal,Eastern Coal Fields Limited [ECL],400180,BONJEMEHARI EXPANSION OCP,570,570.11,82.77,16,31-03-2026,31-03-2030,10-08-2021
51,Coal,Ministry of Coal,Ministry of Coal,400138,CHANDRAGUPT OCP,974,0,440.75,24,31-03-2032,,04-08-2020
52,Coal,Ministry of Coal,South Eastern Coalfields Limited [SECL],400145,CHHAL OC SEAM III [6 MTY],611,0,580.56,85,31-03-2022,31-12-2025,16-12-2013
53,Coal,Ministry of Coal,Eastern Coal Fields Limited [ECL],400172,CHITRA EAST OC,514,0,230.12,51,31-03-2026,31-03-2028,11-08-2018
54,Coal,Ministry of Coal,Eastern Coal Fields Limited [ECL],616225,CHUPERBHITA SIMLONG OCP MDO 6,979,0,0,0,31-03-2037,,29-12-2023
55,Coal,Ministry of Coal,Western Coalfields Limited [WCL],400353,DHUPTALA OC [SASTI UG TO OC ],711,0,169.24,19,31-03-2028,,12-02-2019
56,Coal,Ministry of Coal,Western Coalfields Limited [WCL],400178,DINESH[MAKARDHOKRA-III] OC,823,0,622.29,34,31-03-2027,,11-02-2020
57,Coal,Ministry of Coal,South Eastern Coalfields Limited [SECL],400354,DIPKA EXPANSION OCP [40 MTY],5241,0,2847.64,37,31-03-2029,,24-12-2020
58,Coal,Ministry of Coal,Ministry of Coal,400156,EPR AMRAPALI OCP,5136,0,1189.84,42,31-03-2028,,11-02-2020
59,Coal,Ministry of Coal,Ministry of Coal,400155,EPR ASHOK OC,2898,0,185.06,24,31-03-2031,,10-05-2021
60,Coal,Ministry of Coal,Ministry of Coal,400154,EPR PUNDI OCP,713,0,236.58,10,31-03-2027,,11-11-2020
61,Coal,Ministry of Coal,Ministry of Coal,400153,EPR ROHINI - KARKETTA OCP,1020,0,84.74,21,31-03-2028,,18-01-2021
62,Coal,Ministry of Coal,Western Coalfields Limited [WCL],615331,GADEGAON OC 3 MTY,497,0,0.08,0,31-03-2030,,28-10-2023
63,Coal,Ministry of Coal,Western Coalfields Limited [WCL],615206,GANDHIGRAM UG MINE,414,0,14.41,56,31-03-2026,,31-08-2019
64,Coal,Ministry of Coal,Western Coalfields Limited [WCL],615917,GAURIDEEP/GAURI CENTRAL OCP 7.,973,0,0.67,0,31-03-2030,,08-08-2023
65,Coal,Ministry of Coal,South Eastern Coalfields Limited [SECL],400424,GEVRA OC [70 MTY],11816,0,6710.57,78,31-03-2023,31-03-2027,05-03-2016
66,Coal,Ministry of Coal,Western Coalfields Limited [WCL],615914,GHONSA EXPANSION DEEP OC MINE,185,0,14.48,5,31-03-2029,,23-03-2021
67,Coal,Ministry of Coal,Singareni Collieries Company Limited [SCCL],615860,Godavarikhani Coal Mine - 5,607,0,191.78,71,31-03-2025,31-03-2026,01-07-2019
68,Coal,Ministry of Coal,Western Coalfields Limited [WCL],615192,GOKUL EXTENSION OC MINE,310,0,45.87,8,31-03-2026,,23-04-2021
69,Coal,Ministry of Coal,Singareni Collieries Company Limited [SCCL],615862,Goleti Opencast Mine,346,0,76.19,21,31-03-2026,,01-07-2021
70,Coal,Ministry of Coal,MCL - CIL,400185,GOPALJI KANIHA OCP [10 TO 30 M,8416,6107.87,1742.12,17,31-03-2030,,25-04-2022
71,Coal,Ministry of Coal,MCL - CIL,616232,HINGULA II OC EXPN PH III 15 M,1562,0,272.99,24,31-03-2029,,07-11-2022
72,Coal,Ministry of Coal,ECL - CIL,400018,HURA C OCP,859,0,451.93,62,31-03-2029,,10-08-2022
73,Coal,Ministry of Coal,Singareni Collieries Company Limited [SCCL],615861,Indaram Opencast Project,425,0,405,80,31-03-2025,31-03-2026,01-08-2017
74,Coal,Ministry of Coal,Mahanadi Coalfields Limited [MCL],616226,INTEGRATED KULDA GARJANBAHAL O,3564,0,592.57,3,31-03-2033,,19-04-2023
75,Coal,Ministry of Coal,Mahanadi Coalfields Limited [MCL],400187,INTEGRATED LAKHANPUR-BELPAHAR-,2435,0,1840.93,71,31-03-2027,,22-05-2018
76,Coal,Ministry of Coal,Eastern Coal Fields Limited [ECL],612816,ITAPARA OCP,929,0,69.49,7,31-03-2030,,29-12-2023
77,Coal,Ministry of Coal,CCL - CIL,616236,JARANGDIH EXPN. OCP 1.5 MTY,414,0,85.6,32,31-03-2029,,03-02-2020
78,Coal,Ministry of Coal,Singareni Collieries Company Limited [SCCL],615818,Jawahar Khani Open Cast Mine,298,0,46.95,20,31-03-2025,31-03-2027,01-12-2021
79,Coal,Ministry of Coal,Eastern Coal Fields Limited [ECL],400312,JHANJRA EXPANSION UG,1210,0,542.09,44,31-03-2029,,16-04-2020
80,Coal,Ministry of Coal,Ministry of Coal,400352,JHARKHAND-LAIYO OCP,765,0,145.81,29,31-03-2031,,25-08-2020
81,Coal,Ministry of Coal,South Eastern Coalfields Limited [SECL],613803,JHIRIA WEST OCP [1.5 MTY],367,0,34.1,41,31-03-2029,,30-01-2024
82,Coal,Ministry of Coal,Singareni Collieries Company Limited [SCCL],615859,Kakathiya Khani Opencast - III Project Phase - I,414,0,397.55,79,31-03-2026,,01-03-2017
83,Coal,Ministry of Coal,Singareni Collieries Company Limited [SCCL],615865,Kakatiyakhani OC - 2 Project,442,0,230.28,63,31-03-2025,31-03-2026,19-08-2017
84,Coal,Ministry of Coal,Singareni Collieries Company Limited [SCCL],615858,Kalyanikhani Opencast Project,384,0,284.06,75,31-03-2026,,01-03-2016
85,Coal,Ministry of Coal,South Eastern Coalfields Limited [SECL],613802,KANCHAN OC EXP,371,0,144.61,58,31-03-2026,,17-12-2014
86,Coal,Ministry of Coal,Ministry of Coal,400074,KARO EXPANSION OCP,908,0,269.26,22,31-03-2029,,24-01-2022
87,Coal,Ministry of Coal,South Eastern Coalfields Limited [SECL],615191,KATKONA RO UG MINE,329,0,61.34,2,31-03-2029,,29-01-2023
88,Coal,Ministry of Coal,Northern Coalfields Limited [NCL],615183,KHADIA EXPANSION [10 TO 16 MTP,492,0,247.06,50,31-03-2025,31-03-2027,25-06-2021
89,Coal,Ministry of Coal,Western Coalfields Limited [WCL],617278,KOLARPIMPRI EXPANSION OC [2.5,630,0,0,0,31-03-2030,,05-06-2024
90,Coal,Ministry of Coal,Western Coalfields Limited [WCL],615199,KOLGAON EXPANSION DEEP OC MINE,199,0,10.55,2,31-03-2027,,28-01-2023
91,Coal,Ministry of Coal,Ministry of Coal,400073,KONAR EXPANSION OCP,799,0,429.65,45,31-03-2032,,24-01-2022
92,Coal,Ministry of Coal,Ministry of Coal,400139,KOTRE BASANTPUR PACHMO OCP,861,625.4,455.95,42,31-03-2032,,04-08-2020
93,Coal,Ministry of Coal,SECL - CIL,617287,KUSMUNDA OC EXPANSION PROJECT,4517,0,782.97,21,31-03-2030,,29-11-2024
94,Coal,Ministry of Coal,South Eastern Coalfields Limited [SECL],613801,MAHAMAYA OCP [1.50 MTY],410,0,182.83,54,31-03-2026,31-03-2028,24-05-2018
95,Coal,Ministry of Coal,Western Coalfields Limited [WCL],615189,MAKARDHOKRA EXPN OC 4.9 MTY,362,0,77.54,11,31-03-2026,,14-06-2022
96,Coal,Ministry of Coal,South Eastern Coalfields Limited [SECL],617288,MANIKPUR OC EXPANSION PROJECT,383,0,113.03,21,31-03-2029,,13-01-2025
97,Coal,Ministry of Coal,Bharat Coking Coal Limited [BCCL],400313,Master Plan for Jharia and Raniganj Coalfields,2662,0,792.45,43,11-08-2019,31-12-2028,12-08-2009
98,Coal,Ministry of Coal,Eastern Coal Fields Limited [ECL],400173,MOHANPUR EXPANSION OC -PHASE I,889,0,117.17,30,31-03-2026,31-03-2030,11-11-2020
99,Coal,Ministry of Coal,Ministry of Coal,400425,MOONIDIH XV SEAM UG,1230,0,633.27,82,31-03-2019,31-05-2026,12-08-2011
100,Coal,Ministry of Coal,Ministry of Coal,613808,MURAIDIH UG PROJECT,340,0,191,70,30-04-2014,31-12-2026,14-02-2011
101,Coal,Ministry of Coal,Western Coalfields Limited [WCL],615919,N. EXTN. MUNGOLI NIRGUDA D OCP,1025,0,175.93,0,31-03-2029,,05-06-2024
102,Coal,Ministry of Coal,Singareni Collieries Company Limited [SCCL],615857,Naini Coal Mine,494,0,491.33,80,31-03-2026,,01-03-2020
103,Coal,Ministry of Coal,Eastern Coal Fields Limited [ECL],400181,NAKRAKONDA KUMARDIH- B OCP,503,502.67,71.34,26,31-03-2029,,11-08-2018
104,Coal,Ministry of Coal,Western Coalfields Limited [WCL],615188,NEW MAJRI UG TO OC 3 MTY COST,402,0,60.07,24,31-03-2027,,25-05-2019
105,Coal,Ministry of Coal,Northern Coalfields Limited [NCL],400321,NIGAHI EXPANSION [15 TO 25 MTP,1730,0,841.25,48,31-03-2025,31-03-2028,11-11-2020
106,Coal,Ministry of Coal,Western Coalfields Limited [WCL],615982,NILJAI EXPANSION DEEP OCP,320,0,185.91,79,31-03-2022,31-03-2026,27-08-2016
107,Coal,Ministry of Coal,Ministry of Coal,400151,NORTH URIMARI EXPANSION OCP,779,0,696.05,67,31-03-2029,,12-07-2021
108,Coal,Ministry of Coal,NLC India Limited [NLCIL],400142,Pachwara South Coal Block,2243,0,1231.67,74,30-09-2028,,10-03-2016
109,Coal,Ministry of Coal,Eastern Coal Fields Limited [ECL],616230,PARASCOLE JAMBAD OCP,1194,0,9.53,0,31-03-2037,,29-11-2024
110,Coal,Ministry of Coal,Eastern Coal Fields Limited [ECL],613794,PARASEA-BELBAID UG PROJECT,389,0,132.48,21,31-03-2028,,31-01-2023
111,Coal,Ministry of Coal,South Eastern Coalfields Limited [SECL],616234,PELMA OC MDO,1725,0,15.66,40,31-03-2033,,14-10-2022
112,Coal,Ministry of Coal,South Eastern Coalfields Limited [SECL],400144,PORDA CHIMTAPANI OCP [10 MTY],2310,0,88.94,10,31-03-2029,,24-12-2020
113,Coal,Ministry of Coal,Ministry of Coal,400160,RAJRAPPA RCE OCP,511,0,488.69,76,31-03-2016,31-03-2027,23-12-2009
114,Coal,Ministry of Coal,Singareni Collieries Company Limited [SCCL],615864,Ramagundam OC-II Extension Project,490,0,405.54,77,31-03-2026,,01-11-2015
115,Coal,Ministry of Coal,South Eastern Coalfields Limited [SECL],400152,RAMPUR BATURA OCP [4.0MTY],1249,0,498.36,44,31-03-2026,,22-07-2019
116,Coal,Ministry of Coal,Bharat Coking Coal Limited (BCCL),617416,"Revised Jharia Master Plan for Dealing with Fire, Subsidence & Rehabilitation of affected families in Jharia Coalfield- Reg.",5940,0,1.31,12,31-12-2028,,25-06-2025
117,Coal,Ministry of Coal,Ministry of Coal,400150,RPR MAGADH EXP OCP,7254,0,1600.77,38,31-03-2028,,04-08-2020
118,Coal,Ministry of Coal,Western Coalfields Limited [WCL],615918,RPR OF BHANEGAON OC,405,0,12.39,7,31-03-2028,,02-02-2017
119,Coal,Ministry of Coal,Western Coalfields Limited [WCL],615187,RPR OF VISHNUPURI UG TO OC,221,0,0,11,31-03-2029,,04-11-2022
120,Coal,Ministry of Coal,Western Coalfields Limited [WCL],613804,RPR TAWA-III UG 0.84 MTY,314,0,6.84,17,31-03-2027,,28-12-2021
121,Coal,Ministry of Coal,Ministry of Coal,400136,SANGHMITRA OC,2660,0,6.59,11,31-03-2032,,26-03-2024
122,Coal,Ministry of Coal,Western Coalfields Limited [WCL],615184,SAONER UG MINE -1 EXPANSION 1.,229,0,143.48,68,31-03-2028,,31-01-2022
123,Coal,Ministry of Coal,Western Coalfields Limited [WCL],615186,SASTI EXPANSION OPENCAST,319,0,91.6,20,31-03-2026,,04-08-2020
124,Coal,Ministry of Coal,Western Coalfields Limited [WCL],615195,SHARDA UG MINE,166,0,5.12,9,31-03-2028,,29-07-2022
125,Coal,Ministry of Coal,Eastern Coal Fields Limited [ECL],613793,SHYAMSUNDARPUR UG INCLUDING SA,484,0,60.99,12,31-03-2026,31-03-2028,16-04-2020
126,Coal,Ministry of Coal,Mahanadi Coalfields Limited [MCL],400166,SIARMAL OCP,5195,0,3460.35,57,31-03-2029,,02-02-2021
127,Coal,Ministry of Coal,ECL - CIL,400182,SIDULI [OC & UG],535,535.17,5.28,14,31-03-2027,31-03-2030,22-05-2018
128,Coal,Ministry of Coal,Western Coalfields Limited [WCL],615190,SINGHORI DEEP OC MIN 2.0 MTY,336,0,26.98,6,31-03-2029,,05-05-2022
129,Coal,Ministry of Coal,Ministry of Coal,615822,SIRKA OC,223,0,140.58,53,31-03-2028,,04-05-2020
130,Coal,Ministry of Coal,Eastern Coal Fields Limited [ECL],400315,SONEPUR BAZARI EXPANSION OCP [,5366,0,586.07,17,31-03-2029,,28-07-2021
131,Coal,Ministry of Coal,Mahanadi Coalfields Limited [MCL],400165,SUBHADRA OCP,1694,0,1324.37,42,23-04-2032,,29-05-2021
132,Coal,Ministry of Coal,Ministry of Coal,615349,TAPIN SOUTH EXPN,230,0,22.02,20,31-03-2028,,04-11-2020
133,Coal,Ministry of Coal,Ministry of Coal,615843,TETARIAKHAR OC,244,0,49.54,29,31-03-2025,31-03-2027,04-11-2019
134,Coal,Ministry of Coal,MIS MoCoal Integration Logins,615820,TIKAK EXTENSION OCP,160,0,81.47,4,04-07-2031,,05-07-2022
135,Coal,Ministry of Coal,Eastern Coal Fields Limited [ECL],400186,TILABONI UG,749,749.07,52.86,10,31-03-2029,,31-01-2023
136,Coal,Ministry of Coal,MIS MoCoal Integration Logins,615821,TIRAP OCP,289,0,105.61,3,27-11-2030,,28-11-2022
137,Coal,Ministry of Coal,Western Coalfields Limited [WCL],616044,UKNI DEEP OC MINE -COST PLUS,237,0,165.76,87,31-03-2021,31-03-2026,16-11-2018
138,Coal,Ministry of Coal,Western Coalfields Limited [WCL],615194,URDHAN EXPANSION OC COST PLUS,207,0,27.19,0,31-03-2031,,29-07-2022
139,Coal,Ministry of Coal,Singareni Collieries Company Limited [SCCL],615863,Venkatesh Khani Coal Mine,484,0,477.14,97,31-03-2026,,01-10-2020
140,Coal,Ministry of Coal,Western Coalfields Limited [WCL],617233,WAGHODA UG MINE [1.02 MTY],379,0,0,0,31-03-2030,,29-01-2024
141,Coal,Ministry of Power,National Thermal Power Corporation [NTPC],603293,Badam Coal Mining project of NTPC,502,784,388.29,59,31-12-2056,01-04-2027,01-02-2019
142,Coal,Ministry of Power,Damodar Valley Corporation,400192,Tubed Coal Mine,1581,0,598.62,36,31-05-2026,31-05-2026,10-07-2016
143,Construction,Ministry of Housing & Urban Affairs,Central Public Works Department - CPWD,617412,"Construction of One Tower of Office Complex and another Tower of Residential quarters consisting of 10Nos. Type-V, 10Nos. Type-VI & 1No.Type-VII Quarters i/c internal water supply, sanitary installation and all development and bulk services, Horticulture works on EPC Mode-I basis i/c comprehensive operation and maintenance of Civil, E&M services for 7 years after completion of original construction work for Ranga Reddy, Secunderabad, Medchal, AuditI, Audit-II Commissionerates of Central Tax at Khajaguda, Serilingampally, Hyderabad.",644,0,108.53,9,27-09-2027,,19-03-2024
144,Construction,Ministry of Mines,Central Public Works Department (CPWD),617280,"Construction of Basement + Ground Floor+ 10 Storeyed building for State of the Art Director General, GSI Building at plot No.GN-40, Sector-V, Salt Lake, Kolkata",255,0,85.9,46,31-08-2026,,16-04-2019
145,Education,Department of Higher Education,NIT Patna,606013,Additional Campus of NITPatna,499,0,444.87,97,31-07-2024,31-01-2026,22-07-2022
146,Education,Department of Higher Education,IISC Bangalore,610940,"Additional Infrastructure at IISc Bangalore-RCC Monolithic for Men Hostel S14, Women Hostel S11 , Postdoctoral Hostel S12 2 Block , International Hostel S 12 , D&E Block S 12 2 Block FR.",420,420.41,367.76,99,31-03-2024,31-12-2025,01-08-2021
147,Education,Department of Higher Education,Banaras Hindu University,606479,Banaras Hindu University [ Kayakalp of Institute of Medical Sciences],246,0,199.71,97,30-09-2022,31-03-2026,22-06-2020
148,Education,Department of Higher Education,National Institute of Technology Uttarakhand,611963,"Construction & Development of Infrastructural Facilities in the main campus of NIT Uttarakhand at Sumari, Pauri Garhwal",651,0,195.52,37,30-09-2027,,30-06-2020
149,Education,Department of Higher Education,"National Institute of Technology, Meghalaya",612885,Construction and Developement of National Institute of Technology Meghalaya Permanent Campus at Sohra,495,0,422.07,90,31-03-2022,31-07-2025,17-09-2009
150,Education,Department of Higher Education,Central University of Punjab,617221,"Construction of Girls Hostel 400 seater, Boys Hostel 600 seater, Academic Block, International Hostel 100 seater, VC Residence and Purchase of Equipment",211,0,20.89,13,03-10-2027,,01-08-2024
151,Education,Department of Higher Education,"Indian Institute of Management, Jammu",602098,"Construction of Permanent Campus for IIM Jammu Phase-1 at Jagti, Nagrota, Jammu, J&K",425,500.91,484.52,96,30-06-2023,30-11-2025,01-03-2019
152,Education,Department of Higher Education,INDIAN INSTITUTE OF TECHNOLOGY PALAKKAD,606431,CONSTRUCTION OF PERMANENT CAMPUS FOR IIT PALAKKAD UNDER PHASE 1A,1006,1217.4,652.05,76,07-06-2022,30-06-2026,01-07-2017
153,Education,Department of Higher Education,NIT Mizoram,612876,"Construction of Permanent Campus for NIT Mizoram at Lengpui, Aizawl",474,474.23,167.55,4,31-12-2029,31-12-2029,17-09-2009
154,Education,Department of Higher Education,Central Tribal University of Andhra Pradesh,613008,Construction of Permanent Campus of Central Tribal University of Andhra Pradesh Phase-1,305,0,19.96,32,26-06-2027,,18-09-2019
155,Education,Department of Higher Education,Central University of Gujarat,612916,"Construction of permanent campus of Central University of Gujarat at Village kundhela, Dist. Vadodara, Gujarat.",491,0,314.51,81,31-03-2025,31-03-2026,28-12-2020
156,Education,Department of Higher Education,"Central University, Himachal Pradesh",612894,"Construction of Permanent Campus of Central University of Himachal Pradesh at Dehra, District - Kangra, [H.P.] on Engineering. Procurement and Construction [EPC Mode 1] Basis.",252,300.45,183.56,81,18-11-2024,30-11-2025,10-03-2021
157,Education,Department of Higher Education,"Indian intitue of Management, Amritsar",605292,"Construction of Permanent Campus of Indian Institute of Management [IIM] Amritsar, Punjab, Phase-I",348,0,290.39,91,30-06-2023,31-12-2025,01-10-2019
158,Education,Department of Higher Education,"National Institute of Technology, Arunachal Pradesh",612898,Construction of Permanent Campus of National Institute of Technology Arunachal Pradesh,593,0,550.61,80,31-08-2026,,17-09-2009
159,Education,Department of Higher Education,"Indian Institute of Technology, Hyderabad",609996,Construction of Precast housing and hostels at IIT Hyderabad,262,0,194.13,80,23-10-2024,01-01-2026,29-09-2022
160,Education,Department of Higher Education,Sikkim University,609736,"Construction of Sikkim University Campus Phase-I Package-II at Yangang, South Sikkim",314,0,238.22,85,04-01-2025,31-03-2026,01-08-2020
161,Education,Department of Higher Education,Delhi University,616886,Delhi University Eastern Campus at Surajmal Vihar,373,0,28.63,20,31-10-2026,,30-09-2024
162,Education,Department of Higher Education,NIT Nagaland,613013,Establishment of NIT Nagaland,276,0,261.24,97,31-12-2025,,17-09-2009
163,Education,Department of Higher Education,"National Institute of Technology, Puducherry",612877,Establishment of NIT Puducherry Permanent Campus [Phase-I and Phase-II],618,544.34,529.94,96,31-12-2024,31-08-2025,17-09-2009
164,Education,Department of Higher Education,NIT Sikkim,612883,Establishment of Permanent Campus of NIT SIkkim at Khamdong-Gangtok District,686,610.76,121.56,14,12-02-2028,31-12-2026,12-02-2024
165,Education,Department of Higher Education,"Indian Institute of Management, Sirmaur",602099,Establishment of Permanent campus Phase 1 of IIM Sirmaur,393,454.78,327.78,94,31-10-2023,28-02-2026,17-09-2018
166,Education,Department of Higher Education,"Indian Institute of Technology, Kharagpur",609019,"HEFA projects on development of student hostels, playgrounds, departmental buildings, class room complex and other campus facilities in IIT Kharagpur",500,442,390.6,89,31-03-2023,31-03-2026,25-06-2018
167,Education,Department of Higher Education,"Indian Institute of Technology, Bombay",612135,Hostel 4 -Earlier Known as Hostel 20,182,0,158.23,99,30-09-2025,31-12-2025,29-09-2022
168,Education,Department of Higher Education,"Indian Institute of Technology, Mandi",612128,Hostel blocks & dining hall block,167,0,85.92,75,26-03-2026,26-03-2026,28-03-2023
169,Education,Department of Higher Education,"Indian Institutes of Science Education and Research, Behrampur",610315,IISER BERHAMPUR,1229,843.09,835.6,97,31-03-2021,30-06-2026,24-10-2018
170,Education,Department of Higher Education,National Institute of Technology Delhi,612851,"Phase 1B - Construction of Academic Block, Hostel, Residential Tower, Directors Residence and External Development works at National Institute of Technology, Delhi Campus on Engineering, Procurement and Construction basis",333,336.42,296.45,97,30-09-2025,31-01-2026,17-09-2009
171,Education,Department of Higher Education,"Indian Institute of Technology, Bhilai",617877,Phase B of Construction of Permanent Campus of IIT Bhilai,1189,0,0,0,31-10-2028,,29-05-2025
172,Education,Department of Higher Education,INDIAN INSTITUTE OF TECHNOLOGY PALAKKAD,617878,Phase B of Construction of Permanent Campus of IIT Palakkad,1527,0,0,0,31-10-2028,,29-05-2025
173,Education,Department of Higher Education,"Indian Institute of Technology, Indore",611957,"Phase III A works at IIT Indore [03 Hostels, 01 Studio Apartment, 01 Housing, Heavy & Sophisticated lab complex, Academic POD and Infrastructure for center of excellence]",496,0,38.62,37,19-02-2027,,27-12-2023
174,Education,Department of Higher Education,Tezpur University,606112,Tezpur University Projects,154,0,125.03,97,08-11-2023,31-12-2025,29-05-2019
175,Education,Department of Sports,Department of Sports & Youth Affairs,400081,"National Sports University [NSU], Imphal [Manipur]",906,611.74,559.27,95,26-08-2024,16-11-2025,
176,Electricity Generation,Ministry of Coal,NLC India Limited [NLCIL],612819,300 MW SPP part of 510 MW CPSU scheme,1813,1813,1393.34,86,27-09-2024,31-12-2025,21-07-2022
177,Electricity Generation,Ministry of Coal,NLC India Limited [NLCIL],615327,50 MW Solar PP Minedout Area,218,0,164.7,75,31-03-2025,31-12-2025,05-08-2023
178,Electricity Generation,Ministry of Coal,NLC India Limited [NLCIL],617299,50 MW Wind Power Project,384,0,319.71,47,30-06-2025,31-01-2026,21-07-2022
179,Electricity Generation,Ministry of Coal,NLC India Limited [NLCIL],617730,600 MW Khavda Solar Power Project,3336,0,738.34,22,30-06-2026,,01-08-2023
180,Electricity Generation,Ministry of Coal,NLC India Limited [NLCIL],400259,Ghatampur Thermal Power Plant 3 X 660 MW,17238,21780.9,20711.5,93,26-11-2020,25-03-2026,27-07-2016
181,Electricity Generation,Ministry of Coal,NLC India Limited [NLCIL],400231,NLC Talabira Thermal Power Project,27213,0,2550.76,1,31-03-2030,,25-01-2017
182,Electricity Generation,Ministry of Power,North Eastern Electric Power Corporation Limited,611699,186 MW Tato-I H E Project,1750,0,63.73,2,29-07-2029,,11-12-2024
183,Electricity Generation,Ministry of Power,North Eastern Electric Power Corporation Limited,611698,240MW Heo HE Project,1939,0,64.76,3,29-07-2029,,11-12-2024
184,Electricity Generation,Ministry of Power,Satluj Jal Vidyut Nigam [SJVN] Thermal Limited,602633,382 MW Sunni Dam HEP,2615,0,495.57,0,31-03-2027,,
185,Electricity Generation,Ministry of Power,Satluj Jal Vidyut Nigam [SJVN] Thermal Limited,709747,Bagodara Solar Power Project,339,0,317.59,51,31-12-2025,31-12-2025,26-03-2021
186,Electricity Generation,Ministry of Power,Satluj Jal Vidyut Nigam [SJVN] Thermal Limited,709748,BIKANER SOLAR POWER PROJECT,5492,0,5376.34,92,04-04-2024,31-12-2025,04-10-2021
187,Electricity Generation,Ministry of Power,Satluj Jal Vidyut Nigam [SJVN] Thermal Limited,602579,Buxar Thermal Power Project [1320 MW],10439,13756.6,12691.9,93,08-01-2024,31-12-2025,08-03-2019
188,Electricity Generation,Ministry of Power,Satluj Jal Vidyut Nigam [SJVN] Thermal Limited,602582,Dhaulasidh Hydro Electric Project [66 MW],688,1561.21,997.55,71,05-11-2025,31-03-2027,01-10-2020
189,Electricity Generation,Ministry of Power,National Hydroelectric Power Corporation Limited [NHPC],602182,Dibang Multipurpose Project,31876,0,3776.74,16,26-02-2032,26-02-2032,27-02-2023
190,Electricity Generation,Ministry of Power,Damodar Valley Corporation,602538,Installation of FGD for 4x210 & 2x250 MW MTPS U 1-6,1037,1106,1111.01,93,22-01-2024,31-12-2025,25-06-2019
191,Electricity Generation,Ministry of Power,THDC India Limited,602194,Khurja super Thermal Power Plant [2X660 MW],11089,13276.2,12952,100,02-02-2024,30-09-2025,07-03-2019
192,Electricity Generation,Ministry of Power,National Hydroelectric Power Corporation Limited [NHPC],602532,Kiru HE Project,4288,5409,3186.98,73,07-09-2023,31-12-2026,08-03-2019
193,Electricity Generation,Ministry of Power,Damodar Valley Corporation,611509,"Koderma Thermal Power Station Phase II [2X800 MW] At Koderma, Jharkhand",14358,0,1450.04,4,14-03-2029,,28-04-2023
194,Electricity Generation,Ministry of Power,National Hydroelectric Power Corporation Limited [NHPC],605155,Kwar HE Project,4526,0,1140.08,25,10-11-2026,31-03-2028,10-05-2022
195,Electricity Generation,Ministry of Power,National Thermal Power Corporation [NTPC],611930,Lara Super Thermal Power Project Stage-II [2 x 800 MW],15530,16106,3131.26,19,30-06-2028,,29-08-2023
196,Electricity Generation,Ministry of Power,Satluj Jal Vidyut Nigam [SJVN] Thermal Limited,602593,Luhri Stage-I Hydro Electric Project [210 MW],1811,4681.64,1818.61,51,19-01-2026,28-02-2030,20-11-2020
197,Electricity Generation,Ministry of Power,National Hydroelectric Power Corporation Limited [NHPC],602525,"Pakal Dul [Drangdhuran] Hydroelectric Project, 1000 MW",8112,12728,7785.72,76,27-04-2020,31-12-2026,28-10-2014
198,Electricity Generation,Ministry of Power,National Thermal Power Corporation [NTPC],400261,Patratu Thermal Power Station Expansion Project Phase-I [3x800 MW],18668,20302,17928.6,86,31-03-2023,30-11-2026,07-11-2017
199,Electricity Generation,Ministry of Power,Damodar Valley Corporation,400062,"Raghunathpur Thermal Power Station Phase II [2X660 MW] at Raghunathpur, Purulia, West Bengal",17673,0,1458.01,2,30-06-2029,,30-01-2023
200,Electricity Generation,Ministry of Power,National Thermal Power Corporation [NTPC],602184,Rammam-III HEPP [3x40 MW],1382,2865.56,1393.94,51,30-09-2019,31-03-2029,10-09-2014
201,Electricity Generation,Ministry of Power,National Hydroelectric Power Corporation Limited [NHPC],605156,Rangit-IV HE Project [120 MW] executed by Jal Power Corporation Ltd. [JPCL] - A wholly owned subsidiary of NHPC Ltd. acquired through NCLT,938,1828.11,1488.78,93,29-05-2024,28-12-2025,30-03-2021
202,Electricity Generation,Ministry of Power,National Hydroelectric Power Corporation Limited [NHPC],602535,"Ratle HE Project - 850 MW, Ratle Hydroelectric Power Corporation Limited.",5282,0,1298.42,26,10-02-2026,28-11-2028,11-02-2021
203,Electricity Generation,Ministry of Power,National Thermal Power Corporation [NTPC],612142,"Singrauli Super Thermal Power Project, Stage-III [2x800 MW]",17195,0,2211.69,13,28-02-2030,,03-03-2024
204,Electricity Generation,Ministry of Power,National Thermal Power Corporation [NTPC],617188,"Sipat Super Thermal Power Project, Stage-III [1x800 MW]",9791,0,963.88,8,30-09-2029,,20-09-2024
205,Electricity Generation,Ministry of Power,National Hydroelectric Power Corporation Limited [NHPC],602096,Subansiri Lower HE Project [2000 MW],6285,26075.5,25415.2,97,08-09-2010,31-05-2026,09-09-2003
206,Electricity Generation,Ministry of Power,Satluj Jal Vidyut Nigam [SJVN] Thermal Limited,611586,Sunni Dam Hydro Electric Project [382 MW],2615,4540.71,1015.36,30,03-04-2028,31-12-2029,12-01-2023
207,Electricity Generation,Ministry of Power,National Thermal Power Corporation [NTPC],602961,Talcher Thermal Power Station Stage III [2 x 660 MW] Expansion,11844,12543,5042.25,43,31-05-2027,31-03-2028,25-08-2022
208,Electricity Generation,Ministry of Power,National Thermal Power Corporation [NTPC],602185,Tapovan-Vishnugad HEP [4x130 MW],2978,10907.3,7291,77,31-03-2013,30-04-2029,16-11-2006
209,Electricity Generation,Ministry of Power,National Hydroelectric Power Corporation Limited [NHPC],602181,"TEESTA-VI HE PROJECT, SIKKIM [500 MW], executed by LANCO TEESTA HYDRO POWER LIMITED [A wholly owned Subsidiary of NHPC LTD. acquired through NCLT]",5748,5748.04,3887.11,70,07-03-2024,31-12-2027,08-03-2019
210,Electricity Generation,Ministry of Power,THDC India Limited,602193,Tehri Pumped Storage Plant Project [4x250 MW],4826,8339,8169.51,98,16-06-2022,31-01-2026,08-07-2006
211,Electricity Generation,Ministry of Power,THDC India Limited,602195,Vishnugad Pipalkoti Hydro Electric Project [444 MW],3860,6823.72,5328.31,73,15-12-2022,31-03-2027,21-08-2008
212,Energy Storage,Ministry of Petroleum & Natural Gas,Ministry of Petroleum & Natural Gas,604833,"Andheri Residential Towers, Mumbai",281,389.67,243.11,54,31-05-2025,30-06-2026,27-06-2017
213,Energy Storage,Ministry of Petroleum & Natural Gas,Ministry of Petroleum & Natural Gas,617839,Capacity Augmentation of Kandla LPG Import Terminal [KLIT] from 0.6 MMTPA to 2.5 MMTPA,357,0,12.6,51,31-07-2026,,29-05-2023
214,Energy Storage,Ministry of Petroleum & Natural Gas,Ministry of Petroleum & Natural Gas,616235,Construction of Aviation Fuel farm Facilities at Bhogapuram Airport,240,240,72.26,83,31-03-2026,31-03-2026,28-08-2024
215,Energy Storage,Ministry of Petroleum & Natural Gas,Hindustan Petroleum Corporation Limited,709754,"Construction of LPG Facilities at Kamardanga, Assam",156,156.36,70.91,53,04-07-2027,04-07-2027,30-03-2023
216,Energy Storage,Ministry of Petroleum & Natural Gas,Indian Oil Corporation Limited [IOCL],400077,"Grass root POL Terminal at Vallur, Chennai",827,887.71,649.51,90,31-12-2024,31-03-2026,31-01-2022
217,Energy Storage,Ministry of Petroleum & Natural Gas,Indian Oil Corporation Limited [IOCL],400035,"Grass Root Rail-fed Depot at Sekerkote, Agartala as resitement of existing Dharmanagar Depot",656,656,519.02,90,30-09-2025,30-06-2026,28-06-2022
218,Energy Storage,Ministry of Petroleum & Natural Gas,Ministry of Petroleum & Natural Gas,604852,"Grass-root Terminal at Mirzapur, Uttar Pradesh",980,980.45,234.6,58,30-11-2026,30-11-2026,29-09-2022
219,Energy Storage,Ministry of Petroleum & Natural Gas,Ministry of Petroleum & Natural Gas,400012,Kandla Gorakhpur LPG Pipeline,10088,10088,8135.69,93,30-12-2021,31-12-2025,31-12-2018
220,Energy Storage,Ministry of Petroleum & Natural Gas,Ministry of Petroleum & Natural Gas,400043,Laying of POL Pipelines in Common Corridor for proposed grass root terminal at Vallur [Chennai],829,829,338.15,67,31-05-2026,31-05-2026,31-01-2022
221,Energy Storage,Ministry of Petroleum & Natural Gas,Ministry of Petroleum & Natural Gas,617829,LPG Bottling Plant at Mualkhang,226,225.71,12.81,21,03-11-2027,03-11-2027,04-07-2024
222,Energy Storage,Ministry of Petroleum & Natural Gas,"Department of Water Resources, River Development & GR",400301,Multi Product Pipeline from Irugur to Devangonthi,678,1732,838.07,74,25-02-2017,30-09-2026,09-11-2012
223,Energy Storage,Ministry of Petroleum & Natural Gas,Ministry of Petroleum & Natural Gas,400078,New Mundra Panipat Crude Oil Pipeline,9028,9028,7357.45,86,19-12-2024,30-06-2026,20-12-2021
224,Energy Storage,Ministry of Petroleum & Natural Gas,Ministry of Petroleum & Natural Gas,701349,Paradip-Numaligarh Crude Oil Pipeline [PNCPL] & Crude Oil Import Terminal [COIT] at Paradip,10228,11407,10063.2,88,27-07-2024,31-03-2026,28-01-2019
225,Energy Storage,Ministry of Petroleum & Natural Gas,Hindustan Petroleum Corporation Limited [HPCL],709759,"Petrochemical evacuation marketing terminal at Barmer, Rajasthan",461,461.05,153.07,67,06-12-2026,06-12-2026,07-12-2023
226,Energy Storage,Ministry of Petroleum & Natural Gas,MinistryofPetroleumNaturalGas,701263,Rajasthan Refinery Project,43129,79459,62888.3,89,31-10-2022,31-03-2026,09-10-2017
227,Energy Storage,Ministry of Petroleum & Natural Gas,Bharat Petroleum Corporation Limited [BPCL],400235,"Setting up a common user Petroleum Terminal at Jammu, J&K for resitement of existing PSU OMC's Depots from Jammu City",677,715.89,559.45,87,31-03-2025,31-01-2026,01-04-2023
228,Energy Storage,Ministry of Petroleum & Natural Gas,Hindustan Petroleum Corporation Limited [HPCL],709755,"Setting up of new rail fed POL facility at Kamardanga, Assam",384,384.04,150.78,62,04-07-2027,04-07-2027,29-03-2023
229,Energy Storage,Ministry of Petroleum & Natural Gas,Ministry of Petroleum & Natural Gas,701343,Srikakulam Angul Gas Pipeline Project,2658,2810,2282.98,96,22-07-2022,31-12-2025,12-09-2019
230,Healthcare,Ministry of Health & Family Welfare,PMSSY AND Institute of NATIONAL Importance,701171,AIIMS Bibinagar,1028,1365.95,818.46,85,30-06-2026,30-06-2026,17-12-2018
231,Healthcare,Ministry of Health & Family Welfare,PMSSY AND Institute of NATIONAL Importance,701167,AIIMS Kashmir at Awantipora Jammu & Kashmir,1828,2160.84,1354.55,2,02-12-2025,30-06-2026,10-01-2019
232,Healthcare,Ministry of Health & Family Welfare,PMSSY AND Institute of NATIONAL Importance,701173,AIIMS Majra Rewari Haryana,1299,1646.43,349.41,45,31-12-2026,31-12-2026,28-02-2019
233,Healthcare,Ministry of Health & Family Welfare,PMSSY AND Institute of NATIONAL Importance,617883,"Redevelopment of Residential colonies at Ayur Vigyan Nagar and West Ansari Nagar campuses of AIIMS, New Delhi",4441,0,24.68,61,02-06-2027,,25-10-2016
234,Healthcare,Ministry of Health & Family Welfare,PMSSY AND Institute of NATIONAL Importance,617882,"Setting up IT Infrastructure including Network Security and Hosting at AIIMS, New Delhi",358,0,0,0,10-09-2026,,11-09-2025
235,Healthcare,Ministry of Labour and Employment,Employee's State Insurance Company [ESIC],612186,350 Bedded [Upgradable to 500 beds] ESI Hospital at Sanand,558,0,60.66,8,04-03-2026,08-05-2027,18-06-2022
236,Healthcare,Ministry of Labour and Employment,Employee's State Insurance Company [ESIC],612185,C/o Construction of 200 bedded [Up-gradable to 300 bedded] ESI Hospital at Surat Gujarat.,209,0,185.96,98,03-06-2025,15-01-2026,13-06-2019
237,Healthcare,Ministry of Labour and Employment,Employee's State Insurance Company [ESIC],612748,"Construction of 100 bed ESI Hospital and Staff Quarters [32 Nos.] at Harohalli, Karnataka",151,0,0,0,28-02-2027,,16-07-2019
238,Healthcare,Ministry of Labour and Employment,Employee's State Insurance Company [ESIC],612513,"Construction of 100 Bedded ESI Hospital at Duburi, Odisha.",165,0,16.4,7,09-06-2027,,10-12-2010
239,Healthcare,Ministry of Labour and Employment,Employee's State Insurance Company [ESIC],612239,Construction of 100 bedded ESIC Hospital & 32 nos. of Staff qtrs at OMPURA J&K.,131,164.93,162.05,99,30-09-2024,31-12-2025,13-09-2019
240,Healthcare,Ministry of Labour and Employment,Employee's State Insurance Company [ESIC],612178,"Construction of 100 Bedded ESIC Hospital building and 32 Nos Residential Quarters at Vallam Vadangal, SIPCOT, Sriperumbudur",153,177.01,107.83,99,12-06-2025,31-01-2026,18-02-2015
241,Healthcare,Ministry of Labour and Employment,Employee's State Insurance Company [ESIC],612745,"Construction of 200 bed ESI Hospital at Bommasandra, Karnataka",278,0,27.8,0,12-01-2027,,18-02-2015
242,Healthcare,Ministry of Labour and Employment,Employee's State Insurance Company [ESIC],612188,"Construction of 200 Bedded [Upgradable to 500 Bedded including 50 beds of SST] ESIC Hospital at Bibewadi, Pune",429,0,282.09,70,19-09-2025,21-02-2026,24-05-2018
243,Healthcare,Ministry of Labour and Employment,Employee's State Insurance Company [ESIC],612213,"Construction of 200 Bedded ESIC Hospital at Butibori, Nagpur, Maharashtra.",195,196.7,114.39,62,31-08-2025,30-09-2026,28-10-2013
244,Healthcare,Ministry of Labour and Employment,Employee's State Insurance Company [ESIC],612201,"Construction of 200 bedded ESIC Hospital with 62 Nos Staff quarters , Beltola",143,154.75,101.83,94,12-04-2025,28-02-2026,06-12-2017
245,Healthcare,Ministry of Labour and Employment,Employee's State Insurance Company [ESIC],612259,CONSTRUCTION OF 300 BEDDED HOSPITAL AT HARIDWAR,102,297.63,321.82,80,30-10-2024,31-03-2026,22-02-2021
246,Healthcare,Ministry of Labour and Employment,Employee's State Insurance Company [ESIC],612167,"Construction of 350 beds + 50 Super Specialty beds ESIC Hospital Sheelanagar, Visakhapatnam, Andhra Pradesh",384,0,105,40,09-10-2025,09-01-2026,22-02-2021
247,Healthcare,Ministry of Labour and Employment,Employee's State Insurance Company [ESIC],612211,"Demolition, Construction and upgradation of ESI Hospital, Kalol, Gujarat from 50 beds to 150 beds.",206,0,31.49,18,05-10-2025,30-06-2026,26-08-2022
248,Healthcare,Ministry of Labour and Employment,Employee's State Insurance Company [ESIC],616691,"Upgradation & Extension of ESIC Hospital and Construction of PG Hostel / Staff Housing for ESIC Hospital at Andheri, Mumbai",260,0,210.12,89,15-08-2025,31-12-2025,26-12-2008
249,Healthcare,"Ministry of Ports, Shipping and Waterways",Mumbai Port Trust [MPT],708662,Establishment of 600 bed super specialty hospital with optional development of Medical college and further expansion on PPP basis.,693,693,58,11,30-06-2026,31-12-2027,13-08-2019
250,Inland Waterways,Ministry of Housing & Urban Affairs,Chennai Metro Rail Limited [CMRL],702668,Chennai Metro Rail Phase-II Development Project,63246,0,29336,47,31-08-2029,,18-10-2024
251,Inland Waterways,"Ministry of Ports, Shipping and Waterways",Inland Waterways Authority of India [IWAI],611142,Fairway Development in West Bengal Farakka - Kahelgaon,177,197,383.41,100,31-07-2023,21-04-2024,01-01-2018
252,Inland Waterways,"Ministry of Ports, Shipping and Waterways",Inland Waterways Authority of India [IWAI],701565,Jal Marg Vikas Project,5369,5061.15,3577.42,73,31-12-2023,31-12-2025,03-01-2018
253,Metals & Mining,Ministry of Mines,National Aluminium Company Limited [NALCO],709832,25.5 MW WIND POWER PROJECT AT KAYATHAR IN TAMILNADU,166,0,135,65,31-03-2025,31-03-2026,27-09-2017
254,Metals & Mining,Ministry of Mines,Ministry of Mines,709830,CONVERSION OF FLAT BOTTOM SETTLERS AND WASHERS WITH A SINGLE TRAIN OF HRDS AND DCWS IN STREAMS 1 AND,355,581,163.55,12,30-11-2026,,
255,Metals & Mining,Ministry of Mines,National Aluminium Company Limited [NALCO],400141,Expansion of Alumina Refinery Plant with addition of 5th Stream having capacity enhancement of 1.0 Million Tonee Per Annum,4103,5677.4,4310.44,79,31-12-2022,30-09-2025,21-04-2017
256,Metals & Mining,Ministry of Mines,Hindustan Copper Limited [HCL],400426,Expansion of Malanjkhand Copper Project,1856,0,947.42,82,30-04-2020,30-04-2026,30-09-2011
257,Metals & Mining,Ministry of Mines,National Aluminium Company Limited [NALCO],400299,Pottangi Bauxite Mines Project,1381,1960.77,650.04,51,31-03-2025,31-05-2026,14-05-2018
258,Metals & Mining,Ministry of Mines,National Aluminium Company Limited [NALCO],709831,SOURCING OF BAUXITE ARRANGEMENT FOR 5TH STREAM ALUMINA REFINERY FROM SOUTH BLOCK MINING LEASE OF PANCHPATMAILI MINES,483,0,414.75,91,31-05-2025,30-06-2026,11-11-2017
259,Metals & Mining,Ministry of Steel,National Mineral Development Corporation Limited [NMDC],615202,Capacity expansion of Deposit-14 and 14 NMZ at Kirandul,1700,1756.2,142.16,7,31-12-2028,27-03-2028,12-08-2021
260,Oil & Gas,Ministry of Petroleum & Natural Gas,Hindustan Petroleum Corporation Limited [HPCL],400171,2G Ethanol Biorefinery at Bathinda,1421,1421.46,1207.72,95,18-02-2023,31-03-2026,19-05-2020
261,Oil & Gas,Ministry of Petroleum & Natural Gas,Ministry of Petroleum & Natural Gas,400168,"500 KTA PDHPP Project, Usar",8797,11256,7212.88,87,08-04-2025,30-06-2026,08-04-2021
262,Oil & Gas,Ministry of Petroleum & Natural Gas,MinistryofPetroleumNaturalGas,617822,ATF Pipeline from BPCLs Malkapur POL Installation to Hyderabad International airport,215,0,0,10,30-09-2027,,
263,Oil & Gas,Ministry of Petroleum & Natural Gas,Indian Oil Corporation Limited [IOCL],709782,ATF Pipeline from Jawaharlal Nehru Port Trust to Navi Mumbai International Airport,165,165,94.28,79,21-08-2025,31-03-2026,22-08-2022
264,Oil & Gas,Ministry of Petroleum & Natural Gas,Ministry of Petroleum & Natural Gas,617838,Augmentation of CCKPL and IDPL Pipelines capacity along with setting up of Palakkad TOP,1130,1130,173.9,20,31-08-2028,31-08-2028,12-09-2024
265,Oil & Gas,Ministry of Petroleum & Natural Gas,MinistryofPetroleumNaturalGas,709786,"Augmentation/ Revamping of Dimapur Depot, Dimapur",228,227.62,11.41,26,30-11-2027,30-11-2027,18-08-2023
266,Oil & Gas,Ministry of Petroleum & Natural Gas,MinistryofPetroleumNaturalGas,709776,Augmentation/Revamping of Facilities at existing Guwahati Terminal at Betkuchi,277,323.09,190.21,70,30-09-2026,30-09-2026,06-04-2022
267,Oil & Gas,Ministry of Petroleum & Natural Gas,Ministry of Petroleum & Natural Gas,701324,Barauni Refinery Capacity Expansion from 6.0 to 9.0 MMTPA,14810,16724,12327.4,88,30-04-2023,31-08-2026,30-01-2020
268,Oil & Gas,Ministry of Petroleum & Natural Gas,Ministry of Petroleum & Natural Gas,709850,Borholla GGS Life Extension Project [BLEP],199,198.7,58.92,40,16-05-2026,16-05-2026,18-09-2023
269,Oil & Gas,Ministry of Petroleum & Natural Gas,Ministry of Petroleum & Natural Gas,617830,C2/C3 Vijaipur Pata Pipeline,1792,0,261.13,38,15-01-2027,,16-05-2024
270,Oil & Gas,Ministry of Petroleum & Natural Gas,MinistryofPetroleumNaturalGas,709779,Capacity Expansion of Digboi Refinery from 0.65 to 1.0 MMTPA,768,740,125.07,46,08-03-2026,31-07-2027,28-06-2022
271,Oil & Gas,Ministry of Petroleum & Natural Gas,Ministry of Petroleum & Natural Gas,701289,Capacity Expansion of Panipat Refinery from 15 to 25 MMTPA,34627,36225,27366.2,91,30-09-2024,30-06-2026,26-02-2021
272,Oil & Gas,Ministry of Petroleum & Natural Gas,Chennai Petroleum Corporation Limited [CPCL],604795,CBR 9 MMTPA Project,31580,36354,1397.8,10,02-06-2025,31-10-2028,03-09-2021
273,Oil & Gas,Ministry of Petroleum & Natural Gas,Hindustan Petroleum Corporation Limited,709757,"CGD Project in Banka, Dumka, Godda, Jamtara, Pakur, Sahibganj GA ID 11A.02",1377,1377,347.15,31,30-06-2030,30-06-2030,14-06-2022
274,Oil & Gas,Ministry of Petroleum & Natural Gas,Hindustan Petroleum Corporation Limited,709758,"CGD Project in Malda, Birbhum, Murshidabad, Dakshin Dinajpur GA ID 11A.03",2628,2628,348.91,30,30-06-2030,30-06-2030,17-06-2022
275,Oil & Gas,Ministry of Petroleum & Natural Gas,Ministry of Petroleum & Natural Gas,617818,"City Gas Distribution [CGD] Project in Gajapati, Kandhamal, Boudh, & Sonepur GA",515,514.91,22.2,4,28-02-2030,28-02-2030,28-02-2022
276,Oil & Gas,Ministry of Petroleum & Natural Gas,Ministry of Petroleum & Natural Gas,617819,"City Gas Distribution [CGD] Project in Kondagaon, Bastar, Sukma, Narayanpur, Bijapur & Dantewada GA",557,557.04,8.33,2,30-06-2030,30-06-2030,13-06-2022
277,Oil & Gas,Ministry of Petroleum & Natural Gas,Ministry of Petroleum & Natural Gas,701338,City Gas Distribution Maharashtra Natural Gas Limited,5535,5535,4011.77,0,08-06-2031,08-06-2031,13-01-2006
278,Oil & Gas,Ministry of Petroleum & Natural Gas,MinistryofPetroleumNaturalGas,709771,"City Gas Distribution Project at Beed, Jalgaon and Jalna Districts",865,865,73.18,3,30-09-2031,30-09-2031,15-03-2022
279,Oil & Gas,Ministry of Petroleum & Natural Gas,MinistryofPetroleumNaturalGas,709772,"City Gas Distribution Project at East Mednipore, West Mednipore & Jhargram Districts",609,609,58.09,2,30-06-2031,30-06-2031,23-03-2022
280,Oil & Gas,Ministry of Petroleum & Natural Gas,MinistryofPetroleumNaturalGas,709773,"City Gas Distribution Project at Jammu, Udhampur, Reasi, Samba and Kathua Districts",538,538,4.11,0,31-03-2032,31-03-2032,15-03-2022
281,Oil & Gas,Ministry of Petroleum & Natural Gas,MinistryofPetroleumNaturalGas,709766,"City Gas Distribution Project at Kurnool, Guntur & Prakasam Districts",1420,1420,168.51,6,31-03-2030,31-03-2030,15-03-2022
282,Oil & Gas,Ministry of Petroleum & Natural Gas,MinistryofPetroleumNaturalGas,709770,City Gas Distribution Project at Pathankot District,151,151,8.77,2,30-09-2033,30-09-2033,29-03-2022
283,Oil & Gas,Ministry of Petroleum & Natural Gas,Bharat Petroleum Corporation Limited [BPCL],709791,City Gas Distribution Projects at Alipurduar and Cooch Behar,1017,1017,199.62,40,31-03-2030,31-03-2030,21-12-2022
284,Oil & Gas,Ministry of Petroleum & Natural Gas,Bharat Petroleum Corporation Limited [BPCL],709792,"City Gas Distribution Projects at Darbhanga, Madhubani, Supaul, Sitamarhi and Sheohar districts",3638,3638,428.18,29,31-03-2030,31-03-2030,21-12-2022
285,Oil & Gas,Ministry of Petroleum & Natural Gas,Bharat Petroleum Corporation Limited [BPCL],709794,"City Gas Distribution Projects at Fazilka [except area already authorized], Ganganagar and Hanumangarh districts",3207,3207,366.34,26,30-06-2030,30-06-2030,21-12-2022
286,Oil & Gas,Ministry of Petroleum & Natural Gas,Bharat Petroleum Corporation Limited [BPCL],709793,"City Gas Distribution Projects at Gopalganj, Siwan, West Champaran, East Champaran and Deoria districts",3919,3919,431.68,21,30-06-2030,30-06-2030,21-12-2022
287,Oil & Gas,Ministry of Petroleum & Natural Gas,Bharat Petroleum Corporation Limited [BPCL],709795,"City Gas Distribution Projects at Lakhimpur Kheri , Sitapur, Bahraich, Shravasti,Balrampur, Siddharth Nagar & Maharajganj districts",16654,16654,630.34,12,30-06-2030,30-06-2030,21-12-2022
288,Oil & Gas,Ministry of Petroleum & Natural Gas,Bharat Petroleum Corporation Limited [BPCL],709796,City Gas Distribution Projects at the Nilgiris and Erode districts,3685,3685,250.98,21,31-03-2030,31-03-2030,21-12-2022
289,Oil & Gas,Ministry of Petroleum & Natural Gas,Ministry of Petroleum & Natural Gas,617836,Coke Drum Structure Package,635,635.28,58.68,45,31-12-2025,31-12-2025,20-12-2022
290,Oil & Gas,Ministry of Petroleum & Natural Gas,Oil and Natural Gas Corporation Limited [ONGC],709838,Commercial Polymer Flooding Project in Bechraji field,621,739.02,137.74,24,30-11-2024,31-05-2027,21-01-2022
291,Oil & Gas,Ministry of Petroleum & Natural Gas,MinistryofPetroleumNaturalGas,709780,Construction of Additional Tankages and Allied Facilities at JNPT Terminal,341,436.14,289.92,55,31-08-2026,31-08-2026,19-04-2022
292,Oil & Gas,Ministry of Petroleum & Natural Gas,Ministry of Petroleum & Natural Gas,616858,"Construction of Field Gas Gathering Station at Baghjan area for collection, processing & transportation of natural Gas to be produced from Baghjan Field",431,430.76,331.99,88,31-03-2024,31-12-2025,29-12-2020
293,Oil & Gas,Ministry of Petroleum & Natural Gas,Ministry of Petroleum & Natural Gas,610985,Construction of lube oil blending plant at Rasayani,423,526.26,326.5,88,31-12-2023,31-12-2025,25-05-2022
294,Oil & Gas,Ministry of Petroleum & Natural Gas,Oil and Natural Gas Corporation Limited [ONGC],709837,"Creation of Gas Dehydration Facilities, Tripura Asset",209,131.51,70.94,66,31-05-2024,31-05-2026,08-03-2022
295,Oil & Gas,Ministry of Petroleum & Natural Gas,MinistryofPetroleumNaturalGas,709800,"CUF POL Depot at Sadashibpur [Meramundali], Odisha",394,393.54,123.06,52,31-03-2026,31-03-2026,21-04-2021
296,Oil & Gas,Ministry of Petroleum & Natural Gas,Oil and Natural Gas Corporation Limited [ONGC],709839,Daman Upside Development Project,4144,6406.9,4694.85,90,31-10-2025,28-02-2026,29-06-2022
297,Oil & Gas,Ministry of Petroleum & Natural Gas,NRL,709864,DCU Revamp Project,370,370,271.34,66,17-07-2024,30-06-2026,05-08-2021
298,Oil & Gas,Ministry of Petroleum & Natural Gas,"Department of Water Resources, River Development & GR",400158,Debottlenecking and Augmentation of Cryogenic facilities at Uran LPG Import Terminal,1165,1629.86,1012.27,90,29-02-2024,31-12-2025,21-04-2021
299,Oil & Gas,Ministry of Petroleum & Natural Gas,Ministry of Petroleum & Natural Gas,616879,Demo Bio-ATF Project,364,364,39.1,22,16-01-2027,16-01-2027,22-03-2024
300,Oil & Gas,Ministry of Petroleum & Natural Gas,Oil and Natural Gas Corporation Limited [ONGC],610984,Development of Jharia CBM Block [Phase-1],431,431,227,61,21-01-2024,31-03-2026,21-11-2019
301,Oil & Gas,Ministry of Petroleum & Natural Gas,Ministry of Petroleum & Natural Gas,604863,Development of Surface Facilities for production and evacuation of Crude Oil and Natural Gas from Nadua and East Khagorija,683,726.93,491.68,94,29-02-2020,31-12-2025,10-01-2018
302,Oil & Gas,Ministry of Petroleum & Natural Gas,Ministry of Petroleum & Natural Gas,701344,Dhamra Haldia Pipeline Project,1031,1125,879.9,90,07-11-2022,31-12-2025,03-03-2020
303,Oil & Gas,Ministry of Petroleum & Natural Gas,Ministry of Petroleum & Natural Gas,617302,Durgapur - Haldia Pipeline [Section-3B of JHBDPL Project],1740,2493.15,2304.3,91,31-12-2020,31-12-2025,01-03-2017
304,Oil & Gas,Ministry of Petroleum & Natural Gas,MinistryofPetroleumNaturalGas,709798,Ethylene Cracker Project at Bina Refinery including downstream Petrochemical Plants and expansion of Refinery,43367,43367,2033,17,31-05-2028,31-05-2028,15-05-2023
305,Oil & Gas,Ministry of Petroleum & Natural Gas,Gas Authority of India Limited [GAIL],612853,Gurdaspur Jammu Pipeline,522,521.9,233.4,42,11-07-2026,11-07-2026,12-07-2023
306,Oil & Gas,Ministry of Petroleum & Natural Gas,Ministry of Petroleum & Natural Gas,607701,"Guwahati Refinery Expansion [1.0 to 1.2 MMTPA] along with installation of CRU, Guwahati Refinery",412,577,451.05,88,31-10-2023,31-05-2026,19-05-2021
307,Oil & Gas,Ministry of Petroleum & Natural Gas,Hindustan Petroleum Corporation Limited,709753,Haldia Panagarh Pipeline Project,1010,1010,699.07,87,08-11-2025,08-05-2026,09-11-2022
308,Oil & Gas,Ministry of Petroleum & Natural Gas,Hindustan Petroleum Corporation Limited,709760,HP TDAE Unit in Mumbai Refinery,240,240,70.12,62,19-04-2026,19-04-2026,19-06-2024
309,Oil & Gas,Ministry of Petroleum & Natural Gas,Hindustan Petroleum Corporation Limited,709752,HP-COAT [Crude to Olefins and Aromatics Technology] demo unit at Visakh Refinery,160,220,99.49,79,30-06-2024,31-03-2026,23-09-2021
310,Oil & Gas,Ministry of Petroleum & Natural Gas,Ministry of Petroleum & Natural Gas,604853,"Indian Oil Technology Development and Deployment Centre at R&D Campus-II, Faridabad",2282,3200,1850.35,64,31-12-2022,31-10-2026,27-06-2019
311,Oil & Gas,Ministry of Petroleum & Natural Gas,MinistryofPetroleumNaturalGas,709777,Installation of Bitumen Manufacturing Unit along with allied facilities at Barauni Refinery,389,340,77.72,50,30-04-2025,31-10-2026,31-01-2022
312,Oil & Gas,Ministry of Petroleum & Natural Gas,Bharat Petroleum Corporation Limited [BPCL],709789,Installation of Independent De- Aromatized Solvents [DAS] production facilities at MR,405,343,227.3,95,31-07-2025,20-02-2026,01-03-2023
313,Oil & Gas,Ministry of Petroleum & Natural Gas,MinistryofPetroleumNaturalGas,709783,"Installation of Multiple Effect Evaporator [MEE] for ETP-1, 2 & 4 of Panipat Refinery and Petrochemical Complex.",165,247.69,143.78,77,30-06-2023,30-06-2026,22-12-2020
314,Oil & Gas,Ministry of Petroleum & Natural Gas,MinistryofPetroleumNaturalGas,709778,Installation of new Biturox Unit along with allied facilities at Gujarat Refinery,328,287,172.32,67,08-08-2025,30-09-2026,31-01-2022
315,Oil & Gas,Ministry of Petroleum & Natural Gas,Ministry of Petroleum & Natural Gas,709851,Integrated Development of 4 Contract Areas under DSF-II,6184,6183.79,697.67,24,30-04-2027,30-04-2027,26-05-2023
316,Oil & Gas,Ministry of Petroleum & Natural Gas,Ministry of Petroleum & Natural Gas,604859,Integrated Para Xylene [PX] and Purified Terephthalic Acid [PTA] Project at Paradip Refinery,13805,11783,8552.2,91,31-01-2024,31-08-2026,31-07-2020
317,Oil & Gas,Ministry of Petroleum & Natural Gas,Oil and Natural Gas Corporation Limited [ONGC],709842,"Kalol Redevelopment Project, Ahmedabad Asset",1487,1487.41,937.75,62,31-03-2027,31-03-2027,30-08-2022
318,Oil & Gas,Ministry of Petroleum & Natural Gas,Oil and Natural Gas Corporation Limited [ONGC],400120,KG-DWN-98/2 Cluster - II Development Project - NELP Block,34012,34012,32250,96,30-06-2020,30-06-2026,28-03-2016
319,Oil & Gas,Ministry of Petroleum & Natural Gas,Ministry of Petroleum & Natural Gas,701228,Kochi - Koottanad - Bangalore - Mangalore Pipeline Phase-II,2915,5909,4531.49,95,31-12-2012,31-12-2025,22-06-2009
320,Oil & Gas,Ministry of Petroleum & Natural Gas,MinistryofPetroleumNaturalGas,709785,Laying of Natural Gas Pipeline from Hazaribagh to Ranchi [HRPL],202,202.07,61.67,50,08-02-2026,08-02-2026,09-02-2023
321,Oil & Gas,Ministry of Petroleum & Natural Gas,Chennai Petroleum Corporation Limited [CPCL],709750,Laying of new 28 inch Desal Water Pipeline and 10 inch Reject Water Pipeline between CPCL Manali Refinery and CPCL Desalination plant at Ennore,205,205,66.22,52,21-09-2025,31-12-2025,22-01-2024
322,Oil & Gas,Ministry of Petroleum & Natural Gas,Oil and Natural Gas Corporation Limited [ONGC],400119,Life Extension of 48 well platforms of Mumbai High & Heera Fields,3191,3375.9,3122.39,90,30-04-2018,31-03-2026,22-12-2015
323,Oil & Gas,Ministry of Petroleum & Natural Gas,Ministry of Petroleum and Natural Gas,616933,Lube Modernization & Bottom Upgradation Project at Mumbai Refinery,4679,4679,213.91,6,16-03-2028,16-03-2028,16-12-2024
324,Oil & Gas,Ministry of Petroleum & Natural Gas,Ministry of Petroleum & Natural Gas,701330,Mehsana-Bhatinda & Bhatinda-Jammu Natural Gas Pipeline,7392,7392,6320,90,30-06-2024,31-12-2025,07-07-2011
325,Oil & Gas,Ministry of Petroleum & Natural Gas,Ministry of Petroleum & Natural Gas,709848,MHN TCPP PGC BGC Project [MTPBP],2329,2354.23,1148.9,61,19-05-2026,19-05-2026,29-06-2022
326,Oil & Gas,Ministry of Petroleum & Natural Gas,Ministry of Petroleum & Natural Gas,701354,Mumbai Nagpur Jharsuguda Pipeline Project,7844,8255,6710.1,97,14-05-2023,31-12-2025,15-06-2020
327,Oil & Gas,Ministry of Petroleum & Natural Gas,Ministry of Petroleum & Natural Gas,701346,North East Gas Grid,9265,9265,6608.95,86,31-03-2024,31-03-2026,01-04-2020
328,Oil & Gas,Ministry of Petroleum & Natural Gas,Ministry of Petroleum & Natural Gas,604791,Numaligarh Refinery Expansion Project,12366,22494,17836.5,79,27-07-2024,31-12-2025,27-07-2020
329,Oil & Gas,Ministry of Petroleum & Natural Gas,Oil and Natural Gas Corporation Limited [ONGC],709841,Old Pipe Line Replacement [OPRP] Group-A,173,169.84,154.84,89,18-07-2025,17-03-2026,01-07-2021
330,Oil & Gas,Ministry of Petroleum & Natural Gas,Oil and Natural Gas Corporation Limited [ONGC],709846,Part Replacement Pipeline Project [PRPP],1219,1145.1,745,90,15-05-2024,31-01-2026,10-11-2022
331,Oil & Gas,Ministry of Petroleum & Natural Gas,Ministry of Petroleum & Natural Gas,701329,Petrochemical and Lube Integration Project at Gujarat Refinery,18936,17825,12940.1,85,31-08-2024,30-06-2026,21-09-2020
332,Oil & Gas,Ministry of Petroleum & Natural Gas,Ministry of Petroleum & Natural Gas,709847,Pipeline Network Project Rudrasagar,345,344.99,220.37,48,27-04-2026,27-04-2026,27-01-2023
333,Oil & Gas,Ministry of Petroleum & Natural Gas,Ministry of Petroleum & Natural Gas,617827,"Pipeline Rehabilitation Project, Phase-II",680,680,2.24,14,17-12-2029,17-12-2029,18-12-2024
334,Oil & Gas,Ministry of Petroleum & Natural Gas,Bharat Petroleum Corporation Limited [BPCL],709797,POL & LOBS Installations with Receipt Pipelines at Rasayani,2585,2585,788.46,67,31-05-2026,31-05-2026,15-05-2023
335,Oil & Gas,Ministry of Petroleum & Natural Gas,Indian Oil Corporation Limited [IOCL],611917,Poly Butadiene Rubber plant at Panipat,1459,2531.44,1418.65,77,31-03-2025,30-06-2026,16-03-2022
336,Oil & Gas,Ministry of Petroleum & Natural Gas,NRL,709865,Power Recovery Turbine [PRT] in PFCCU unit as an Energy Conservation Scheme,294,293.5,97.22,97,31-12-2024,31-12-2025,12-04-2023
337,Oil & Gas,Ministry of Petroleum & Natural Gas,Mangalore Refinary and Petrochemicals Limited,612790,Power System Upgradation Project,385,385,164.35,72,17-11-2025,12-05-2026,30-10-2023
338,Oil & Gas,Ministry of Petroleum & Natural Gas,Gas Authority of India Limited [GAIL],400161,"PP Project, Pata",911,1299.02,1051,99,31-01-2024,31-12-2025,05-03-2019
339,Oil & Gas,Ministry of Petroleum & Natural Gas,Ministry of Petroleum & Natural Gas,616950,PRP-VIII [Group-A],1486,1486.4,272.3,24,28-02-2026,15-05-2026,05-09-2024
340,Oil & Gas,Ministry of Petroleum & Natural Gas,Ministry of Petroleum & Natural Gas,709849,PRP-VIII Group B [NH & BS Asset],2380,3165.53,1806.9,70,28-02-2026,15-05-2026,20-06-2024
341,Oil & Gas,Ministry of Petroleum & Natural Gas,Oil and Natural Gas Corporation Limited [ONGC],400169,Redevelopment of Linch Field,631,860.04,572.91,87,31-03-2025,31-03-2026,23-04-2021
342,Oil & Gas,Ministry of Petroleum & Natural Gas,Oil and Natural Gas Corporation Limited [ONGC],400167,Redevelopment of Santhal Field [Onshore-Mehsana Asset],1163,1162.56,1140.98,95,31-03-2026,31-03-2026,23-02-2017
343,Oil & Gas,Ministry of Petroleum & Natural Gas,Oil and Natural Gas Corporation Limited [ONGC],400087,Redevelopment of Sobhasan Complex,886,1286.67,876.84,80,28-02-2026,28-02-2026,13-08-2021
344,Oil & Gas,Ministry of Petroleum & Natural Gas,Bharat Petroleum Corporation Limited [BPCL],709790,Replacement and Extension of Jetty Pipelines [REJP] at KR,622,621.87,211.67,91,31-03-2026,31-03-2026,01-03-2023
345,Oil & Gas,Ministry of Petroleum & Natural Gas,Oil and Natural Gas Corporation Limited [ONGC],709840,"Restoration of Gas Terminal, Phase-I [Part-A], Hazira",249,249.43,210.42,95,10-02-2025,31-12-2025,27-05-2022
346,Oil & Gas,Ministry of Petroleum & Natural Gas,MinistryofPetroleumNaturalGas,709781,Revamping / Augmentation of Facilities at Mathura Bitumen Plant,260,260.12,10.38,33,30-06-2027,31-12-2026,19-04-2022
347,Oil & Gas,Ministry of Petroleum & Natural Gas,Oil and Natural Gas Corporation Limited [ONGC],709845,"Revamping of SV Stations, Gas Terminal & Kribhco Terminal",837,837.34,301.21,57,31-08-2026,31-08-2026,30-11-2022
348,Oil & Gas,Ministry of Petroleum & Natural Gas,Ministry of Petroleum & Natural Gas,709774,Revamping/ Augmentation of facilities at existing port terminal at Mangalore,463,500.62,290.86,75,31-12-2025,30-06-2027,31-01-2022
349,Oil & Gas,Ministry of Petroleum & Natural Gas,MinistryofPetroleumNaturalGas,617304,"Setting up of LPG Plant with Rail Unloading Facility at Hathua, Dist. Gopalganj, Bihar",340,340.15,116.08,34,01-03-2027,01-03-2027,27-10-2023
350,Oil & Gas,Ministry of Petroleum & Natural Gas,MinistryofPetroleumNaturalGas,709799,Setting up Polypropylene Unit at Kochi Refinery,4460,4460,351.85,18,31-10-2027,31-10-2027,19-12-2023
351,Oil & Gas,Ministry of Petroleum & Natural Gas,Ministry of Petroleum & Natural Gas,617837,Siliguri Marketing Terminal [SMT] Capacity Augmentation Project,484,484,282.21,79,31-12-2025,31-12-2025,08-11-2021
352,Oil & Gas,Ministry of Petroleum & Natural Gas,Indian Oil Corporation Limited (IOCL),617828,Siliguri-Jhapa Pipeline Project,267,267,1.37,7,29-03-2029,29-03-2029,30-09-2024
353,Oil & Gas,Ministry of Petroleum & Natural Gas,Ministry of Petroleum & Natural Gas,701350,Upgradation of Facilities of Numaligarh-Siliguri Product Pipeline [NSPL] for transportation of additional products from existing 1.72 MMTPA to 5.5 MMTPA,860,860,636.92,99,20-12-2024,31-12-2025,21-06-2021
354,Oil & Gas,Ministry of Petroleum & Natural Gas,Ministry of Petroleum and Natural Gas,616254,Visakh Raipur Pipeline Project,2212,2212,22.57,14,10-09-2027,10-09-2027,11-09-2024
355,Railways,Ministry of Coal,Railway,400203,Dharamjaigarh-Korba,1686,0,439.98,42,31-12-2026,31-08-2026,22-05-2018
356,Railways,Ministry of Coal,Ministry of Coal,400416,Shivpur-Kathautia New Rail [BG] Line [49 km] [Package II of Tori-Shivpur-Kathautia line],1800,2564.34,1489.74,64,30-06-2025,30-06-2026,27-02-2018
357,Railways,Ministry of Railways,East Coast Railway [ECoR] - II,612834,3rd & 4th line between Sarla - Sason [8 km] [PB 73/2023-24/NR],252,0,91.45,65,28-12-2025,,19-04-2023
358,Railways,Ministry of Railways,East Coast Railway [ECoR] - II,616697,3rd & 4th line between Vadlapudi -Gate Jn. cabin and Tie line between Gate Junction to Gangavaram port,154,0,20.58,32,30-06-2026,,11-04-2023
359,Railways,Ministry of Railways,East Coast Railway [ECoR] - II,705515,3rd & 4th Railway Line Project from Salegaon to Budhapank via Rajathgarh.,1173,2092,1971,80,31-03-2026,31-03-2026,11-07-2013
360,Railways,Ministry of Railways,SECR,709819,3RD AND 4TH LINE - SARAGBUNDIA AND MADWARANI,168,0,0.11,4,31-12-2026,31-12-2026,12-09-2022
361,Railways,Ministry of Railways,South Central Railway [SCR] - II,617216,3rd Line between Gudur Renigunta 83.17 Km,877,0,29.04,0,31-03-2027,,03-10-2024
362,Railways,Ministry of Railways,Central Railway,705498,3rd Line Kalyan - Kasara [67.35 Kilometres],793,1395.79,981.36,52,31-12-2026,31-12-2026,14-09-2015
363,Railways,Ministry of Railways,Central Railway [CR] - II,705506,3rd Line Manmad - Jalgaon [160 Kilometres],1035,1558.75,1726.94,95,31-12-2024,31-08-2025,30-05-2017
364,Railways,Ministry of Railways,Central Railway [CR] - II,705502,3rd Line Wardha - Ballarshah [132 Kilometres],1385,2033.59,1713.23,80,31-12-2025,28-02-2026,07-03-2016
365,Railways,Ministry of Railways,Central Railway [CR] - II,705500,3rd Line Wardha - Sewagram - Nagpur,540,944.24,783.01,83,31-12-2025,31-12-2025,04-09-2015
366,Railways,Ministry of Railways,SECR,709815,4TH LINE - BHATAPARA-HATHBAND [8.8 KM] [PB-72/NR/2022-23],177,177.03,0,3,31-01-2027,31-12-2027,30-09-2022
367,Railways,Ministry of Railways,SECR,709816,4TH LINE - BHILAI-BHILAI NAGAR [8.8 KM] [PB-72/NR/2022-23],177,177.34,1.64,6,28-02-2027,28-02-2027,30-09-2022
368,Railways,Ministry of Railways,SECR,709817,4TH LINE - DADHAPARA-BELHA [9.2 KM] [PB-72/NR/2022-23],169,169.06,18.37,60,30-11-2026,26-11-2026,15-09-2022
369,Railways,Ministry of Railways,Western Railway (WR) - II,612072,4th LINE BETWEEN BAREJADI NANDEJ-SANAND-AHMEDABAD BYPASS,962,961.67,359.61,18,31-03-2027,31-07-2028,03-02-2023
370,Railways,Ministry of Railways,South East Central Railway [SECR] - II,612815,4th line between Nipania Bhatapara 14.4 Km,170,0,1.34,5,31-03-2027,,08-12-2022
371,Railways,Ministry of Railways,SECR,709818,4TH LINE RAJNANDGAON-DONGARHGARH [31.2 KM] [PB-72/NR/2022-23],328,328.34,57.3,27,31-01-2027,31-01-2027,12-09-2022
372,Railways,Ministry of Railways,Central Railway [CR] - II,705505,4th Line Wardha - Nagpur [78.7 Kilometres],638,1341.28,1012.82,83,31-12-2025,28-02-2026,20-04-2017
373,Railways,Ministry of Railways,Western Railway (WR) - II,611937,Adraj Moti Vijapur 40 Kms,418,417.53,502.23,90,31-05-2026,31-12-2025,01-05-2022
374,Railways,Ministry of Railways,CAO/C/NCR,705919,Agra Fort-Bandikui Doubling Line Project,1390,1390,123,25,30-06-2027,27-06-2027,01-06-2022
375,Railways,Ministry of Railways,Central Railway [CR] - II,705356,Ahmednagar - Beed - Parli - Vaijnath New Broad Gauge Line Railway Project [261.3 km],2539,4957.27,5140.63,98,31-03-2026,31-03-2026,01-01-1999
376,Railways,Ministry of Railways,North Western Railway [NWR],616843,AJMER- CHANDERIYA DOUBLING,1635,0,140.65,7,30-06-2027,,19-02-2024
377,Railways,Ministry of Railways,CAO/C/NCR,705774,Aligarh -Daud Khan Flyover Construction & 3rd Railway Line Project,758,779.49,412.67,73,31-01-2025,31-03-2027,01-04-2019
378,Railways,Ministry of Railways,North Central Railway,705771,Allahabad-Bamhrauli Flyover Construction & 4th Railway Line Project,494,494,333,70,31-03-2026,26-03-2026,01-04-2019
379,Railways,Ministry of Railways,CAO/C/NR,705583,Anand Vihar-Tilak Bridge 3rd & 4th line,667,667,289.26,63,31-03-2023,31-12-2027,31-03-2013
380,Railways,Ministry of Railways,Construction NER,617252,Anandnagar - Ghugli via Maharajganj New line 52.7 km,958,0,454.36,23,21-03-2028,,25-10-2023
381,Railways,Ministry of Railways,East Central Railway [ECR] - I,705368,Araria Supaul New BG Line,1605,2514,1604.02,40,31-03-2024,31-01-2027,29-06-2018
382,Railways,Ministry of Railways,South Central Railway [SCR] - II,611751,AURANGABAD-ANKAI - DOUBLING PROJECT 98.25 Km,961,0,555.02,1,31-03-2027,,25-05-2023
383,Railways,Ministry of Railways,CentralRailway,617361,Babupeth - Sasti New Rail Line [13.114 KMs],363,362.81,0.47,0,31-03-2028,,25-10-2024
384,Railways,Ministry of Railways,CAO/C/SER,616587,Badampahar-Kendujhargarh new line [82.06 km],1876,0,1.04,0,31-12-2029,,19-08-2024
385,Railways,Ministry of Railways,South Western Railway [SWR] - II,705495,Bagalkot-Kudachi New Railway Line [142 km],1378,1649,729.34,35,31-03-2027,31-01-2027,04-10-2013
386,Railways,Ministry of Railways,North Eastern Railway [NER],400204,Bahraich-Shravasti-Balrampur-Siddharthnagar -Santkabir nagar,4940,4939.78,1253.71,8,30-10-2030,31-10-2030,03-10-2018
387,Railways,Ministry of Railways,Karnataka Rail Infrastructure Development Company Limited [K-RIDE],703586,Baiyyappanahalli - Hosur Doubling Project [48 km],499,748.7,630.41,86,31-03-2024,31-01-2026,01-04-2019
388,Railways,Ministry of Railways,East Central Railway (ECR) - II,617824,Bakhtiyarpur-Rajgir-Tilaiya [Single line section]104km,2017,0,0,0,01-10-2029,,01-10-2025
389,Railways,Ministry of Railways,South Western Railway [SWR] - II,705663,Bangalore-Whitefield-Bangalore City-Krishnarajapuram [23.08 km] - Quadrupling,493,493,252.45,82,28-02-2026,28-02-2026,20-02-2018
390,Railways,Ministry of Railways,CAO/C/SER,616586,Bangriposi-Gorumahisani new line [ 85.60 km ],2269,0,4.08,0,31-12-2029,,19-08-2024
391,Railways,Ministry of Railways,CAO/C/NR,705782,Barabanki-Malhaur 3rd & 4th Railway Line Project,407,407,317,75,31-03-2025,31-03-2026,01-01-2019
392,Railways,Ministry of Railways,Central Railway,705357,Baramati Lonand New Line Project,138,1843.9,850.75,51,31-03-2027,31-03-2027,31-03-2016
393,Railways,Ministry of Railways,RVNL - II,706777,Baranagar-Barrackpore and Dakshineshwar- Construction of Metro Railway,2298,2734,393.01,17,31-12-2026,26-12-2025,15-03-2010
394,Railways,Ministry of Railways,East Central Railway [ECR] - I,706860,Barauni-Bachwara [16 km] - 3rd & 4th line incl. Barauni yard remodelling [32 km],645,0,27.98,55,01-08-2025,31-10-2026,07-10-2022
395,Railways,Ministry of Railways,South Western Railway [SWR] - II,706835,Belgaum-Dharwad via Kittur [73.10Km],1591,0,0.38,0,31-12-2027,31-03-2029,07-09-2020
396,Railways,Ministry of Railways,East Coast Railway [ECoR] - II,705510,Bhadrak-Nergundi Third Line,1284,1284,1298,80,30-11-2024,31-01-2026,05-10-2015
397,Railways,Ministry of Railways,North Central Railway (NCR) - II,705777,Bhandai - Flyover for Etawah bound down train- 10 Km,250,250.18,115.68,8,28-02-2026,28-02-2027,11-07-2020
398,Railways,Ministry of Railways,RVNL - II,705428,Bhanupalli-Bilaspur-Beri New Railway Line Project,13447,13447,7008.64,61,31-12-2026,30-12-2027,31-03-2009
399,Railways,Ministry of Railways,RVNL - I,705780,Bhatni-Aurnihar with electrification excluding Indara-Mau,2529,2529.46,2051.69,94,31-12-2024,31-12-2025,01-03-2018
400,Railways,Ministry of Railways,North Western Railway [NWR],611884,Bhiwani - Dobh Bahali Doubling Project [42.30 Km],471,471,219.67,66,29-02-2028,28-02-2028,01-02-2023
401,Railways,Ministry of Railways,South East Central Railway [SECR] - II,706854,Boridand - Ambikapur Doubling Line Project,1376,1576.72,139.49,21,30-06-2030,30-06-2030,01-06-2022
402,Railways,Ministry of Railways,EDTK[MC]/RB,705722,BRM Machine Procurement Project,210,0,0.02,0,30-06-2024,31-12-2027,01-09-2019
403,Railways,Ministry of Railways,East Coast Railway [ECoR] - II,400232,Brundamal-Jharsuguda- flyover connection for joining downline,297,297,209.57,45,26-12-2026,26-12-2026,30-01-2014
404,Railways,Ministry of Railways,South Eastern Railway [SER] - I,616588,Buramara-Chakulia new line [59.96 km],1459,0,3.33,0,31-12-2029,,19-08-2024
405,Railways,Ministry of Railways,North Eastern Railway [NER],705567,Burhwal Gonda 3rd line,1016,1118,1435.86,88,25-03-2025,31-01-2026,10-11-2017
406,Railways,Ministry of Railways,Northen Railway [NR],705424,Chandigarh-Baddi New Rail Line- 36 km,1540,1540.13,539.29,35,31-12-2026,31-12-2026,15-02-2018
407,Railways,Ministry of Railways,CAO/C/SER,616227,Chandil - Anara - Damodar - 3rd line [121.26 km],1932,0,0.3,0,30-09-2029,,09-09-2024
408,Railways,Ministry of Railways,North Eastern Railway [NER],705562,Chhapra-Ballia Patch Doubling,963,1046,912.16,95,25-02-2025,26-03-2026,31-03-2013
409,Railways,Ministry of Railways,Western Railway [WR] - II,705454,Chhota Udaipur - Dhar New Line Project [157 km],1794,1794,1815.94,80,27-12-2025,27-12-2025,19-11-2008
410,Railways,Ministry of Railways,North Central Railway,617284,Chunar-Chopan doubling project,1424,0,58.77,5,31-03-2028,,25-08-2023
411,Railways,Ministry of Railways,CPM/ICF,705244,Coach Production Factory Upgradation Project,520,0,192.25,0,31-12-2021,,05-12-2017
412,Railways,Ministry of Railways,Northeast Frontier Railway [NFR],612096,Construction of Balurghat-Hilli new BG Line,1209,1181.57,405.31,9,31-03-2027,31-03-2027,29-12-2010
413,Railways,Ministry of Railways,East Central Railway [ECR] - I,617231,Construction of Bulb line at Nabinagar Ankorah of East Central Railway,612,0,0,0,30-06-2028,,07-06-2024
414,Railways,Ministry of Railways,South Western Railway [SWR] - II,400023,Construction of New BG line between Hassan to Belur [27 Km],749,0,0,0,30-04-2028,30-04-2027,01-03-2019
415,Railways,Ministry of Railways,PCE/WR,611977,Dahod Creation of Infrastructure facilities for 9000 HP Electric locomotives Manufacturing at,487,0,108.69,0,28-02-2025,,31-05-2022
416,Railways,Ministry of Railways,PCE/WR,611978,Dahod Rolling Stock Workshop Provision of Infrastructure for CBS at,158,0,47.31,0,31-03-2025,,11-11-2022
417,Railways,Ministry of Railways,Rail Vikas Nigam Limited,617374,"Dallirajhara - Rowghat New Rail Line Project, Phase-I",1516,1881.26,2053.12,94,31-03-2025,28-02-2026,
418,Railways,Ministry of Railways,Rail Vikas Nigam Limited,705433,Dallirajhra- Rowghat New Railway Line - Phase I [95 km],1628,1628,1440.85,82,30-09-2025,31-12-2025,15-07-2009
419,Railways,Ministry of Railways,North Western Railway [NWR],611614,Dedicated Test Track for RDSO Phase II,819,967.06,471,86,30-11-2026,26-11-2026,01-11-2021
420,Railways,Ministry of Railways,Northern Railways,617379,Development of New Bijwasan Railway Terminal,446,0,521.74,80,31-03-2020,31-12-2025,28-02-2008
421,Railways,Ministry of Railways,North Western Railway [NWR],611849,Devgarh Madariya - Nathdwara Gauge Conversion [82.54 Km] part of Marwar - Mavli Gauge Conversion [152 Km],969,0,151.53,52,01-06-2028,28-06-2028,01-01-2023
422,Railways,Ministry of Railways,CERL,613003,Dharamjaigarh-Korba 63 km,1686,0,288.83,18,31-08-2026,,23-08-2023
423,Railways,Ministry of Railways,North Central Railway,705482,Dholpur - Sirmuttra Gauge Conversion,747,747,431.82,44,28-02-2019,28-02-2027,31-03-2022
424,Railways,Ministry of Railways,Central Railway,400019,DHULE [BORVIHIR] - NARDANA NEW LINE [50.60 KMS],493,1170.83,288.08,17,31-12-2026,30-09-2027,31-01-2019
425,Railways,Ministry of Railways,Northeast Frontier Railway [NFR],705392,Dimapur [Dhansiri]-Sukhobi Kohima [Zubza] NL [82.5 Km],6663,6663,5634.59,81,26-03-2025,29-12-2025,26-08-2015
426,Railways,Ministry of Railways,CentralRailway,617364,Double Chord line Between Nilaje-Kopar,338,205,6.39,0,26-07-2028,,30-01-2025
427,Railways,Ministry of Railways,South Central Railway [SCR] - II,616856,Doubling between Bhadrachalam Road and Dornakal,770,0,16.34,0,13-04-2029,,28-08-2023
428,Railways,Ministry of Railways,M/S SRC company Infra Private Limited,617370,Doubling between Jaunpur Jn - Zaffarabad 6.28 km,181,0,4,12,30-01-2027,,29-03-2023
429,Railways,Ministry of Railways,South Central Railway [SCR] - II,616857,Doubling between Motumari Vishnupuram - 88.81 Km and Rail over Rail - RoR at Motumari - 10.877 Km,1596,0,14.45,1,31-03-2029,,19-02-2024
430,Railways,Ministry of Railways,South Central Railway [SCR] - II,617212,Doubling between Mudkhed Medchal & Mahbubnagar Dhone section 417.88 Km,4686,0,778.34,1,31-03-2029,,25-08-2023
431,Railways,Ministry of Railways,South Central Railway [SCR] - II,617215,Doubling between Parbhani Parli Vaijanath stations 64.71 Km,770,0,25.4,0,31-03-2028,,06-12-2023
432,Railways,Ministry of Railways,East Central Railway [ECR] - I,617372,Doubling between Pradhankunta-Patherih-Bhojudih of East Central Railway,349,0,108.89,70,31-12-2025,,21-11-2022
433,Railways,Ministry of Railways,Central Railway,705504,Doubling of Daund Manmad Line [247.6 km],2081,3267.06,2874.47,92,01-12-2025,31-03-2026,04-10-2017
434,Railways,Ministry of Railways,South Central Railway [SCR] - II,617211,Doubling of Guntur Bibinagar 239 Km,2853,0,75.78,1,31-03-2029,,25-08-2023
435,Railways,Ministry of Railways,South Eastern Railway - JH,705628,Doubling of Hatia [Ranchi]-Bondamunda Rail Line - 159 km,3029,3029.04,2525.28,87,30-06-2025,30-06-2026,31-03-2016
436,Railways,Ministry of Railways,Indian Railway Construction International Limited [IRCON],705660,Doubling of Katni - Singrauli Railway Line [261 km],2445,4377,3242.32,100,26-12-2025,27-12-2025,31-03-2016
437,Railways,Ministry of Railways,East Coast Railway [ECoR] - II,400291,Doubling of Kirandul-Jagdalpur Line [150 km],1589,1798,1576.81,94,31-03-2020,31-12-2025,20-02-2013
438,Railways,Ministry of Railways,East Coast Railway [ECoR] - II,705512,Doubling of Kottavalasa-Koraput Rail Line [189 KM],2500,2500,2037.7,71,31-03-2022,31-03-2028,08-12-2015
439,Railways,Ministry of Railways,Northeast Frontier Railway [NFR],705572,Doubling of New Bonggigaon to Kamakhya via Goalpara - 176 km,4060,4961,3729.89,93,31-03-2026,31-03-2026,02-09-2016
440,Railways,Ministry of Railways,EDTK[MC]/RB,705721,DTS Machine Procurement Project,448,0,0,0,31-12-2024,31-12-2030,01-12-2019
441,Railways,Ministry of Railways,RVNL - II,400277,Dum Dum Airport-New Garia via Rajarhat-Construction of Metro Railway,8964,8964,8316.32,81,31-12-2025,31-03-2026,15-03-2010
442,Railways,Ministry of Railways,SR-ERS,705639,Ernakulam-Kumbalam doubling project [7.71 Km],601,595.39,292.67,20,31-03-2028,28-02-2027,03-04-2023
443,Railways,Ministry of Railways,East Central Railway [ECR] - I,705373,"Fatuha-Islampur incl. MM for extn.of NL from Neora to Daniawan , Daniawan to Biharsharif, Biharsharif to Barbigha , Barbigha to Shekhpura",1473,2882,2538.21,95,31-03-2023,31-08-2025,19-08-2002
444,Railways,Ministry of Railways,East Coast Railway [ECoR] - II,612827,Flyover between Pendurthi and Simhachalam North to avoid surface crossing at Simhachalam 7.135 km PB 73 of 2023 24 NR,184,0,5.15,11,30-04-2027,,11-04-2023
445,Railways,Ministry of Railways,South Western Railway [SWR] - II,705490,Gadag-Wadi New Railway Line [257 km],2842,6700,1419.19,30,31-03-2027,31-12-2027,01-04-2013
446,Railways,Ministry of Railways,East Coast Railway [ECoR] - II,709811,GANDHAMARDAN IRON ORE MINES TO GOALDIH STATION/12.76kms,190,189.93,0,0,30-09-2027,27-09-2027,09-09-2022
447,Railways,Ministry of Railways,SECR,602792,Gauge Conversion of Kendri-Dhamtari including Abhanpur - Rajim Branch line 67.20 Kms - 2nd Material Modification to Raipur Titlagarh doubling.,1171,1171,377.41,100,28-02-2025,31-03-2026,01-07-2011
448,Railways,Ministry of Railways,Indian Railway Construction International Limited [IRCON],705444,Gevra Road-Pendra Road New Railway Line [135 km],4970,7448.52,4696.68,75,31-03-2022,31-12-2025,05-04-2014
449,Railways,Ministry of Railways,East Central Railway [ECR] - I,705765,Gomoh - Flyover for DN trains,686,686,578.93,59,26-03-2026,26-03-2026,29-01-2018
450,Railways,Ministry of Railways,South East Central Railway,617201,Gondia-Balharshah [Chanda Fort] Doubling [240 Km],4373,0,0.29,0,31-03-2031,,09-04-2025
451,Railways,Ministry of Railways,South Central Railway [SCR] - II,611752,GOOTY-PENDEKALLU DOUBLING 29.225 Km,352,351.83,18,25,31-03-2027,27-03-2027,01-03-2023
452,Railways,Ministry of Railways,NER,617224,Gorakhpur-Valmikinagar Doubling project,1120,0,269.67,26,30-12-2027,,25-08-2023
453,Railways,Ministry of Railways,North Western Railway [NWR],705752,Gudha-Thatha Mithri Construction of Railway Track Project,819,967.06,393.06,99,30-11-2026,30-11-2026,01-04-2019
454,Railways,Ministry of Railways,South Central Railway [SCR] - II,611754,GUNTAKAL WEST-MALLAPPA GATE RAIL OVER RAIL - ROR TRACK,293,0,0,0,31-07-2026,,27-07-2023
455,Railways,Ministry of Railways,South Central Railway [SCR] - II,705633,Guntur-Guntakal Doubling Project,3733,4295,4475.93,93,31-12-2025,31-12-2026,31-03-2017
456,Railways,Ministry of Railways,Central Organisation for Railway Electrification [CORE],706922,Guwahati-Dibrugarh via Tinsukia & Simaluguri-Dibrugarh,890,889.36,391.73,89,03-09-2020,30-06-2024,30-09-2020
457,Railways,Ministry of Railways,North Central Railway,705419,Gwalior - Seopurkala with extension to Kota [Gauge Conversion],2913,2913,2120.66,85,31-03-2025,28-02-2026,31-03-2011
458,Railways,Ministry of Railways,East Central Railway [ECR] - I,705366,Hajipur-Sagauli New line,2067,2087,2015.02,74,31-03-2020,31-12-2026,05-10-2007
459,Railways,Ministry of Railways,GM/C/ NFR,706942,Harmuty-Murkongselek Branch Line Electrification Project,238,0,0,0,31-05-2024,,13-09-2018
460,Railways,Ministry of Railways,RVNL - II,705650,Hospet - Tinaighat - Vasco Rail Doubling Project,5060,5060,5246.91,86,31-03-2027,30-12-2027,31-03-2010
461,Railways,Ministry of Railways,RVNL,706950,Hospet-Hubli-Vasco da Gama Line Electrification Project,744,1122.62,969.05,95,31-03-2023,31-03-2024,20-07-2015
462,Railways,Ministry of Railways,South Western Railway [SWR] - II,705662,Hotgi-Kudgi-Gadag Doubling Project,1878,2459,2684.67,92,31-12-2024,31-03-2026,01-04-2014
463,Railways,Ministry of Railways,RVNL - II,705763,Indore - Budni New Railway Line [198 kms],7474,7474,1841.69,25,30-09-2030,30-09-2030,21-08-2019
464,Railways,Ministry of Railways,Central Railway (CR) - II,705507,Itarsi - Nagpur Third Railway Line [280 km],2450,2506.68,1937.22,55,31-03-2027,31-12-2027,02-09-2016
465,Railways,Ministry of Railways,East Coast Railway [ECoR] - II,705511,Jagdalpur-Koraput,1547,1547,1336.83,91,31-03-2024,31-12-2026,08-12-2015
466,Railways,Ministry of Railways,RVNL,705784,Janghai-Phaphamau Doubling Rail Line Project,357,978.77,579,95,31-03-2025,31-03-2025,01-11-2018
467,Railways,Ministry of Railways,CAO/C/II/NR,705588,Janghai-Pratapgarh- Amethi,722,1194,1567,70,31-03-2025,31-03-2026,10-11-2017
468,Railways,Ministry of Railways,East Coast Railway [ECoR] - II,705514,Jarapada- Budhapank with flyover at Talcher road 3rd and 4th Line,1000,810.02,421.59,58,13-11-2018,31-03-2026,18-11-2015
469,Railways,Ministry of Railways,East Central Railway [ECR] - I,705362,"Jaynagar-Bijalpura, incl. extn. Bet, Bijalpura-Bardibas [Nepal]",819,819,580.51,75,31-03-2022,31-03-2026,21-08-2015
470,Railways,Ministry of Railways,East Coast Railway [ECoR] - II,705742,Jeypore-Malkanagiri New Railway Line Project,2344,0,490.13,20,31-07-2033,31-07-2033,18-02-2018
471,Railways,Ministry of Railways,East Coast Railway [ECoR] - II,705741,Jeypore-Navarangpur New Rail Line Project,748,748,12.76,1,31-07-2028,31-12-2029,04-07-2017
472,Railways,Ministry of Railways,East Central Railway [ECR] - I,900874,JHAJHA - BATIA,588,0,0.82,0,31-03-2028,30-01-2030,14-03-2023
473,Railways,Ministry of Railways,East Central Railway [ECR] - I,617373,Jhajha-Batai New Line Project,588,0,3.05,0,31-03-2027,,14-03-2023
474,Railways,Ministry of Railways,CAO/C/NCR,705598,Jhansi - Bina Third Railway Line [153 Km],2002,2002,1831.86,93,31-03-2022,31-03-2026,30-09-2016
475,Railways,Ministry of Railways,North Central Railway,705608,Jhansi-Khairar-Manikpur & Khirar-Bhimsen,4330,4330,2456.1,62,31-03-2026,31-03-2026,01-03-2018
476,Railways,Ministry of Railways,SECR,705616,Jharsuguda-Bilaspur Fourth Railway Line [206 km],2140,2979,2189.75,93,31-10-2024,31-03-2026,08-09-2016
477,Railways,Ministry of Railways,Northeast Frontier Railway [NFR],705391,Jiribam-Imphal new line project,14323,21885.9,15782.5,72,31-12-2026,30-06-2029,31-03-2013
478,Railways,Ministry of Railways,Indian Railway Construction International Limited [IRCON],705450,Jogbani-Biratnagar New Rail Line project,402,486,367.54,86,31-03-2022,31-12-2026,28-06-2010
479,Railways,Ministry of Railways,RVNL - II,705730,Joka-BBD Bag new metro project,4835,10362,4672.28,51,31-12-2026,31-12-2029,05-03-2010
480,Railways,Ministry of Railways,South Western Railway [SWR] - II,705492,Kadur - Chickamagalur - Sakleshpur [93km],825,825,705.64,83,30-06-2025,31-12-2025,27-01-2014
481,Railways,Ministry of Railways,Eastern Railway [ER] - I,400247,Kalinarayanpur-Krishnanagar Doubling Alongwith Krishnanagar - Chapra New Line And Naihati-Ranaghat 3rd Line.,1000,1000,1053.99,69,28-02-2027,28-02-2027,28-07-2015
482,Railways,Ministry of Railways,GM/C/ NFR,706844,Katihar - Kumedpur Doubling Line Project,942,942,356,45,31-08-2027,31-08-2027,01-08-2022
483,Railways,Ministry of Railways,West Central Railway WCR I,705651,Katni - Bina Third Railway Line [279 km],2478,4127.23,3332.06,95,31-03-2022,31-12-2025,02-06-2016
484,Railways,Ministry of Railways,Indian Railway Construction International Limited [IRCON],705661,Katni Grade Separator/Bye Pass,1248,1248,1662.02,95,30-09-2024,31-03-2026,31-03-2016
485,Railways,Ministry of Railways,RVNL,705252,Kazipet Wagon Overhauling Project,385,0,0,0,01-12-2023,,19-09-2017
486,Railways,Ministry of Railways,South Central Railway [SCR] - II,705612,Kazipet-Vijayawada 3rd line with electrification [220 km],1953,3363,3625.29,94,28-02-2025,31-12-2025,31-03-2013
487,Railways,Ministry of Railways,East Central Railway [ECR] - I,705364,Khagaria-Kusheshwar Asthan [42Km] new line project,614,1384.16,487.99,55,31-12-2024,31-03-2027,20-04-2019
488,Railways,Ministry of Railways,RVNL - I,705668,KHARAGPUR-ADITYAPUR THIRD RAIL LINE- 132 KM,3250,3250,3176.46,97,31-03-2025,31-12-2025,05-09-2016
489,Railways,Ministry of Railways,CAO/C/SECR,617200,KHARSIA- NAYA RAIPUR-PARMALKASA 5th and 6th Line [278KM],7854,0,0,0,31-03-2031,,11-04-2025
490,Railways,Ministry of Railways,Indian Railway Construction International Limited [IRCON],400220,Kharsia-Dharamjaygarh with Spur line [East Corridor-Phase 1],3055,3438,2624.33,94,30-09-2018,31-03-2026,05-03-2016
491,Railways,Ministry of Railways,Ministry of Railways,706898,Khurda Road - Balangir Electrification of Railway Track Project,268,0,0,0,31-03-2021,,13-09-2018
492,Railways,Ministry of Railways,East Coast Railway [ECoR] - II,705358,Khurda-Bolangir New Broad Gauge Rail Link [301km],3792,5089,5194.05,89,31-12-2026,31-12-2026,31-03-1994
493,Railways,Ministry of Railways,East Central Railway [ECR] - I,617832,Koderma-Arigada Doubling 133.38 Km of East Central Railway,2887,0,0,0,31-12-2029,,24-06-2025
494,Railways,Ministry of Railways,East Central Railway [ECR] - I,705375,Koderma-Tilaiya New Line,1626,2486.62,2122.42,94,28-02-2025,28-02-2026,04-11-2004
495,Railways,Ministry of Railways,East Coast Railway [ECoR] - II,705513,Koraput - Singapur Railway Doubling,2362,2362,1834.53,70,01-12-2027,30-03-2028,08-12-2015
496,Railways,Ministry of Railways,PCE/WR,611918,Kosamba Umarpada 70 Km,468,0,20.28,8,30-03-2027,,14-07-2023
497,Railways,Ministry of Railways,South Central Railway [SCR] - II,705436,Kotapalli - Narasapur New Line,2501,2501,1320.81,29,31-03-2028,31-03-2028,31-03-2009
498,Railways,Ministry of Railways,Ministry of Railways,705638,Kumbalam-Turavur doubling project [15.59 Km],813,802.8,72.62,19,31-03-2027,31-03-2027,03-04-2023
499,Railways,Ministry of Railways,WPO/Patna,611927,Kurnool - Setting up facilities for coach midlife rehabilitation workshop,561,0,276.66,65,31-12-2023,,01-01-2014
500,Railways,Ministry of Railways,WPO/Patna,705253,Kurnool Coach Midlife Rehabilitation Project,563,0,120,0,01-12-2020,,16-05-2016
501,Railways,Ministry of Railways,North Central Railway,705766,Lalitpur-Birari with flyover at Lalitpur- 16 Km,304,356,234.88,80,31-12-2024,31-01-2026,22-03-2017
502,Railways,Ministry of Railways,North Central Railway,705480,"Lalitpur-Satna, Rewa-Singrauli & Mahoba-Khajuraho",8914,8914,6447.32,73,31-03-2027,31-12-2027,24-01-2007
503,Railways,Ministry of Railways,South Eastern Railway [SER] - I,705785,Lodhma - Piska - Link Line bypassing Hatia/Ranchi with Y connection,473,473,288.72,5,30-06-2026,31-05-2027,27-08-2021
504,Railways,Ministry of Railways,Railway,705783,Ludhiana- Killa Raipur Railway Doubling Project,238,238,134.48,50,31-03-2025,31-03-2026,01-03-2019
505,Railways,Ministry of Railways,Northeast Frontier Railway [NFR],616701,Lumding Furkating Doubling Project 140 km,2124,0,13.74,0,29-02-2028,,19-02-2024
506,Railways,Ministry of Railways,North Western Railway [NWR],616842,LUNI- SAMDARI- BHILDI DOUBLING,3086,0,363.31,13,31-07-2027,,19-02-2024
507,Railways,Ministry of Railways,WPO/Patna,611929,Maintenance cum workshop depot for Vande Bharat Sleeper Trains as per conditions under WTA 527,167,0,0,0,29-12-2024,,12-09-2022
508,Railways,Ministry of Railways,South Western Railway [SWR] - II,611615,Malugur- Palasamudram New Line Project [17.975 Km],342,0,0,0,30-11-2027,31-12-2027,01-09-2022
509,Railways,Ministry of Railways,South Central Railway [SCR] - II,705437,Manoharabad-Kothapalli New Rail Line [151 km],1160,2781,2116.77,71,31-03-2027,31-12-2027,16-07-2016
510,Railways,Ministry of Railways,GM/C/ NFR,706940,"Mariani-Jorhat, Tinsukia-Dangri and Makum -TirapTrack Electrification Project",184,0,0,0,31-05-2024,,13-09-2018
511,Railways,Ministry of Railways,South Western Railway [SWR] - II,705491,Marikuppam - Kuppam New Line Project [23.70 Km],297,297,135.5,20,30-06-2026,30-06-2026,01-04-2012
512,Railways,Ministry of Railways,RVNL - II,705667,Mathura-Jhansi Third Railway Line [274 Km],5961,5961,4990.85,94,31-12-2024,31-12-2026,11-12-2015
513,Railways,Ministry of Railways,Western Railway [WR] - II,705458,Miyagam-Karjan-Dabhoi-Samlaya [GC],484,1039.13,621.61,41,31-03-2021,31-12-2026,17-01-2017
514,Railways,Ministry of Railways,Western Railway (WR) - II,706757,Modasa-Shamlaji Road Railway Line Project,262,262,337.67,63,31-03-2025,31-03-2027,01-09-2012
515,Railways,Ministry of Railways,North Central Railway,705772,"Mughalsarai-Allahabad, 3rd line",2649,2649.44,1688.13,65,31-12-2026,31-03-2027,08-12-2015
516,Railways,Ministry of Railways,East Central Railway [ECR] - I,616699,Multi tracking of Son Nagar-Andal 374.53 rkm & 814.38 tkm,12334,0,420.86,13,31-03-2028,,25-08-2023
517,Railways,Ministry of Railways,Western Railway,611452,MUMBAI CENTRAL VIRAR VADODARA AHMEDABAAD TRAIN PROTECTION SYSTEM 500 RKM,311,311,263.42,93,31-12-2025,31-12-2026,25-09-2019
518,Railways,Ministry of Railways,Mumbai Rail Vikas Corporation Ltd.[MRVC],706780,Mumbai Urban Transport Project [MUTP] Phase-IIIA,33690,33690,2805,16,31-12-2027,31-12-2027,01-04-2019
519,Railways,Ministry of Railways,Mumbai Rail Vikas Corporation Ltd.[MRVC],706779,Mumbai Urban Transport Project [MUTP] - PHASE II,8087,8087,7364,87,31-03-2014,31-12-2027,09-05-2008
520,Railways,Ministry of Railways,Mumbai Rail Vikas Corporation Ltd.[MRVC],706781,Mumbai Urban Transport Project Phase-III,10947,10947,5588.85,65,31-03-2022,31-12-2026,30-11-2016
521,Railways,Ministry of Railways,National High Speed Rail Corporation [NHSRC],705728,Mumbai-Ahmedabad High Speed Rail Project- 508 km,108000,108000,84199.9,55,31-08-2027,31-12-2029,31-03-2015
522,Railways,Ministry of Railways,Northeast Frontier Railway (NFR) - II,705401,Murkongselek-Pasighat,435,1250,771.1,62,31-03-2025,31-05-2026,09-02-2011
523,Railways,Ministry of Railways,East Central Railway [ECR] - I,705528,Muzaffarpur-Sugauli,1586,1586,1471.11,99,30-06-2024,28-02-2026,01-03-2018
524,Railways,Ministry of Railways,Railway,709812,NADIAD-PETLAD [37.26 KM],462,0,93.31,8,30-06-2030,30-06-2030,17-05-2022
525,Railways,Ministry of Railways,South Central Railway [SCR] - II,400298,Nadikudi - Srikalahasti New Line,2312,5932,2421.35,54,31-05-2027,31-03-2028,31-03-2012
526,Railways,Ministry of Railways,Ministry of Railways,400223,Nagapattinam-Tiruturaipundi and Karaikal-Peralam New Line,713,981,598.38,80,26-03-2027,31-03-2028,24-07-2008
527,Railways,Ministry of Railways,MRIDC,705799,Nagpur- Nagbhir Railway Line Gauge Conversion Project,1400,1400,1472,80,31-12-2025,25-12-2025,01-10-2019
528,Railways,Ministry of Railways,Northen Railway [NR],705410,Nangal Dam-Talwara New Broad Gauge Line [84 KM] and Taking Over Siding Mukerian-Talwara [29 KM],2018,2018,2259.62,82,31-12-2025,31-12-2027,31-03-1983
529,Railways,Ministry of Railways,South Eastern Railway [SER] - I,705629,Narayangarh-Bhadrak 3rd line,2400,3425.32,2344.37,66,31-12-2025,30-06-2026,07-03-2019
530,Railways,Ministry of Railways,North Western Railway [NWR],617408,NATHDWARA- NATHDWARA TOWN NL,166,0,83.34,2,31-03-2027,,10-03-2019
531,Railways,Ministry of Railways,North Eastern Railway [NER],611669,NER Provision of Automatic Block Signalling on Gorakhpur Cantt[Excl] Chhapra Gramin & Burhwal Jn [Excl] Sitapur Jn section of high density routes,380,0,24.53,0,31-03-2027,,
532,Railways,Ministry of Railways,Western Railway (WR) - II,709813,NEW BG LINE INTERSECTION [5 NOS] BETWEEN GERATPUR-SANAND & BOTAD-AHMEDABAD [16.51 KM],437,0,19.37,18,30-06-2028,27-10-2027,17-10-2022
533,Railways,Ministry of Railways,Western Railway (WR) - II,611943,New Broad Gauge line between Naliya to Jakhau Port,410,410.26,7,5,31-01-2028,28-01-2028,01-02-2023
534,Railways,Ministry of Railways,PCE/NCR,705794,New Delhi- Howrah Speed Booster[160Kmph] Project,6685,0,127.03,0,31-03-2024,,01-09-2019
535,Railways,Ministry of Railways,PCE/WR,705793,New Delhi- Mumbai Speed Booster[160Kmph] Project,6806,0,135.65,0,31-03-2024,,01-09-2019
536,Railways,Ministry of Railways,Western Railway [WR] - II,705453,"New line Dahod-Indore via Sardarpur, Jabuwa and Dhar",456,3516.77,3725.91,50,28-02-2027,28-02-2027,19-06-2012
537,Railways,Ministry of Railways,South Western Railway [SWR] - II,705434,New Railway Line between Ginigera and Raichur [165.57 km],2565,3034.98,2108.54,66,31-03-2019,31-03-2027,31-03-2008
538,Railways,Ministry of Railways,Western Railway [WR] - II,705764,Nimach-Badi Sadri New Rail Line Project,495,825,130.09,57,31-03-2026,30-06-2026,01-04-2017
539,Railways,Ministry of Railways,Western Railway [WR] - II,705933,Nimach-Ratlam Doubling [133 Km],1096,1095.88,1067.49,89,31-10-2027,31-10-2027,07-10-2021
540,Railways,Ministry of Railways,"Metro Railway, Kolkata",706776,Noapara-Barasat via Bimanbandar - Construction of Metro railway [18 km],4830,4830,2764.13,32,31-08-2026,31-03-2029,02-11-2010
541,Railways,Ministry of Railways,RCIL,705298,North Region Video Surveillance Project,274,0,0,0,31-03-2024,,01-06-2020
542,Railways,Ministry of Railways,CR,709808,PACHORA-JAMNER WITH EXTENSION UPTO MALKAPUR NG TO BG,955,2093.82,130.42,11,31-08-2027,28-03-2028,26-08-2022
543,Railways,Ministry of Railways,East Coast Railway [ECoR] - II,616695,Paradeep - Badabandha 3rd & 4th Line / 18.51kms,300,0,0,0,30-11-2028,,31-08-2023
544,Railways,Ministry of Railways,EDTK[MC]/RB,705710,PCT Machine Procurement Project,336,0,74.32,85,01-04-2024,30-06-2027,01-04-2019
545,Railways,Ministry of Railways,South Western Railway [SWR] - II,705789,Penukonda - Dharmavaram Doubling Project [41.5 Km],308,307.66,276.34,85,31-03-2026,31-03-2026,29-06-2018
546,Railways,Ministry of Railways,Western Railway,611945,Petlad Bhadran 23 Kms,307,307.11,13.59,17,31-05-2030,30-05-2030,01-05-2022
547,Railways,Ministry of Railways,Ministry of Railways,400280,Ph II extension of MRTS from Velachery to St Thomas Mount,734,734.01,475.73,99,24-07-2025,30-09-2025,15-11-2007
548,Railways,Ministry of Railways,RVNL - I,705779,"Phephna-Indara, Mau-Shahganj doubling excluding Indara-Mau",1178,1777,1489.5,85,31-12-2024,31-03-2026,30-05-2017
549,Railways,Ministry of Railways,Eastern Railway [ER] - I,705385,Pirpainti - Jasidih [100.52 Km] New BG line,2555,2555,784.18,49,31-03-2028,31-03-2028,31-03-2014
550,Railways,Ministry of Railways,North Western Railway [NWR],617404,POKHRAN - RAMDEVRA New Line,189,0,0,0,31-03-2028,,08-04-2025
551,Railways,Ministry of Railways,East Central Railway [ECR] - I,706837,Pradhan Kuntha Jn Line Doubling Project,349,349.22,108.89,62,30-11-2027,27-11-2027,21-11-2022
552,Railways,Ministry of Railways,East Coast Railway [ECoR] - II,400045,Proposed 6 nos Road Over Bridge [ROB] at different locations under MCL Talcher Under Deposit Scheme.,168,0,69.85,82,31-03-2025,31-01-2025,08-08-2022
553,Railways,Ministry of Railways,EDTK[MC]/RB,705694,Provision of Work-site Tampers [WST] Railway Project,188,0,141.91,100,31-12-2023,31-01-2026,01-01-2016
554,Railways,Ministry of Railways,Central Railway,705503,Pune - Miraj-Londa [467 Kilometres],4028,4872.52,4969.74,100,28-02-2025,31-08-2025,10-06-2016
555,Railways,Ministry of Railways,North Western Railway [NWR],616841,PUSHKAR- MERTA CITY NEW LINE,800,0,14.64,4,31-12-2026,,13-02-2024
556,Railways,Ministry of Railways,Western Railway (WR) - II,611944,Quadrupling between Gandhidham Adipur with Y connection at Adipur for providing direct entry towards Mundra Port and Bhuj and high level platform at Gopalpur 11Kms,152,152.44,102.65,85,31-03-2026,31-01-2026,01-02-2023
557,Railways,Ministry of Railways,South Central Railway [SCR] - II,617214,Rail Connectivity to Errupalem Amravati Namburu 57 Km,2047,0,14.49,0,31-03-2027,,24-11-2024
558,Railways,Ministry of Railways,South Central Railway [SCR] - II,617409,Railway Manufacturing Unit,521,0,420,58,31-12-2026,,01-07-2016
559,Railways,Ministry of Railways,Western Railway (WR) - II,706763,Rajkot - Kanalus Doubling Project [111.2 Kms],1081,1080.58,829.85,80,31-10-2026,31-10-2026,07-10-2021
560,Railways,Ministry of Railways,South East Central Railway [SECR] - II,705617,Rajnandgaon - Nagpur [Kalumna] Third Railway Line [228.30 km],3545,3545,3518.69,96,31-12-2024,30-06-2026,08-09-2016
561,Railways,Ministry of Railways,West Central Railway [WCR] - II,705481,Ramganjmandi-Bhopal New Line Project [262 km],3032,5073,3764.11,70,25-12-2025,31-12-2027,31-03-2001
562,Railways,Ministry of Railways,Indian Railway Construction International Limited [IRCON],706759,Rampur Dumra-Tal-Rajendrapul Additional Bridge and Railway Line Doubling,2374,1700.24,1427.78,97,01-12-2024,31-12-2025,31-03-2016
563,Railways,Ministry of Railways,North Western Railway [NWR],617406,RATLAM- DUNGARPUR VIA BANSWARA NEW LINE PROJECT,2417,0,6.79,8,31-03-2028,,19-10-2015
564,Railways,Ministry of Railways,Western Railway [WR] - II,705457,Ratlam-Mhow-Khandwa-Akola Gauge Conversion,1656,6499.86,4445.82,81,31-03-2027,30-09-2028,01-04-2008
565,Railways,Ministry of Railways,South Western Railway [SWR] - II,705494,Rayadurg-Tumkur via Kalyandurg New Line [207 km],2496,2496,1787.43,70,30-09-2015,29-02-2028,31-03-2008
566,Railways,Ministry of Railways,EDTK[MC]/RB,705712,RBMV Machine Procurement Project,480,0,20.65,27,30-06-2024,31-12-2027,01-10-2019
567,Railways,Ministry of Railways,Rail Land Development Authority,613786,"Redevelopment of Ahmedabad railway station and associated infrastructure on engineering, procurement and construction mode",2379,0,753.62,22,31-03-2028,,24-01-2023
568,Railways,Ministry of Railways,Ministry of Railways,613002,Redevelopment of Chennai Egmore Station,842,0,340,0,31-03-2026,,25-05-2022
569,Railways,Ministry of Railways,Rail Land Development Authority,613015,Redevelopment of Chhatrapati Shivaji Maharaj Terminus [CSMT] and construction of associated infrastructure,1813,0,614.86,17,31-03-2027,,28-04-2023
570,Railways,Ministry of Railways,Rail Land Development Authority,613785,Redevelopment of New Delhi Railway Station and construction of associated infrastructure,4744,0,129.61,1,31-12-2028,,24-01-2023
571,Railways,Ministry of Railways,South Central Railway [SCR] - I,705610,"Renigunta, Wadi & Gooty Bypass Railway Project",302,543,381,50,31-12-2025,25-12-2025,01-04-2016
572,Railways,Ministry of Railways,North Western Railway [NWR],611861,Rewari - Kathuwas Doubling Project [27.72 Km],352,352,275.26,66,30-06-2027,27-06-2027,01-02-2023
573,Railways,Ministry of Railways,RVNL - I,705429,Rishikesh-Karnaprayag New Rail Line- 125 km,38953,38953,24645.2,65,31-12-2025,31-03-2027,10-11-2016
574,Railways,Ministry of Railways,Western Railway (WR) - II,611979,Sabarmati Setting up of Maintenance Facilities for Train Sets Phase ii,250,0,103.21,60,30-06-2025,31-03-2026,19-01-2023
575,Railways,Ministry of Railways,North Western Railway [NWR],617403,SADULPUR - CHURU DOUBLING PROJECT,469,0,128.6,52,30-06-2026,,24-01-2024
576,Railways,Ministry of Railways,East Central Railway [ECR] - I,705527,Sagauli-Valmiknagar,1216,2222,2074.54,92,24-12-2025,25-12-2025,01-03-2018
577,Railways,Ministry of Railways,North Eastern Railway [NER],400205,Sahjanwa-Dohrighat,1320,1319.75,485.96,3,31-03-2029,31-03-2029,02-08-2019
578,Railways,Ministry of Railways,Eastern Railway [ER] - I,602797,"Sainthia, Sitarampur, Mughalsarai, Allahabad & Etawah - Bypass Line Project",462,461.64,193.39,8,31-03-2027,27-03-2027,10-08-2017
579,Railways,Ministry of Railways,East Central Railway [ECR] - I,400254,Sakri -Hasanpur [via Harnagar - Kusheshwar Asthan] New Railway line,735,0,588.66,84,31-12-2024,31-03-2027,15-12-2023
580,Railways,Ministry of Railways,East Central Railway [ECR] - I,705526,Samastipur-Darbhanga Doubling Railway Project,519,519,380.73,85,31-03-2025,31-10-2025,18-11-2015
581,Railways,Ministry of Railways,PCE/WR,611970,Samlaya Timba Road 54 km,670,670.17,45.02,12,31-03-2030,30-03-2030,03-02-2023
582,Railways,Ministry of Railways,PCE/WR,611971,Samni Jambusar 24 km,350,349.93,67.73,31,31-03-2030,30-03-2030,01-05-2022
583,Railways,Ministry of Railways,SECR,617390,Sardega -Bhalumuda New Double line [37.24 Km],1282,0,128,2,31-03-2028,,11-09-2024
584,Railways,Ministry of Railways,West Central Railway [WCR] - II,705659,Satna-Rewa Railway Line Doubling Project,500,584,565.66,82,31-03-2026,31-03-2026,01-11-2015
585,Railways,Ministry of Railways,North Western Railway [NWR],705912,Sawai Madhopur-Jaipur Railway Line Project,1204,0,109.85,13,31-03-2027,,19-02-2024
586,Railways,Ministry of Railways,North Western Railway [NWR],706866,Sawaimadhopur Bye Pass Line Project,304,304,53,46,31-03-2026,27-05-2027,01-12-2022
587,Railways,Ministry of Railways,South Eastern Railway - JH,617345,SER Upgradation of maintenance infrastructure at Shalimar into Vande Bharat Chair Car maintenance cum workshop depot.,227,0,21.22,20,22-10-2026,,04-03-2024
588,Railways,Ministry of Railways,South Western Railway [SWR] - II,705761,SHIMOGA - SHIKARIPURA - RANEBENNUR [96 Km],1454,1454,72.26,11,01-12-2027,30-06-2028,19-09-2019
589,Railways,Ministry of Railways,Indian Railway Construction International Limited [IRCON],705432,Sivok-Rangpo New Rail Line,7877,11775,9647.55,89,31-05-2015,31-12-2027,30-10-2009
590,Railways,Ministry of Railways,Central Railway,705735,Solapur-tuljapur-Osmanabad,905,3295.74,1154.89,12,31-03-2027,28-03-2028,29-08-2018
591,Railways,Ministry of Railways,EDTK[MC]/RB,705717,SRGM Machine Procurement Project,440,0,390.03,90,31-12-2023,31-03-2026,01-10-2019
592,Railways,Ministry of Railways,East Central Railway [ECR] - I,617333,Surface triangle line bet. Bhadura stn and new crossing stn Karma,200,0,0,0,28-02-2027,,06-10-2022
593,Railways,Ministry of Railways,East Coast Railway [ECoR] - II,705359,Talcher-Bimlagarh New Railway Line,1928,1928,1972.31,49,31-03-2025,31-03-2027,31-03-2004
594,Railways,Ministry of Railways,Eastern Railway [ER] - I,400273,Tarakeshwar-Bishnupur New Line [82.47 km],1189,1542,1330.49,91,31-03-2019,28-02-2026,31-03-2001
595,Railways,Ministry of Railways,North Western Railway [NWR],400022,Taranga Hill-Abu Road via Ambaji,2798,2798,2037.04,17,31-07-2030,31-07-2030,21-07-2022
596,Railways,Ministry of Railways,South Central Railway [SCR] - II,705613,Third Line [new] between Kazipet - Balharshah with electrification [201.04 Km],2595,3071,3409.31,94,31-01-2025,30-11-2025,16-09-2016
597,Railways,Ministry of Railways,RVNL - II,400234,Third Railway Line between Patratu-Sonnagar [281 kms],8975,8975,4950,88,31-03-2026,31-07-2026,24-11-2016
598,Railways,Ministry of Railways,Ministry of Railways,400275,Tindivanam-Nagari New Line Project [184.5 km],3631,3631,1113.53,18,16-09-2025,31-03-2028,21-07-2008
599,Railways,Ministry of Railways,South Central Railway [SCR] - II,617210,Tiupati Katpadi 104.39 kms,1216,0,0.1,0,31-03-2029,,17-04-2025
600,Railways,Ministry of Railways,EDTK[MC]/RB,705726,Track Machine Procurement Project,6339,0,4201.26,62,01-03-2025,31-01-2028,20-04-2020
601,Railways,Ministry of Railways,Southern Railway (SR) - I,705635,Trivandrum- Kanyakumari,1432,3785.45,2505.8,50,24-03-2025,31-12-2026,28-08-2017
602,Railways,Ministry of Railways,South Western Railway [SWR] - II,705496,Tumkur-Chitradurga-Davangere New Rail Line Project [191 km],1876,1876,461.98,14,31-03-2019,31-12-2027,29-10-2013
603,Railways,Ministry of Railways,South Central Railway [SCR] - II,705632,Vijayawada - Kazipet Byepass line,647,904,973.78,93,12-01-2025,31-12-2025,22-04-2016
604,Railways,Ministry of Railways,RVNL - II,705648,Vijaywada-Gudur 3rd Line,6654,6654,5922,90,30-11-2024,31-12-2025,24-08-2016
605,Railways,Ministry of Railways,RVNL - II,400253,Vizianagaram - Titlagarh 3rd line [272 Km including By - pass line of 7.68 KM],4803,6669.91,5722.01,89,26-12-2025,26-12-2025,10-06-2016
606,Railways,Ministry of Railways,RVNL,705520,Vizianagaram-Sambhalpur 3rd Line Project,4803,0,2979.23,0,31-03-2025,,10-06-2016
607,Railways,Ministry of Railways,South East Central Railway,705479,Wadsa-Gadchiroli,1886,1886,728.36,53,31-03-2027,31-03-2027,17-05-2017
608,Railways,Ministry of Railways,Central Railway [CR] - II,400271,Wardha-Nanded Via Yavatmal New BG Line,3445,3445,3002.93,50,28-03-2025,31-12-2026,20-12-2017
609,Railways,Ministry of Railways,DFCCIL,705237,Western Dedicated Freight Corridor,51101,124005,124623,96,31-03-2022,31-12-2025,28-02-2008
610,Railways,Ministry of Railways,Western Railway (WR) - II,611974,Western Railway Samakhiali Gandhidham Quadrupiling 53 Kms,1430,0,230.24,21,30-12-2026,30-06-2027,25-08-2023
611,Railways,Ministry of Railways,RCIL,705300,Western Region Video Surveillance Project,228,0,0,0,31-12-2023,,01-06-2020
612,Railways,Ministry of Railways,EDTK[MC]/RB,705708,WST Machine Procurement Project,176,0,0,0,31-03-2024,31-12-2027,12-06-2018
613,Railways,Ministry of Railways,EDTK[MC]/RB,705720,WST Machine Procurement Project,384,0,0,0,01-04-2024,31-12-2026,01-12-2019
614,Railways,Ministry of Railways,Karnataka Rail Infrastructure Development Company Limited [K-RIDE],703585,Yeshvanthpur - Channasandra Doubling Project [21.70 Km],314,683.57,152.31,53,31-03-2024,31-03-2026,01-04-2019
615,Real Estate,Department for Promotion of Industry & Internal Trade,National Industrial Corridor Development Corporation,701658,Krishnapatnam Node - Phase 1 - Roads and Services Development,2139,0,503.39,24,15-02-2028,,30-12-2020
616,Real Estate,Department for Promotion of Industry & Internal Trade,National Highways & Infrastructure Development Corporation Ltd. [NHIDCL],701657,Tumakuru Node - Phase 1 - Roads and Services Development,1702,0,153.26,14,21-09-2026,,30-12-2020
617,Real Estate,Ministry of Housing & Urban Affairs,ministry of housing and urban affairs,701766,Green Building Development Project,151,0,18.95,31,23-11-2023,,07-11-2019
618,Real Estate,Ministry of Housing & Urban Affairs,ministry of housing and urban affairs,707229,"Integrated Command control Center [ICCC] - Construction and Development of Integrated Command Control Center with Security, Surveillance, ITMS, Connecting Port, Ship Service, Smart Solid Waste Management, Smart Public Transport System",210,0,0,70,31-05-2023,,19-07-2021
619,Real Estate,Ministry of Housing & Urban Affairs,National Buildings Construction Corporation [NBCC],400188,Redevelopment of Seven General Pool Residential Accommodation [GPRA] Colonies in Delhi,32850,0,0,0,31-12-2025,31-12-2025,05-07-2016
620,Real Estate,Ministry of Housing & Urban Affairs,ministry of housing and urban affairs,701719,Rehablitation in Junavadaj Area Smart City Project,539,0,39.63,50,07-07-2022,,29-02-2016
621,Shipping,"Ministry of Ports, Shipping and Waterways","Haldia Dock Complex, Syama Prasad Mookerjee Port Authority",701576,Berth No. 2 [previously Berth 3] of HDC Mechanization Project,298,298.26,457.85,99,30-09-2025,13-01-2026,30-11-2022
622,Shipping,"Ministry of Ports, Shipping and Waterways",Deendayal Port Trust [DPT],701568,Construction of oil jetty No.8 at old kandla through internal resources,100,225.85,186.47,90,03-02-2023,31-07-2024,01-02-2018
623,Shipping,"Ministry of Ports, Shipping and Waterways",Paradip Port Trust [PPT],701574,Deepening and Optimization of Inner Harbour facilities including development of Western Dock on BOT basis to handle Cape size vessels,3005,0,1277.52,50,31-12-2027,16-10-2028,23-05-2022
624,Shipping,"Ministry of Ports, Shipping and Waterways",Deendayal Port Trust,609424,"Development of Container Terminal at Tuna-Tekra, Deendayal Port on BOT Basis Under PPP Mode",4244,0,817.98,34,13-03-2027,,21-10-2022
625,Shipping,"Ministry of Ports, Shipping and Waterways",New Mangalore Port Authority,617804,Mechanization of Berth No.14 for handling Containers and other cargo on DBFOT basis - Phase II,153,0,24,33,31-03-2027,,31-12-2023
626,Shipping,"Ministry of Ports, Shipping and Waterways",Deendayal Port Trust [DPT],701570,"Replacement and revamping of pipeline projects in oil jetty area, Kandla",171,211.61,137.51,71,30-09-2023,31-03-2025,30-09-2021
627,Shipping,"Ministry of Ports, Shipping and Waterways",Reliance Industries Ltd,400382,Rewas Port Project,6000,0,5999.89,88,31-03-2023,,31-12-2019
628,Shipping,"Ministry of Ports, Shipping and Waterways",Mumbai Port Trust [MPT],701586,Setting up of a Floating Storage and Regasification Unit [FSRU] - Mumbai,900,0,65,0,11-11-2026,11-11-2026,30-11-2020
629,Shipping,"Ministry of Ports, Shipping and Waterways","Haldia Dock Complex, Syama Prasad Mookerjee Port Authority",701577,Shalukkhali Liquid Cargo Handling Facility Development Project,254,253.65,9.28,0,31-08-2025,,01-01-2022
630,Steel,Ministry of Steel,National Mineral Development Corporation Limited [NMDC],709827,CONSTRUCTION OF RESIDENTIAL TOWERS AT BIOM KIRANDUL COMPLEX,350,0,299.39,94,31-12-2025,,
631,Steel,Ministry of Steel,National Mineral Development Corporation Limited [NMDC],400121,"Construction of Screening Plant-II for Donimalai and Kumaraswamy Iron Ore Mining Complex of NMDC Limited at Ballari Dt, Karnataka.",1044,0,320.8,40,25-08-2026,,28-11-2014
632,Steel,Ministry of Steel,Steel Authority of India Limited [SAIL],400065,Installation of 4th Slab Caster along with its Auxiliaries and a New Ladle Furnace in SMS-II at Rourkela Steel Plant,1105,0,790.11,100,15-05-2025,30-09-2025,21-01-2022
633,Steel,Ministry of Steel,Steel Authority of India Limited [SAIL],617242,Installation of New Bar Mill at Durgapur Steel Plant,2115,0,257.17,37,30-06-2027,,09-07-2024
634,Steel,Ministry of Steel,Steel Authority of India Limited [SAIL],400174,"New Sinter Plant at BSL, SAIL",1034,1752.3,885.61,53,31-10-2017,30-06-2027,30-03-2015
635,Steel,Ministry of Steel,National Mineral Development Corporation Limited [NMDC],706811,NMDC Slurry Pipeline Project Phase-1,2907,5427,3243.55,90,30-06-2023,31-12-2025,10-11-2015
636,Steel,Ministry of Steel,Steel Authority of India Limited [SAIL],612781,Rebuilding of COB 4 at Durgapur Steel Plant,917,0,154.56,21,08-12-2026,,11-09-2023
637,Steel,Ministry of Steel,Steel Authority of India Limited [SAIL],617257,Rebuilding of Coke Oven Battery No.6 at Bokaro Steel Plant,627,0,169.38,49,15-11-2026,,15-11-2023
638,Steel,Ministry of Steel,Steel Authority of India Limited [SAIL],617256,Rebuilding of Coke Oven Battery No.7 & 8 at Bhilai Steel Plant,884,0,530.05,82,31-10-2025,31-03-2026,30-11-2023
639,Steel,Ministry of Steel,Steel Authority of India Limited [SAIL],617255,"Replacement of Converter Vessels, Trunnion Rings, Support System & Installation of Secondary Emission at Bhilai Steel Plant",472,0,161.45,51,14-06-2026,,31-10-2023
640,Steel,Ministry of Steel,Steel Authority of India Limited [SAIL],617249,Replacement of existing Grinders in CRM-I & II at Bokaro Steel Plant,212,0,20.54,16,27-01-2027,,20-01-2025
641,Steel,Ministry of Steel,Steel Authority of India Limited [SAIL],617243,Replacement of Hot Leveller No.1 of Plate Mill at Bhilai Steel Plant,199,0,20.98,20,29-07-2026,,26-07-2024
642,Steel,Ministry of Steel,Steel Authority of India Limited [SAIL],617254,Replacement of remaining 04 sets of Battery Cyclones with 04 Nos. of ESPs in Sinter Plant-1 at Bokaro Steel Plant,260,0,58.19,25,29-06-2026,,28-03-2024
643,Steel,Ministry of Steel,Steel Authority of India Limited [SAIL],617251,Revamping of Air Pollution Control Systems of SP-1 at Durgapur Steel Plant,196,0,11.72,6,27-05-2026,,11-07-2024
644,Steel,Ministry of Steel,Steel Authority of India Limited [SAIL],617253,Revamping of old sub-systems of Blast Furnace 3 at Bokaro Steel Plant,514,0,310.02,76,03-07-2025,30-11-2025,09-08-2023
645,Steel,Ministry of Steel,National Mineral Development Corporation Limited [NMDC],709826,SCREENING PLANT-III AT KIRANDUL,2719,0,1396.9,78,31-01-2026,,
646,Steel,Ministry of Steel,Steel Authority of India Limited [SAIL],617250,Secondary Emission Control in Converters of SMS-II at Bokaro Steel Plant,207,0,15.76,11,25-10-2026,,20-01-2025
647,Steel,Ministry of Steel,Steel Authority of India Limited [SAIL],617338,Stamp Charge Battery No.12 Battery Proper at IISCO Steel Plant,2518,0,210.51,8,20-07-2028,,20-01-2025
648,Steel,Ministry of Steel,Steel Authority of India Limited [SAIL],617248,Third Ladle Furnace in Secondary Refinery Unit at IISCO Steel Plant,228,0,27.2,34,17-07-2026,,16-11-2024
649,Steel,Ministry of Steel,Steel Authority of India Limited [SAIL],617246,Up-gradation of Blast Furnace No. 3 at Durgapur Steel Plant,758,0,95.38,8,07-06-2026,,09-09-2024
650,Telecommunication,Department of Telecommunications,Department of Telecommunications [DoT],701600,354 Uncovered Villages Scheme,337,301.13,235.96,100,27-10-2021,31-08-2025,13-12-2019
651,Telecommunication,Department of Telecommunications,Department of Telecommunications [DoT],701593,4G Services by BSNL,28466,19592,8471.19,97,31-03-2024,31-03-2026,01-11-2020
652,Telecommunication,Department of Telecommunications,Department of Telecommunications [DoT],704495,"502 Aspirational District Scheme in Four states - Bihar, Madhya Pradesh, Rajastha and Uttar Pradesh",422,228.94,142.01,97,16-03-2022,21-12-2025,
653,Telecommunication,Department of Telecommunications,Department of Telecommunications [DoT],706775,BharatNet,61109,188000,46431.5,81,31-08-2023,31-03-2027,19-07-2017
654,Telecommunication,Department of Telecommunications,Department of Telecommunications [DoT],617413,Mobile connectivity in Left Wing Extremism [LWE] affected areas-Phase 1 Upgradation,1885,0,100,87,08-05-2025,31-03-2026,27-04-2022
655,Telecommunication,Department of Telecommunications,Department of Telecommunications [DoT],701599,Mobile connectivity in Left Wing Extremism [LWE] affected areas-Phase2,1578,0,628.29,87,31-03-2023,30-03-2026,
656,Telecommunication,Department of Telecommunications,BSNL,709856,MPLS-IP BASED ACCESS AND AGGREGATION NETWORK [MAAN] IN BSNL ALONG WITH TEST AND MEASURING EQUIPMENT,645,0,377.59,92,31-08-2024,30-11-2025,31-05-2023
657,Telecommunication,Department of Telecommunications,BSNL,709858,OPTICAL TRANSPORT NETWORK [OTN] PH-4 IN BSNL,811,0,786.86,100,15-08-2025,30-11-2025,16-02-2024
658,Telecommunication,Department of Telecommunications,BSNL,709749,PHASE-I OF CONSOLIDATION OF EXISTING CDR DATA CENTERS AND NIB-P3 DATA CENTERS WITH STATE OF THE ART,461,0,166.02,81,18-06-2021,31-12-2025,19-03-2020
659,Telecommunication,Department of Telecommunications,BSNL,709857,"Planning, Engineering, Supply, Installation, Testing, Commissioning, Integration & Annual Maintenance of 4G mobile network at 1 Lakh sites on PAN India basis including Mumbai & Delhi LSA on turnkey basis under Phase IX.2 Project.",24545,0,8472.04,97,21-06-2025,31-03-2026,08-05-2023
660,Telecommunication,Department of Telecommunications,Department of Telecommunications [DoT],701602,"Provision of 4G based mobile services in 7,287 uncovered villages of 44 Aspirational District across 5 states of Andhra Pradesh, Chhattisgarh, Jharkhand, Maharashtra & Odisha",3685,0,1203.48,82,19-11-2023,19-05-2026,17-11-2021
661,Telecommunication,Department of Telecommunications,Department of Telecommunications,701598,Provision of 4G based Mobile Services in Uncovered Villages and National Highways of Meghalaya,972,0,208.25,99,03-03-2022,31-03-2026,19-09-2019
662,Telecommunication,Department of Telecommunications,Department of Telecommunications,701597,Provision of 4G Mobile Services in Uncovered Villages of Arunachal Pradesh and 2 Districts of Assam,1255,0,284.04,92,30-04-2023,31-03-2026,09-12-2020
663,Telecommunication,Department of Telecommunications,Department of Telecommunications [DoT],400013,Saturation 4G mobile coverage of Uncovered Villages through USOF,26316,30620,9791.8,78,20-06-2024,31-03-2026,27-07-2022
664,Telecommunication,Department of Telecommunications,National Communication Academy - Finance (Erstwhile NICF),709859,SETTING UP OF PHYSICAL INFRASTRUCTURE FOR THE NATIONAL INSTITUTE OF COMMUNICATION FINANCE [NICF] AT GHITORNI,248,0,236.91,98,17-02-2020,31-10-2025,09-10-2014
665,"Tourism, Hospitality & Wellness","Ministry of Ports, Shipping and Waterways",Indian Port Rail & Ropeway Corporation Ltd. [IPRCL],707215,National Maritime Heritage Complex [NMHC] Phase-I,573,1238.05,515.97,70,31-03-2024,30-09-2025,22-02-2019
666,Transmission & Distribution,Ministry of Power,Power Grid Corporation of India Limited [POWERGRID],615337,Additional Transmission System for evacuation of Power from Bhadla-III PS as part of Rajasthan REZ Phase III Scheme [20 GW] [SPV Name POWERGRID Bhadla-III Power Transmission Limited],369,0,113.89,30,27-02-2026,31-03-2026,28-08-2024
667,Transmission & Distribution,Ministry of Power,Power Grid Corporation of India Limited [POWERGRID],617181,"Augmentation at Fatehgarh-II PS, Fatehgarh-IV PS [Section-II] and Barmer-I PS [POWERGRID Fatehgarh Barmer Augmentation Transmission Limited]",404,0,16.16,1,20-12-2026,31-03-2027,21-03-2025
668,Transmission & Distribution,Ministry of Power,Power Grid Corporation of India Limited [POWERGRID],612856,Augmentation of 1x1500 MVA 3rd 765/400 kV transformation capacity at Kurnool New Substation,164,0,88.34,82,26-09-2025,31-01-2026,01-05-2023
669,Transmission & Distribution,Ministry of Power,Power Grid Corporation of India Limited [POWERGRID],617182,Augmentation of Banaskantha [Raghanesda] PS [GIS] [POWERGRID Banaskantha Transco Limited],172,0,17.27,18,23-03-2027,,24-03-2025
670,Transmission & Distribution,Ministry of Power,Power Grid Corporation of India Limited [POWERGRID],617802,Augmentation of Transformation Capacity and Implementation of Line Bays at Mandsaur S/S for RE Interconnection [SPV Name- POWERGRID Mandsaur I RE Transmission Limited],319,0,0.1,0,30-03-2028,,08-10-2025
671,Transmission & Distribution,Ministry of Power,Power Grid Corporation of India Limited [POWERGRID],617391,Augmentation of Transformation Capacity at Bhuj-II PS [GIS],488,0,0.22,0,23-11-2026,31-03-2027,24-02-2025
672,Transmission & Distribution,Ministry of Power,Power Grid Corporation of India Limited [POWERGRID],615342,Augmentation of Transformation Capacity at jam Khambhaliya PS [GIS] [SPV Name POWERGRID Jam Khambhaliya Transmission Limited],329,0,13.17,3,14-07-2026,,15-10-2024
673,Transmission & Distribution,Ministry of Power,Power Grid Corporation of India Limited [POWERGRID],617069,Augmentation of Transformation Capacity at KPS1 [GIS] and KPS2 [GIS] [Phase-V Part B1 and Part B2 Scheme] [SPV Name- POWERGRID KPS1 and 2 Augmentation Transmission Limited],466,0,23.99,1,17-02-2027,,18-02-2025
674,Transmission & Distribution,Ministry of Power,Power Grid Corporation of India Limited [POWERGRID],617068,"Augmentation of Transformation Capacity by 3x500 MVA, 400/220 KV ICTS [6th-8th] and 1x1500 MVA, 765/400 KV ICT [4th] at Bidar PS [SPV Name- POWERGRID Bidar Augmentation Transmission Limited]",288,0,7.41,1,30-06-2027,,18-02-2025
675,Transmission & Distribution,Ministry of Power,Power Grid Corporation of India Limited [POWERGRID],602223,Comprehensive Scheme for Strengthening of Transmission and Distribution [T&D] Systems [CSST&DS] in Arunachal Pradesh and Sikkim,4754,9129.32,7778.18,82,19-12-2018,31-03-2027,14-10-2014
676,Transmission & Distribution,Ministry of Power,Power Grid Corporation of India Limited [POWERGRID],617271,Eastern Region Expansion Scheme-43 [ERES-43],343,0,0.71,0,01-03-2026,30-06-2026,02-09-2024
677,Transmission & Distribution,Ministry of Power,Power Grid Corporation of India Limited [POWERGRID],617270,Eastern Region Expansion Scheme-44 [ERES-44],409,0,0.32,0,24-05-2026,30-06-2026,25-11-2024
678,Transmission & Distribution,Ministry of Power,Power Grid Corporation of India Limited [POWERGRID],617272,Implementation of LILO of both circuits of 400KV vindhyachal PS-Sasan D/C Line at Hindalco Switchyard,370,0,22.2,6,06-12-2026,,07-06-2024
679,Transmission & Distribution,Ministry of Power,Power Grid Corporation of India Limited [POWERGRID],617326,Implementation of Transmission Systems in the State of Jharkhand consisting of 400/220/132/33 kV transmission lines and substations under Jharkhand Consultancy Project,1842,0,1648.05,95,31-03-2026,,24-02-2012
680,Transmission & Distribution,Ministry of Power,Power Grid Corporation of India Limited [POWERGRID],617807,Inter-regional [NR-WR] Transmission System strengthening to relieve the loading of 765 kV Vindhyachal-Varanasi D/c line,2368,0,0.1,0,16-10-2027,,16-10-2025
681,Transmission & Distribution,Ministry of Power,Power Grid Corporation of India Limited [POWERGRID],617808,Inter-Regional Strengthening between SR Grid and WR Grid,1007,0,0.1,0,17-10-2027,,17-10-2025
682,Transmission & Distribution,Ministry of Power,Adani Transmission Limited,617405,Jamnagar Transmission Limited,4000,0,0,0,14-10-2026,,
683,Transmission & Distribution,Ministry of Power,Power Grid Corporation of India Limited [POWERGRID],617375,North Eastern Region Expansion Scheme-XXIII [NERES-XXIII],209,0,0.04,0,03-02-2028,,04-08-2025
684,Transmission & Distribution,Ministry of Power,Power Grid Corporation of India Limited [POWERGRID],607709,NORTH EASTERN REGION POWER SYSTEM IMPROVEMENT PROJECT [NERPSIP],5111,6700,5410.25,96,31-12-2018,31-03-2026,01-12-2014
685,Transmission & Distribution,Ministry of Power,Power Grid Corporation of India Limited [POWERGRID],615343,Provision of Dynamic Reactive Compensation at Khavda pooling Station 1 [KPS1] and Khavda Pooling station 3 [KPS3],501,0,8.11,2,06-11-2026,,07-11-2024
686,Transmission & Distribution,Ministry of Power,Power Grid Corporation of India Limited [POWERGRID],617801,Provision of ICT Augmentation & Bus Reactor at Bhuj-II PS,582,0,0.2,0,18-12-2026,31-03-2027,18-03-2025
687,Transmission & Distribution,Ministry of Power,Power Grid Corporation of India Limited [POWERGRID],617186,Rajasthan REZ Ph-V [Part-1- 4 GW] [Sirohi/Nagaur] Complex [Rajasthan V Power Transmission Limited],5028,0,319.73,5,23-03-2027,,24-03-2025
688,Transmission & Distribution,Ministry of Power,Power Grid Corporation of India Limited [POWERGRID],616672,System Strengthening at Koppal-II and GadagII for integration of RE generation projects [SPV Name POWERGRID Koppal Gadag Augmentation Transmission Limited],1354,0,44,1,01-06-2027,,16-01-2025
689,Transmission & Distribution,Ministry of Power,Power Grid Corporation of India Limited [POWERGRID],400005,Transmission Network Expansion in Gujarat to increase its ATC from ISTS Part B,4546,0,4318.95,94,12-06-2023,31-12-2025,13-01-2022
690,Transmission & Distribution,Ministry of Power,Power Grid Corporation of India Limited [POWERGRID],611657,Transmission scheme for evacuation of 4.5GW RE injection at Khavda PS under Phase II- Part C,2821,0,2783.19,95,31-03-2025,31-12-2025,21-03-2023
691,Transmission & Distribution,Ministry of Power,Power Grid Corporation of India Limited [POWERGRID],617179,Transmission Scheme for evacuation of Power from Ratle HEP [850 MW] & kiru [624 MW] Part B,219,0,2.61,0,14-07-2026,31-03-2027,15-07-2024
692,Transmission & Distribution,Ministry of Power,Power Grid Corporation of India Limited [POWERGRID],612132,Transmission Scheme for Evacuation of power from REZ in Rajasthan [20 GW] under Phase-III Part D [Sikar Khetri Transmission Ltd],2000,0,1528.4,72,08-08-2025,30-06-2026,09-02-2024
693,Transmission & Distribution,Ministry of Power,Power Grid Corporation of India Limited [POWERGRID],617184,Transmission Scheme for integration of Davanagere/ Chitradurga and Bellary REZ in Karnataka [POWERGRID Chitradurga Bellary REZ Transmission Limited],3453,0,62.15,1,20-09-2027,,21-03-2025
694,Transmission & Distribution,Ministry of Power,Power Grid Corporation of India Limited [POWERGRID],612140,Transmission Scheme for Integration of Renewable Energy Zone [Phase II] in Koppal II [Phase A&B] and gadag II[Phase A] in Karnataka [POWERGRID KOPPAL GADAG TRANSMISSION LIMITED],2889,0,1733.63,61,25-12-2025,30-06-2026,26-12-2023
695,Transmission & Distribution,Ministry of Power,Power Grid Corporation of India Limited [POWERGRID],611967,Transmission Scheme for Solar Energy Zone in Ananthpuram 2500MW and Kurnool 1000MW,1249,0,1023.92,90,30-09-2025,31-03-2026,27-09-2023
696,Transmission & Distribution,Ministry of Power,Power Grid Corporation of India Limited [POWERGRID],612138,"Transmission Scheme for Solar Energy Zone in Bidar [2500 MW], Karnataka [Bidar Transmission Ltd]",2148,0,1505.69,71,08-02-2026,30-06-2026,09-02-2024
697,Transmission & Distribution,Ministry of Power,Power Grid Corporation of India Limited [POWERGRID],612139,Transmission system for Evacuation of Additional 7 GW RE power from Khavda RE park under Phase-III Part B [Vataman Transmission Limited],3752,0,2025.98,32,25-12-2025,31-12-2026,26-12-2023
698,Transmission & Distribution,Ministry of Power,Power Grid Corporation of India Limited [POWERGRID],617279,Transmission System for evacuation of power from Mahan Energen Limited Generating Station in Madhya Pradesh [SPV Name - POWERGRID MEL Power Transmission Limited],558,0,33.48,1,04-12-2027,,04-06-2025
699,Transmission & Distribution,Ministry of Power,Power Grid Corporation of India Limited [POWERGRID],612855,Transmission System for Evacuation of Power from Potential Energy Renewable Zone in Khavda Area of Gujarat under Ph-IV [7GW] Part E2,679,0,142.59,30,30-05-2026,30-06-2026,30-05-2024
700,Transmission & Distribution,Ministry of Power,Power Grid Corporation of India Limited [POWERGRID],611966,Transmission System for Evacuation of power from Potential RE Zone in Khavda Area of Gujarat under phase IV 7GW-Part E4,224,0,89.66,44,09-07-2025,31-03-2026,01-11-2023
701,Transmission & Distribution,Ministry of Power,Power Grid Corporation of India Limited [POWERGRID],612151,Transmission System for Evacuation of Power from potential Renewable Energy zone in Khavda Area of Gujarat under Phase IV [7 GW] Part E3,334,0,207.08,78,31-07-2025,31-03-2026,01-07-2023
702,Transmission & Distribution,Ministry of Power,Power Grid Corporation of India Limited [POWERGRID],615345,Transmission System for Evacuation of Power from Potential Renewable Energy Zone in Khavda area of Gujarat under Phase-IV [7GW] Part B [SPV Name POWERGRID South Olpad Transmission Limited],4766,0,762.56,10,14-10-2026,31-03-2027,15-10-2024
703,Transmission & Distribution,Ministry of Power,Power Grid Corporation of India Limited [POWERGRID],615347,TRANSMISSION SYSTEM FOR EVACUATION OF POWER FROM POTENTIAL RENEWABLE ENERGY ZONE IN KHAVDA AREA OF GUJARAT UNDER PHASE-V [8 GW] PART A [SPV Name POWERGRID West Central Transmission Limited],24819,0,1985.98,3,18-05-2029,,19-11-2024
704,Transmission & Distribution,Ministry of Power,Power Grid Corporation of India Limited [POWERGRID],615338,TRANSMISSION SYSTEM FOR EVACUATION OF POWER FROM RAJASTHAN REZ PH -IV [PART-2 5.5 GW] [JAISALMER/BARMER COMPLEX] PART F [SPV Name POWERGRID BARMER I TRANSMISSION LIMITED],2735,0,533.05,17,06-11-2026,30-06-2027,07-11-2024
705,Transmission & Distribution,Ministry of Power,Power Grid Corporation of India Limited [POWERGRID],612134,Transmission System for Evacuation of power from Rajasthan REZ Ph-IV [Part-1] [Bikaner Complex] Part A [Bikaner Neemrana Transmission Ltd],2998,0,2098.83,60,26-12-2025,30-06-2026,27-12-2023
706,Transmission & Distribution,Ministry of Power,Power Grid Corporation of India Limited [POWERGRID],612133,Transmission System for Evacuation of power from Rajasthan REZ Ph-IV [Part-1] [Bikaner Complex] Part D [Neemrana Bareilly Transmission Ltd],2056,0,1603.68,64,26-12-2025,30-06-2026,27-12-2023
707,Transmission & Distribution,Ministry of Power,Power Grid Corporation of India Limited [POWERGRID],615344,Transmission System for Evacuation of Power from Rajasthan REZ Ph-IV [Part-2 5.5GW] [Jaisalmer/Barmer Complex] Part H1 [POWERGRID KURAWAR TRANSMISSION LIMITED],3674,0,808.28,18,14-10-2026,31-03-2027,15-10-2024
708,Transmission & Distribution,Ministry of Power,Power Grid Corporation of India Limited [POWERGRID],615346,Transmission System for Evacuation of Power from Rajasthan REZ Ph-IV [Part-2 5.5 GW] [Jaisalmer/Barmer Complex] Part C [SPV Name POWERGRID Mandsaur Transmission Limited],2708,0,1056.12,44,18-08-2026,31-12-2026,19-08-2024
709,Transmission & Distribution,Ministry of Power,Power Grid Corporation of India Limited [POWERGRID],615333,Transmission System for Evacuation of Power from Rajasthan REZ Ph-IV [Part-2 5.5 GW] [Jaisalmer/Barmer Complex] Part D [SPV Name POWERGRID Beawar Mandsaur Transmission Limited],2227,0,801.72,25,21-08-2026,,22-08-2024
710,Transmission & Distribution,Ministry of Power,Power Grid Corporation of India Limited [POWERGRID],615334,Transmission System for Evacuation of Power from Rajasthan REZ Ph-IV [Part-2 5.5 GW] [Jaisalmer/Barmer Complex] Part E [SPV Name POWERGRID Mewar Transmission Limited],3251,0,1137.85,28,18-08-2026,31-03-2027,19-08-2024
711,Transmission & Distribution,Ministry of Power,Power Grid Corporation of India Limited [POWERGRID],615332,Transmission System for Evacuation of Power from Rajasthan REZ Ph-IV [Part-2 5.5 GW][Jaisalmer/Barmer Complex] Part B [SPV Name POWERGRID Sirohi Transmission Limited],3279,0,1040.75,29,22-08-2026,31-12-2026,23-08-2024
712,Transmission & Distribution,Ministry of Power,Power Grid Corporation of India Limited [POWERGRID],615340,TRANSMISSION SYSTEM FOR EVACUATION OF POWER FROM RAJASTHAN REZ PH-IV [PART-3/ 6 GW] [BIKANER COMPLEX] PART B [SPV Name POWERGRID Siwani Transmission Limited],5357,0,666.56,17,11-11-2026,31-03-2027,12-11-2024
713,Transmission & Distribution,Ministry of Power,Power Grid Corporation of India Limited [POWERGRID],615339,Transmission system for evacuation of power from Rajasthan REZ Ph-IV [Part-3/6GW] [Bikaner complex] Part A [SPV Name POWERGRID Bikaner IV Transmission Limited],5969,0,698.04,11,11-11-2026,31-03-2027,12-11-2024
714,Transmission & Distribution,Ministry of Power,Power Grid Corporation of India Limited [POWERGRID],616670,Transmission System for evacuation of Power from Rajasthan REZ Ph-IV [Part-4 3.5 GW] Part A [SPV name POWERGRID Ghiror Transmission Limited],5846,0,566.68,11,30-12-2026,31-03-2027,30-12-2024
715,Transmission & Distribution,Ministry of Power,Power Grid Corporation of India Limited [POWERGRID],611950,Transmission system for evacuation of power from REZ in Rajasthan 20 GW under Phase-III part B1,2191,0,2000.84,96,30-04-2025,31-12-2025,27-09-2023
716,Transmission & Distribution,Ministry of Power,Power Grid Corporation of India Limited [POWERGRID],611949,Transmission system for evacuation of power from REZ in Rajasthan 20 GW under Phase-III part C1,1796,0,1580.49,92,30-04-2025,31-03-2026,26-10-2023
717,Transmission & Distribution,Ministry of Power,Power Grid Corporation of India Limited [POWERGRID],611948,Transmission system for evacuation of power from REZ in Rajasthan 20 GW under Phase-III part H,2211,0,1975.34,92,30-04-2025,31-01-2026,30-10-2023
718,Transmission & Distribution,Ministry of Power,Power Grid Corporation of India Limited [POWERGRID],611947,Transmission System for Evacuation of Power from REZ in Rajasthan 20GW under Phase III- Part E2,428,0,308.38,80,15-06-2025,31-03-2026,01-11-2023
719,Transmission & Distribution,Ministry of Power,Power Grid Corporation of India Limited [POWERGRID],611951,Transmission system for evacuation of power from REZ in Rajasthan 20GW under Phase-III Part E1,689,0,668,98,28-02-2025,31-12-2025,01-12-2021
720,Transmission & Distribution,Ministry of Power,Power Grid Corporation of India Limited [POWERGRID],611735,Transmission system for evacuation of power from REZ in Rajasthan 20GW under Phase-III Part J,331,0,139.02,37,31-03-2025,31-07-2026,01-12-2022
721,Transmission & Distribution,Ministry of Power,Sterlite Power,617806,Transmission System for Integration of Ananthapur 2 REZ Phase 1 for 4.5 GW. SPV Name Anantapuram 2 REZ Transmission Ltd,4536,0,208.88,26,30-03-2027,,23-08-2024
722,Transmission & Distribution,Ministry of Power,Power Grid Corporation of India Limited [POWERGRID],617185,Transmission System for Integration of Kurnool-IV REZ Phase-I [for 4.5 GW] [POWERGRID Kurnool-IV Transmission Limited],5550,0,333,1,23-03-2027,,24-03-2025
723,Transmission & Distribution,Ministry of Power,Power Grid Corporation of India Limited [POWERGRID],900808,Transmission System for Kurnool Wind Energy Zone/ Solar Energy Zone Part-A and Part-B,3547,0,3404.59,98,30-11-2024,31-01-2026,23-11-2022
724,Transmission & Distribution,Ministry of Power,Power Grid Corporation of India Limited [POWERGRID],617269,Transmission System for Strengthening to facilitate evacuation of power from Bhadla/Bikaner Complex,213,0,2.1,0,09-06-2026,31-08-2026,10-12-2024
725,Transmission & Distribution,Ministry of Power,Power Grid Corporation of India Limited [POWERGRID],617803,Transmission System Strengthening at Davanagere for Integration of RE Generation [SPV Name - POWERGRID Davanagere Power Transmission Limited],379,0,6.97,0,24-09-2027,,24-09-2025
726,Transmission & Distribution,Ministry of Power,Power Grid Corporation of India Limited [POWERGRID],617183,Transmission system strengthening at Kurnool- III PS for integration of additional RE generation projects [POWERGRID Kurnool III PS RE Transmission Limited],2886,0,141.7,7,31-12-2027,,27-03-2025
727,Transmission & Distribution,Ministry of Power,Power Grid Corporation of India Limited [POWERGRID],615335,Transmission System Strengthening for Interconnections of Bhadla-III & Bikaner III Complex [SPV Name POWERGRID BHADLA BIKANER TRANSMISSION LIMITED],1382,0,201.08,12,29-08-2026,31-12-2026,30-08-2024
728,Transmission & Distribution,Ministry of Power,Power Grid Corporation of India Limited [POWERGRID],611659,Transmission system strengthening scheme for evacuation of power from solar energy zones in Rajasthan[8.1 GW] under phase-II- Part E,1433,1433,1418.67,98,30-09-2024,31-12-2025,28-03-2023
729,Transmission & Distribution,Ministry of Power,Power Grid Corporation of India Limited [POWERGRID],616671,Transmission System under ISTS for evacuation of Power from Kudankulam Unit-3&4 [2x1000 MW] [SPV Name POWERGRID Kudankulam Tarnsmission Limited],548,0,65.46,11,31-12-2026,31-12-2026,10-01-2025
730,Urban Public Transport,Ministry of Housing & Urban Affairs,Uttar Pradesh metro rail corporation [UPMRC],702629,Agra Metro Rail Project,8380,0,6059.58,64,26-05-2024,30-06-2027,27-05-2019
731,Urban Public Transport,Ministry of Housing & Urban Affairs,Gujarat Metro Rail Corporation Limited [GMRCL],702639,Ahmedabad Metro Rail Project [Phase-I],10773,12924.5,12216.4,99,31-03-2018,31-01-2026,17-11-2014
732,Urban Public Transport,Ministry of Housing & Urban Affairs,Gujarat Metro Rail Corporation Limited [GMRCL],702631,"Ahmedabad Metro Rail Project, Phase-II",5384,0,4332.87,93,31-03-2024,31-12-2025,09-03-2019
733,Urban Public Transport,Ministry of Housing & Urban Affairs,Madhya Pradesh Metro Rail Co Limited [MPMRCL],702625,Bhopal Metro Rail Project,6941,0,3715.92,49,29-11-2022,30-06-2028,30-11-2018
734,Urban Public Transport,Ministry of Housing & Urban Affairs,Bengaluru Metro Rail,702665,Construction Bangalore Metro Rail Project Phase-2A & 2B,14788,14788.1,9048.22,59,30-06-2026,30-06-2026,07-06-2021
735,Urban Public Transport,Ministry of Housing & Urban Affairs,Bengaluru Metro Rail,702635,Construction of Bangalore Metro Rail Project Phase 2.,26405,30695.1,29668,95,22-03-2021,30-09-2026,21-02-2014
736,Urban Public Transport,Ministry of Housing & Urban Affairs,Delhi Metro Rail Corporation Limited [DMRC],617207,Delhi Metro Rail Phase-IV [2 Corridors],8400,0,55.92,0,27-03-2029,,28-03-2024
737,Urban Public Transport,Ministry of Housing & Urban Affairs,Delhi Metro Rail Corporation Limited [DMRC],617206,Delhi Metro Rail Phase-IV [Rithala - Kundli Corridor],6231,0,72.41,0,02-01-2029,,03-01-2025
738,Urban Public Transport,Ministry of Housing & Urban Affairs,National Capital Region Transport Corporation [NCRTC],702633,Delhi-Ghaziabad-Meerut Regional Rapid Transit System [RRTS] corridor,30274,30274,27060.7,96,30-06-2025,15-12-2025,07-03-2019
739,Urban Public Transport,Ministry of Housing & Urban Affairs,Delhi Metro Rail Corporation Limited [DMRC],702632,DMRTS Phase - IV [3 Priority Corridors],24949,0,18022.1,73,31-03-2025,31-03-2026,04-07-2019
740,Urban Public Transport,Ministry of Housing & Urban Affairs,Madhya Pradesh Metro Rail Co Limited [MPMRCL],702626,Indore Metro Rail Project,7501,0,4293.14,58,29-11-2022,31-12-2028,30-11-2018
741,Urban Public Transport,Ministry of Housing & Urban Affairs,ministry of housing and urban affairs,701991,Kalyan Station Precinct Imporvement Project,600,0,272.42,70,31-07-2023,,24-04-2018
742,Urban Public Transport,Ministry of Housing & Urban Affairs,Uttar Pradesh metro rail corporation [UPMRC],702628,Kanpur Metro Rail Project,11076,0,9084.56,76,26-05-2024,31-03-2027,27-05-2019
743,Urban Public Transport,Ministry of Housing & Urban Affairs,CSPCC Projects,702664,Kochi Metro Rail Phase 2 Development Project,1957,0,477.04,21,20-11-2026,20-11-2026,21-11-2022
744,Urban Public Transport,Ministry of Housing & Urban Affairs,Mumbai Metro Rail Corporation Limited [MMRC],702637,Mumbai Metro Line 3,23136,37276,32562.3,96,31-03-2023,31-08-2025,18-07-2013
745,Urban Public Transport,Ministry of Housing & Urban Affairs,Maharashtra Metro Rail Corporation Limited [MMRCL],702658,Nagpur Metro Rail Phase II Development Project,6708,0,1346.18,30,31-12-2027,,29-12-2022
746,Urban Public Transport,Ministry of Housing & Urban Affairs,ministry of housing and urban affairs,701745,New Suburba Station Development Project,263,0,17.62,6,31-07-2022,,26-04-2018
747,Urban Public Transport,Ministry of Housing & Urban Affairs,Patna Metro Rail Corporation Ltd. [PMRCL],702627,Patna Metro Rail Project,13366,13365.8,4670.21,48,26-02-2024,30-06-2027,27-02-2019
748,Urban Public Transport,Ministry of Housing & Urban Affairs,Maharashtra Metro Rail Corporation Limited [MMRCL],617225,PCMC To Nigdi- Extension Of North South Corridor Of Phase-1,910,0,167.3,28,31-01-2027,,23-10-2023
749,Urban Public Transport,Ministry of Housing & Urban Affairs,Maharashtra Metro Rail Corporation Limited [MMRCL],617226,Pune Metro Phase-1 Extension line towards south from Swargate to Katraj,2955,0,23.12,4,04-03-2029,,04-09-2024
750,Urban Public Transport,Ministry of Housing & Urban Affairs,Maharashtra Metro Rail Corporation Limited [MMRCL],618971,Pune Metro Rail Project Phase-2 Corridor 2A Vanaz to Chandani Chowk and Corridor 2B Ramwadi to Wagholi/Vitthalwadi,3626,0,0.41,0,31-07-2029,,16-07-2025
751,Urban Public Transport,Ministry of Housing & Urban Affairs,Gujarat Metro Rail Corporation Limited [GMRCL],702630,Surat Metro Rail Project,12020,0,8040.59,73,31-03-2024,30-06-2026,09-03-2019
752,Urban Public Transport,Ministry of Housing & Urban Affairs,Maharashtra Metro Rail Corporation Limited [MMRCL],617327,Thane Integral Ring Metro Rail Project,12200,0,8.7,4,30-09-2029,,04-09-2024
753,Waste & Water,"Department of Water Resources, River Development & GR",National Mission for Clean Ganga,616594,Interception & Diversion with Rehabilitation of sewerage scheme at Agra under Hybrid annuity based PPP model-Namami Gange Programme,842,0,208.64,77,30-04-2025,31-12-2025,06-05-2020
754,Waste & Water,"Department of Water Resources, River Development & GR",National Mission for Clean Ganga,616600,Interception and Diversion and STP works in Bhagalpur under Hybrid annuity based PPP mode-Namami Gange Programme,413,0,126.67,97,06-02-2025,31-12-2025,12-10-2017
755,Waste & Water,"Department of Water Resources, River Development & GR",National Mission for Clean Ganga,616604,Pollution Abatement works for River Ganga at Hooghly Chinsurah- Municipal Town Interception & Diversion with STP,155,0,96.17,92,30-03-2025,31-12-2025,10-05-2018
756,Waste & Water,"Department of Water Resources, River Development & GR",National Mission for Clean Ganga,616605,Pollution Abatement Works for River Kali Meerut under Meerut Municipality Interception & Diversion with STP,691,0,34.79,38,31-12-2024,11-05-2027,06-05-2020
757,Waste & Water,"Department of Water Resources, River Development & GR",National Mission for Clean Ganga,616611,Sewage Treatment Plant 100MLD and Sewerage Network 288 km in Digha-Patna under Hybrid annuity based PPP mode-Namami Gange Programme,824,0,396.71,56,30-12-2025,,11-08-2017
758,Waste & Water,"Department of Water Resources, River Development & GR",National Mission for Clean Ganga,616612,Sewage Treatment Plant 50MLD and Sewerage Network 150 km in Kankarbagh-Patna under Hybrid annuity based PPP mode-Namami Gange Programme,579,0,171.79,54,30-12-2025,,11-08-2017
759,Waste & Water,"Department of Water Resources, River Development & GR",National Mission for Clean Ganga,616615,"Sewer Network, SPS and STP at Begusarai",230,0,261.82,97,30-04-2025,31-12-2025,08-03-2010
760,Waste & Water,"Department of Water Resources, River Development & GR",National Mission for Clean Ganga,616616,"Sewer Networks, SPS and STP at Hajipur",305,0,346.46,95,30-06-2025,31-12-2025,08-03-2010
761,Waste & Water,Ministry of Housing & Urban Affairs,Ministry of Housing & Urban Affairs,702764,24/7 water supply under AMRUT for Davanagere,175,0,93.18,65,31-03-2023,31-12-2025,18-11-2016
762,Waste & Water,Ministry of Housing & Urban Affairs,Ministry of Housing & Urban Affairs,702746,Augmentation and Strenghthning of Urban Water Supply Phase 1 - SAAP 3,278,0,186.5,79,31-03-2023,31-03-2026,02-02-2017
763,Waste & Water,Ministry of Housing & Urban Affairs,Ministry of Housing & Urban Affairs,702760,Belgavi Improvement in Sewerage System Project,163,0,85.71,80,31-07-2023,31-12-2025,15-12-2015
764,Waste & Water,Ministry of Housing & Urban Affairs,Ministry of Housing & Urban Affairs,702741,Dhanbad Water Supply Infrastructure Project,217,0,129.16,74,31-03-2023,30-03-2026,02-02-2017
765,Waste & Water,Ministry of Housing & Urban Affairs,Ministry of Housing & Urban Affairs,702674,"ESR - 8 nos., distribution system - 216 Km, new house service connections - 38760 nos. upgrading of feeder mains, pumping station etc. - Phase II",172,0,88.86,82,31-03-2023,31-01-2026,02-02-2017
766,Waste & Water,Ministry of Housing & Urban Affairs,Ministry of Housing & Urban Affairs,702793,Indore Water Supply Infrastructure Project,287,0,252.5,99,31-03-2023,31-12-2025,21-12-2016
767,Waste & Water,Ministry of Housing & Urban Affairs,Ministry of Housing & Urban Affairs,702798,Jabalpur Sewerage Management and Treatment Infrastructure Project,362,0,322.31,93,31-03-2023,31-12-2025,18-10-2018
768,Waste & Water,Ministry of Housing & Urban Affairs,Ministry of Housing & Urban Affairs,703021,Jalandhar Water Supply Infrastructure Project,259,0,161.02,58,28-08-2023,30-03-2026,18-11-2016
769,Waste & Water,Ministry of Housing & Urban Affairs,Ministry of Housing & Urban Affairs,702948,Jaunpur Sewerage Management Infrastructure Project,236,0,205.84,87,30-06-2023,31-12-2025,15-03-2017
770,Waste & Water,Ministry of Housing & Urban Affairs,Ministry of Housing & Urban Affairs,702949,Jhansi Water Supply Infrastructure Phase-II Project,562,0,485.91,93,31-07-2023,31-12-2025,15-03-2017
771,Waste & Water,Ministry of Housing & Urban Affairs,Ministry of Housing & Urban Affairs,702833,Kalyan-Dombivali Water Supply Infrastructure Project,194,0,130.6,70,31-10-2023,31-12-2025,08-07-2016
772,Waste & Water,Ministry of Housing & Urban Affairs,Ministry of Housing & Urban Affairs,702840,Mira-Bhayandar Water Supply Infrastructure Project,205,0,186.13,99,31-03-2023,31-12-2025,18-11-2016
773,Waste & Water,Ministry of Housing & Urban Affairs,Ministry of Housing & Urban Affairs,702699,Muzaffarpur Storm Water Drainage Phase-I Project,159,0,60.5,83,31-10-2023,31-01-2026,18-11-2016
774,Waste & Water,Ministry of Housing & Urban Affairs,Ministry of Housing & Urban Affairs,702842,Nagpur Water Supply Infrastructure Project,274,0,266.11,99,31-03-2023,31-12-2025,10-12-2015
775,Waste & Water,Ministry of Housing & Urban Affairs,Ministry of Housing & Urban Affairs,703057,Patiala Water Supply Infrastructure Part-2 Project,287,0,213.64,99,31-10-2023,30-12-2025,18-11-2016
776,Waste & Water,Ministry of Housing & Urban Affairs,Ministry of Housing & Urban Affairs,702851,Pune Water Supply Infrastructure Project,236,0,184.98,92,31-03-2023,31-10-2025,15-03-2017
777,Waste & Water,Ministry of Housing & Urban Affairs,Ministry of Housing & Urban Affairs,702742,SAAP-3 Water Supply Infrastructure SAAP-3 Project,159,0,87.5,66,31-10-2023,30-03-2026,02-02-2017
778,Waste & Water,Ministry of Housing & Urban Affairs,Ministry of Housing & Urban Affairs,702808,Satna Sewerage Management and Treatment Infrastructure Project,192,215.89,191.79,86,31-03-2024,31-12-2025,13-11-2015
779,Waste & Water,Ministry of Housing & Urban Affairs,Ministry of Housing & Urban Affairs,702734,Sewerage Management Scheme Part-3 Implementation,278,0,218.89,88,30-09-2023,30-03-2026,15-03-2017
780,Waste & Water,Ministry of Housing & Urban Affairs,Ministry of Housing & Urban Affairs,702735,Sewerage Management Scheme Part-3 Implementation,213,0,168.14,91,31-03-2023,31-01-2026,15-03-2017
781,Waste & Water,Ministry of Housing & Urban Affairs,Ministry of Housing & Urban Affairs,702810,Singrauli Sewerage Management and Treatment Infrastructure Project,402,0,357.68,90,31-03-2023,31-12-2025,26-05-2016
782,Waste & Water,Ministry of Housing & Urban Affairs,Ministry of Housing & Urban Affairs,702854,Solapur Sewerage Management Infrastructure Project,180,0,155.01,91,31-03-2023,31-12-2025,15-03-2017
783,Waste & Water,Ministry of Housing & Urban Affairs,ministry of housing and urban affairs,702355,Storm water drainag Development Project,210,0,0,20,20-03-2024,,18-08-2020
784,Waste & Water,Ministry of Housing & Urban Affairs,ministry of housing and urban affairs,707267,Upgradation of Sewerage system in Gandhinagar City,200,0,100,10,30-06-2023,,22-07-2020
785,Water Resources,"Department of Water Resources, River Development & GR",Department of water resources-MH - II,701391,Aruna Medium Irrigation Project,210,1472.14,1705.83,97,31-12-2019,31-12-2025,01-04-2009
786,Water Resources,"Department of Water Resources, River Development & GR",Water Resources-MP,400116,Bargi Diversion Project Phase - III [km. 104 to km 154],1229,1399.7,1937.25,80,31-12-2019,31-03-2026,01-04-2007
787,Water Resources,"Department of Water Resources, River Development & GR",Water Resources-MP,400115,Bargi Diversion Project Phase - IV [km. 154 to km 197],751,893.35,783.1,75,31-12-2019,31-03-2026,01-04-2008
788,Water Resources,"Department of Water Resources, River Development & GR",Department of Water Resources-MH,617422,Bodwad Parisar Sinchan Yojna,1924,0,1770.13,49,31-07-2027,,10-05-2002
789,Water Resources,"Department of Water Resources, River Development & GR","Department of Water Resources, River Development & GR",701370,Borolia Irrigation Project,256,0,44.7,55,31-12-2022,31-03-2026,01-04-1996
790,Water Resources,"Department of Water Resources, River Development & GR",Department of water resources-MH - II,400095,Gosikhurd CADWM Project,744,0,365.86,52,31-12-2019,30-06-2026,01-04-2017
791,Water Resources,"Department of Water Resources, River Development & GR",Department of water resources-MH - II,701386,Gosikhurd Project,7196,12770.1,13837.8,72,31-12-2019,30-06-2028,01-04-2008
792,Water Resources,"Department of Water Resources, River Development & GR",Water Resources-AP,400101,Gundlakamma project,397,697.39,619.09,98,31-12-2019,31-03-2027,01-04-2005
793,Water Resources,"Department of Water Resources, River Development & GR",Irrigation and CAD-TG,400103,Indiramma Flood Flow Canal Project,1331,5940.09,4491.08,92,31-12-2019,31-12-2026,01-04-2005
794,Water Resources,"Department of Water Resources, River Development & GR",Water Resources-OR,603945,Integrated Anandpur Barrage Project,567,2990.05,2715.12,62,31-12-2019,30-06-2026,01-04-1997
795,Water Resources,"Department of Water Resources, River Development & GR",Irrigation and CAD-TG,701405,J. Chokka Rao Devadula Lift Irrigation Scheme,8201,14730,4664.8,87,31-12-2019,31-12-2025,01-04-2006
796,Water Resources,"Department of Water Resources, River Development & GR",Irrigation-UK,613787,Jamrani Dam Multipurpose Project,2584,0,968.52,16,28-06-2029,,31-10-2023
797,Water Resources,"Department of Water Resources, River Development & GR",Department of water resources-MH - II,400112,Jigaon Irrigation Project,7223,0,9035.2,90,30-06-2028,,01-04-2017
798,Water Resources,"Department of Water Resources, River Development & GR",Irrigation and CAD-TG,701404,Kanupur Irrigation Project,989,2301.28,2712.75,79,31-12-2019,30-06-2026,01-04-2003
799,Water Resources,"Department of Water Resources, River Development & GR",Water Resources-CT,400111,Kelo Irrigation Project,460,727.04,616.93,72,31-12-2019,30-06-2026,01-04-2008
800,Water Resources,"Department of Water Resources, River Development & GR","Department of Water Resources, River Development & GR",701399,Kudali Irrigation Project,382,0,239.03,86,31-12-2025,,01-04-2009
801,Water Resources,"Department of Water Resources, River Development & GR",Department of water resources-MH - II,701396,Lower Pedhi Project,256,1480.7,1324.98,65,31-12-2019,30-06-2026,01-04-2008
802,Water Resources,"Department of Water Resources, River Development & GR",Irrigation & Water Resources-UP,701408,Madhya Ganga canal Phase-II,1061,4417.21,4552.44,82,31-12-2019,31-12-2025,01-04-2008
803,Water Resources,"Department of Water Resources, River Development & GR","Department of Water Resources, River Development & GR",701395,Morna [Gureghar] Irrigation Project,220,0,115.2,31,31-12-2025,,01-04-2007
804,Water Resources,"Department of Water Resources, River Development & GR",Department of water resources-MH - II,701398,Nardave Medium Irrigation Project,211,781.85,623.5,72,31-12-2019,30-06-2026,01-04-2009
805,Water Resources,"Department of Water Resources, River Development & GR","Department of Water Resources, River Development & GR",701412,North Koel Reservoir Project,1622,2430.76,151.04,32,31-03-2021,31-03-2026,01-08-2017
806,Water Resources,"Department of Water Resources, River Development & GR",Water resource-mp,400096,Omkareshwar CADWM Project,648,648.09,203.06,49,31-12-2019,31-03-2026,01-04-2017
807,Water Resources,"Department of Water Resources, River Development & GR",Water Resources-AP,701415,Polavaram Irrigation Project,10151,55548.9,25291.6,84,30-04-2022,31-03-2026,20-01-2009
808,Water Resources,"Department of Water Resources, River Development & GR",Water Resources-BR,400104,Punpun Barrage Project,571,658.12,447.68,44,31-12-2019,31-03-2026,01-04-2007
809,Water Resources,"Department of Water Resources, River Development & GR",Department of water resources-MH - II,400109,Purna Barrage-2 [Ner Dhamana] Medium Irrigation Project,848,888.43,690.49,69,30-06-2020,30-06-2026,01-04-2017
810,Water Resources,"Department of Water Resources, River Development & GR",Irrigation and CAD-TG,701406,Rajiv Bhima Lift Irrigation Scheme,1402,2509.66,1839.76,100,31-12-2019,31-03-2026,01-04-2007
811,Water Resources,"Department of Water Resources, River Development & GR",Department of Water Resources-PB,701410,Relining of Rajasthan feeder and Sirhind Feeder canal,1441,2462.16,3012.69,80,30-06-2021,30-06-2026,03-02-2016
812,Water Resources,"Department of Water Resources, River Development & GR",Water Resources-AP,400100,Sardar Gouthu Latchanna Thotapalli Barrage Project,353,1023.24,869.11,95,31-12-2019,30-06-2026,01-04-2005
813,Water Resources,"Department of Water Resources, River Development & GR","Narmada and Water Resources, Water Supply and Kalpsar Department-GJ",400097,Sardar Sarovar CADWM Project,5022,6670.31,4957.08,90,31-12-2019,31-03-2026,01-04-2017
814,Water Resources,"Department of Water Resources, River Development & GR","Narmada and Water Resources, Water Supply and Kalpsar Department-GJ",701372,Sardar Sarovar Project,20718,33412.5,31860.9,93,31-12-2019,31-03-2026,01-04-1996
815,Water Resources,"Department of Water Resources, River Development & GR",Irrigation & Water Resources-UP,400093,Saryu Nahar CADWM Project,1673,0,22.24,1,31-12-2019,31-03-2026,01-04-2017
816,Water Resources,"Department of Water Resources, River Development & GR",Department of Water Resources-PB,701411,Shahpur Kandi Dam Project,2286,2715.7,2169.72,88,30-06-2022,31-10-2025,08-02-2010
817,Water Resources,"Department of Water Resources, River Development & GR",Irrigation and CAD-TG,400102,Sri Ram Sagar Project Stage - II,736,949.87,940.7,96,31-12-2019,31-03-2026,01-04-2005
818,Water Resources,"Department of Water Resources, River Development & GR",Department of Water Resources-JH,701376,"Subernarekha Multipurpose Project, Jharkhand",3808,9579.58,5790.29,70,31-12-2019,31-03-2026,01-04-2011
819,Water Resources,"Department of Water Resources, River Development & GR",Department of water resources-MH - II,400107,Sulwade-Jamphal-Kanoli Lift Irrigation Scheme,2408,0,2579.27,80,30-06-2023,30-06-2027,01-04-2017
820,Water Resources,"Department of Water Resources, River Development & GR",Water Resources Department-MN,701400,Thoubal Multipurpose Project,1449,1822.24,1837.91,98,31-12-2019,31-03-2026,01-04-1997
821,Water Resources,"Department of Water Resources, River Development & GR",Water Resources-KA,701377,Upper Tunga Irrigation Project,770,1606.07,1515.32,99,31-12-2019,31-03-2026,01-04-2014
822,Water Resources,"Department of Water Resources, River Development & GR",Department of water resources-MH - II,400105,Urmodi Irrigation Project,581,895.81,713.46,76,30-06-2022,31-12-2026,01-04-2017
823,Water Resources,"Department of Water Resources, River Development & GR",Department of water resources-MH - II,701383,Waghur Project,1059,1758.51,1557.64,89,31-12-2019,31-03-2026,01-04-1996
